<?xml version="1.0"?>
<VTKFile type="UnstructuredGrid" version="0.1" byte_order="LittleEndian">
  <UnstructuredGrid>
    <Piece NumberOfPoints="3348" NumberOfCells="6534">
      <Points>
        <DataArray type="Float64" NumberOfComponents="3" format="ascii">
          0.891007 0.453990 0.0
          0.872496 0.488621 0.0
          0.852640 0.522498 0.0
          0.908143 0.418659 0.0
          0.923880 0.382683 0.0
          0.852340 0.455434 0.0
          0.869566 0.421613 0.0
          0.938192 0.346116 0.0
          0.951057 0.309017 0.0
          0.831470 0.555570 0.0
          0.809017 0.587785 0.0
          0.833803 0.488550 0.0
          0.813985 0.520905 0.0
          0.962456 0.271439 0.0
          0.972372 0.233438 0.0
          0.980788 0.195076 0.0
          0.987691 0.156417 0.0
          0.885451 0.387149 0.0
          0.899965 0.352095 0.0
          0.814731 0.455959 0.0
          0.832001 0.423610 0.0
          0.847993 0.390612 0.0
          0.913088 0.316490 0.0
          0.924802 0.280386 0.0
          0.993070 0.117521 0.0
          0.996918 0.078448 0.0
          0.999229 0.039256 0.0
          1.000000 0.000000 0.0
          0.785317 0.619094 0.0
          0.760406 0.649448 0.0
          0.792915 0.552457 0.0
          0.770622 0.583161 0.0
          0.796213 0.487596 0.0
          0.776472 0.518477 0.0
          0.935096 0.243846 0.0
          0.943954 0.206940 0.0
          0.951361 0.169728 0.0
          0.957300 0.132258 0.0
          0.862677 0.357027 0.0
          0.876025 0.322895 0.0
          0.778067 0.455530 0.0
          0.795335 0.424622 0.0
          0.811384 0.393057 0.0
          0.826189 0.360903 0.0
          0.888018 0.288248 0.0
          0.898642 0.253138 0.0
          0.999229 -0.039256 0.0
          0.996918 -0.078448 0.0
          0.961758 0.094571 0.0
          0.964729 0.056722 0.0
          0.966222 0.018780 0.0
          0.966187 -0.019180 0.0
          0.747136 0.612969 0.0
          0.734323 0.678801 0.0
          0.722489 0.641833 0.0
          0.707107 0.707107 0.0
          0.755532 0.548561 0.0
          0.733418 0.577806 0.0
          0.759603 0.485730 0.0
          0.739965 0.515180 0.0
          0.742242 0.454132 0.0
          0.993070 -0.117521 0.0
          0.987691 -0.156417 0.0
          0.907888 0.217643 0.0
          0.915742 0.181836 0.0
          0.922190 0.145765 0.0
          0.927214 0.109460 0.0
          0.839722 0.328210 0.0
          0.851958 0.295005 0.0
          0.759475 0.424631 0.0
          0.775538 0.394474 0.0
          0.790412 0.363718 0.0
          0.804078 0.332426 0.0
          0.862876 0.261319 0.0
          0.872464 0.227212 0.0
          0.964715 -0.057105 0.0
          0.961743 -0.094933 0.0
          0.930800 0.072956 0.0
          0.932944 0.036317 0.0
          0.933647 -0.000378 0.0
          0.932924 -0.037056 0.0
          0.710161 0.606165 0.0
          0.696721 0.669711 0.0
          0.685796 0.633593 0.0
          0.678801 0.734323 0.0
          0.669872 0.696558 0.0
          0.649448 0.760406 0.0
          0.719174 0.543845 0.0
          0.697261 0.571681 0.0
          0.723857 0.482934 0.0
          0.704344 0.511001 0.0
          0.724335 0.423633 0.0
          0.707162 0.451764 0.0
          0.980788 -0.195076 0.0
          0.972372 -0.233438 0.0
          0.957292 -0.132614 0.0
          0.951378 -0.170087 0.0
          0.962456 -0.271439 0.0
          0.951057 -0.309017 0.0
          0.880713 0.192770 0.0
          0.887613 0.158062 0.0
          0.893152 0.123120 0.0
          0.897310 0.087963 0.0
          0.816512 0.300634 0.0
          0.827686 0.268361 0.0
          0.740380 0.394853 0.0
          0.755281 0.365473 0.0
          0.769026 0.335549 0.0
          0.781601 0.305134 0.0
          0.837579 0.235644 0.0
          0.846179 0.202554 0.0
          0.930798 -0.073668 0.0
          0.927167 -0.110141 0.0
          0.900074 0.052633 0.0
          0.901443 0.017202 0.0
          0.901428 -0.018243 0.0
          0.900043 -0.053637 0.0
          0.674259 0.598641 0.0
          0.660363 0.660048 0.0
          0.650202 0.624677 0.0
          0.641990 0.722333 0.0
          0.633906 0.685486 0.0
          0.619094 0.785317 0.0
          0.613121 0.746992 0.0
          0.587785 0.809017 0.0
          0.683731 0.538292 0.0
          0.662049 0.564760 0.0
          0.688884 0.479207 0.0
          0.669528 0.505926 0.0
          0.705848 0.394197 0.0
          0.689849 0.421631 0.0
          0.672765 0.448424 0.0
          0.938192 -0.346116 0.0
          0.923880 -0.382683 0.0
          0.943991 -0.207292 0.0
          0.935139 -0.244179 0.0
          0.922202 -0.146456 0.0
          0.915785 -0.182525 0.0
          0.924833 -0.280697 0.0
          0.913088 -0.316790 0.0
          0.853478 0.169175 0.0
          0.859472 0.135562 0.0
          0.864151 0.101739 0.0
          0.867497 0.067724 0.0
          0.792984 0.274252 0.0
          0.803146 0.242916 0.0
          0.720744 0.366162 0.0
          0.734526 0.337583 0.0
          0.747186 0.308513 0.0
          0.758715 0.278990 0.0
          0.812063 0.211178 0.0
          0.819721 0.179120 0.0
          0.897278 -0.088935 0.0
          0.893145 -0.124095 0.0
          0.869492 0.033569 0.0
          0.870142 -0.000643 0.0
          0.869463 -0.034832 0.0
          0.867462 -0.068944 0.0
          0.639328 0.590354 0.0
          0.625130 0.649751 0.0
          0.615606 0.615037 0.0
          0.606473 0.709868 0.0
          0.599092 0.673824 0.0
          0.583311 0.770498 0.0
          0.578113 0.733151 0.0
          0.555570 0.831470 0.0
          0.552604 0.792811 0.0
          0.522498 0.852640 0.0
          0.649123 0.531876 0.0
          0.627699 0.557006 0.0
          0.654624 0.474542 0.0
          0.635456 0.499946 0.0
          0.686794 0.365804 0.0
          0.671933 0.392519 0.0
          0.656006 0.418636 0.0
          0.639040 0.444127 0.0
          0.899931 -0.352399 0.0
          0.908143 -0.418659 0.0
          0.885393 -0.387461 0.0
          0.891007 -0.453990 0.0
          0.907947 -0.218303 0.0
          0.898703 -0.253750 0.0
          0.887679 -0.159062 0.0
          0.880720 -0.193729 0.0
          0.888039 -0.288822 0.0
          0.875988 -0.323466 0.0
          0.826117 0.146812 0.0
          0.831253 0.114294 0.0
          0.835122 0.081587 0.0
          0.837707 0.048719 0.0
          0.769093 0.249025 0.0
          0.778289 0.218638 0.0
          0.700576 0.338539 0.0
          0.713277 0.310788 0.0
          0.724896 0.282596 0.0
          0.735424 0.253975 0.0
          0.786278 0.187891 0.0
          0.793045 0.156873 0.0
          0.864134 -0.102948 0.0
          0.859478 -0.136799 0.0
          0.838990 0.015751 0.0
          0.838977 -0.017232 0.0
          0.837684 -0.050164 0.0
          0.835115 -0.083007 0.0
          0.667259 0.338459 0.0
          0.605289 0.581274 0.0
          0.590927 0.638771 0.0
          0.581934 0.604643 0.0
          0.572140 0.696855 0.0
          0.565342 0.661517 0.0
          0.548869 0.755296 0.0
          0.544316 0.718801 0.0
          0.521041 0.813896 0.0
          0.518776 0.776267 0.0
          0.488621 0.872496 0.0
          0.488675 0.833725 0.0
          0.453990 0.891007 0.0
          0.615294 0.524583 0.0
          0.594165 0.548409 0.0
          0.621069 0.468957 0.0
          0.602134 0.493073 0.0
          0.653507 0.364443 0.0
          0.638706 0.389866 0.0
          0.606063 0.438921 0.0
          0.622877 0.414695 0.0
          0.862587 -0.357617 0.0
          0.869503 -0.421919 0.0
          0.847873 -0.391207 0.0
          0.872496 -0.488621 0.0
          0.852287 -0.455722 0.0
          0.852640 -0.522498 0.0
          0.872524 -0.228119 0.0
          0.862913 -0.262150 0.0
          0.853484 -0.170420 0.0
          0.846187 -0.203751 0.0
          0.851932 -0.295801 0.0
          0.839630 -0.329026 0.0
          0.798589 0.125646 0.0
          0.802918 0.094234 0.0
          0.806030 0.062656 0.0
          0.807904 0.030951 0.0
          0.744841 0.224930 0.0
          0.753119 0.195497 0.0
          0.679961 0.311991 0.0
          0.691618 0.285113 0.0
          0.702242 0.257826 0.0
          0.711821 0.230104 0.0
          0.760230 0.165754 0.0
          0.766157 0.135792 0.0
          0.831255 -0.115734 0.0
          0.826097 -0.148289 0.0
          0.808527 -0.000815 0.0
          0.807903 -0.032567 0.0
          0.806045 -0.064253 0.0
          0.802948 -0.095850 0.0
          0.634730 0.337397 0.0
          0.647397 0.312155 0.0
          0.572106 0.571388 0.0
          0.557685 0.627073 0.0
          0.549165 0.593475 0.0
          0.538901 0.683231 0.0
          0.532593 0.648520 0.0
          0.515657 0.739627 0.0
          0.511640 0.703877 0.0
          0.487880 0.796039 0.0
          0.486197 0.759308 0.0
          0.455557 0.852272 0.0
          0.456231 0.814586 0.0
          0.418659 0.908143 0.0
          0.421741 0.869509 0.0
          0.382683 0.923880 0.0
          0.582265 0.516422 0.0
          0.561490 0.538971 0.0
          0.588325 0.462484 0.0
          0.569705 0.485304 0.0
          0.621021 0.362102 0.0
          0.606289 0.386230 0.0
          0.574071 0.432784 0.0
          0.590609 0.409816 0.0
          0.826034 -0.361746 0.0
          0.831878 -0.424182 0.0
          0.811194 -0.393895 0.0
          0.833767 -0.488821 0.0
          0.814626 -0.456497 0.0
          0.831470 -0.555570 0.0
          0.813960 -0.521168 0.0
          0.837632 -0.236763 0.0
          0.827610 -0.269375 0.0
          0.819662 -0.180596 0.0
          0.811985 -0.212586 0.0
          0.816433 -0.301646 0.0
          0.803920 -0.333467 0.0
          0.770906 0.105658 0.0
          0.774488 0.075359 0.0
          0.776897 0.044921 0.0
          0.778111 0.014397 0.0
          0.720329 0.201958 0.0
          0.727752 0.173462 0.0
          0.659064 0.286568 0.0
          0.669705 0.260660 0.0
          0.688081 0.207419 0.0
          0.679412 0.234278 0.0
          0.734041 0.144739 0.0
          0.739166 0.115870 0.0
          0.798592 -0.127323 0.0
          0.792975 -0.158601 0.0
          0.778119 -0.016150 0.0
          0.776928 -0.046664 0.0
          0.774544 -0.077123 0.0
          0.770959 -0.107510 0.0
          0.603122 0.335401 0.0
          0.615765 0.311431 0.0
          0.627388 0.286865 0.0
          0.539840 0.560678 0.0
          0.525389 0.614621 0.0
          0.517351 0.581496 0.0
          0.506695 0.668948 0.0
          0.500819 0.634793 0.0
          0.483587 0.723430 0.0
          0.480020 0.688334 0.0
          0.455982 0.777819 0.0
          0.454779 0.741870 0.0
          0.423882 0.831883 0.0
          0.425063 0.795137 0.0
          0.387273 0.885407 0.0
          0.390881 0.847901 0.0
          0.346116 0.938192 0.0
          0.352209 0.899938 0.0
          0.309017 0.951057 0.0
          0.550209 0.507366 0.0
          0.529842 0.528657 0.0
          0.556686 0.455041 0.0
          0.538424 0.476589 0.0
          0.589445 0.358822 0.0
          0.574816 0.381675 0.0
          0.543317 0.425759 0.0
          0.559463 0.404043 0.0
          0.809017 -0.587785 0.0
          0.790172 -0.364778 0.0
          0.795143 -0.425421 0.0
          0.775263 -0.395518 0.0
          0.796128 -0.488108 0.0
          0.777891 -0.456285 0.0
          0.792885 -0.552714 0.0
          0.776394 -0.518971 0.0
          0.803056 -0.244218 0.0
          0.792888 -0.275486 0.0
          0.786134 -0.189600 0.0
          0.778116 -0.220257 0.0
          0.781509 -0.306388 0.0
          0.768749 -0.336786 0.0
          0.743169 0.086837 0.0
          0.746066 0.057628 0.0
          0.747827 0.028323 0.0
          0.748422 -0.001004 0.0
          0.695730 0.180087 0.0
          0.702408 0.152472 0.0
          0.638162 0.262515 0.0
          0.647586 0.237596 0.0
          0.664148 0.186019 0.0
          0.656893 0.212006 0.0
          0.707896 0.124837 0.0
          0.712233 0.097159 0.0
          0.766151 -0.137757 0.0
          0.760126 -0.167766 0.0
          0.746149 -0.059568 0.0
          0.747858 -0.030310 0.0
          0.739266 -0.118067 0.0
          0.743312 -0.088829 0.0
          0.572423 0.332274 0.0
          0.585275 0.310264 0.0
          0.596776 0.286436 0.0
          0.607433 0.263356 0.0
          0.508622 0.549125 0.0
          0.494067 0.601388 0.0
          0.486592 0.568721 0.0
          0.475489 0.653973 0.0
          0.470041 0.620333 0.0
          0.452597 0.706663 0.0
          0.449428 0.672148 0.0
          0.425266 0.759173 0.0
          0.424470 0.723911 0.0
          0.393494 0.811235 0.0
          0.395101 0.775309 0.0
          0.357282 0.862612 0.0
          0.361326 0.826082 0.0
          0.316606 0.913078 0.0
          0.323137 0.875986 0.0
          0.271439 0.962456 0.0
          0.280516 0.924806 0.0
          0.233438 0.972372 0.0
          0.519312 0.497423 0.0
          0.499362 0.517517 0.0
          0.526253 0.446753 0.0
          0.508327 0.467076 0.0
          0.558941 0.355142 0.0
          0.544173 0.375819 0.0
          0.513628 0.417539 0.0
          0.529803 0.398244 0.0
          0.785317 -0.619094 0.0
          0.770570 -0.583408 0.0
          0.760406 -0.649448 0.0
          0.754963 -0.366736 0.0
          0.759197 -0.425628 0.0
          0.740012 -0.396083 0.0
          0.759446 -0.486450 0.0
          0.741984 -0.455077 0.0
          0.755438 -0.549039 0.0
          0.739812 -0.515872 0.0
          0.768935 -0.250543 0.0
          0.758575 -0.280458 0.0
          0.752940 -0.197457 0.0
          0.744651 -0.226784 0.0
          0.746994 -0.309977 0.0
          0.734230 -0.339059 0.0
          0.715544 0.069169 0.0
          0.717819 0.040951 0.0
          0.718955 0.012782 0.0
          0.718968 -0.015331 0.0
          0.671506 0.159128 0.0
          0.677350 0.132512 0.0
          0.626630 0.214923 0.0
          0.617098 0.238698 0.0
          0.641842 0.164691 0.0
          0.634355 0.188995 0.0
          0.681958 0.105749 0.0
          0.685629 0.079160 0.0
          0.727636 -0.175838 0.0
          0.734012 -0.147112 0.0
          0.715691 -0.071285 0.0
          0.717889 -0.043334 0.0
          0.707962 -0.127687 0.0
          0.712387 -0.099473 0.0
          0.571855 0.287664 0.0
          0.547562 0.331494 0.0
          0.553993 0.304612 0.0
          0.592631 0.241778 0.0
          0.576233 0.260094 0.0
          0.478584 0.536806 0.0
          0.463834 0.587405 0.0
          0.457059 0.555214 0.0
          0.445313 0.638313 0.0
          0.440400 0.605158 0.0
          0.422669 0.689293 0.0
          0.419899 0.655309 0.0
          0.395689 0.740042 0.0
          0.395253 0.705375 0.0
          0.364335 0.790248 0.0
          0.366302 0.755029 0.0
          0.328608 0.839648 0.0
          0.333015 0.803962 0.0
          0.288500 0.888003 0.0
          0.295391 0.851912 0.0
          0.243988 0.935109 0.0
          0.253413 0.898650 0.0
          0.195076 0.980788 0.0
          0.207070 0.943976 0.0
          0.156417 0.987691 0.0
          0.489646 0.486746 0.0
          0.470158 0.505750 0.0
          0.497125 0.438364 0.0
          0.479192 0.456423 0.0
          0.520072 0.373606 0.0
          0.528224 0.347316 0.0
          0.489318 0.413039 0.0
          0.499306 0.388107 0.0
          0.747063 -0.613200 0.0
          0.733296 -0.578259 0.0
          0.734323 -0.678801 0.0
          0.722412 -0.642045 0.0
          0.720390 -0.367651 0.0
          0.723964 -0.424803 0.0
          0.705353 -0.395578 0.0
          0.723623 -0.483831 0.0
          0.706831 -0.452872 0.0
          0.719009 -0.544501 0.0
          0.704121 -0.511845 0.0
          0.735262 -0.255738 0.0
          0.724729 -0.284323 0.0
          0.720181 -0.204209 0.0
          0.711693 -0.232206 0.0
          0.713032 -0.312516 0.0
          0.700209 -0.340261 0.0
          0.688280 0.052383 0.0
          0.689897 0.025281 0.0
          0.690400 -0.001737 0.0
          0.689855 -0.028726 0.0
          0.648085 0.138863 0.0
          0.652687 0.113406 0.0
          0.610226 0.194367 0.0
          0.595004 0.214097 0.0
          0.623548 0.145586 0.0
          0.610314 0.166524 0.0
          0.659769 0.062636 0.0
          0.655950 0.087419 0.0
          0.695623 -0.182910 0.0
          0.702310 -0.155497 0.0
          0.685712 -0.082565 0.0
          0.688284 -0.055657 0.0
          0.677180 -0.136483 0.0
          0.682058 -0.109510 0.0
          0.549282 0.272023 0.0
          0.526347 0.314126 0.0
          0.525986 0.283300 0.0
          0.569017 0.228098 0.0
          0.546836 0.241336 0.0
          0.707107 -0.707107 0.0
          0.449799 0.523905 0.0
          0.434879 0.572710 0.0
          0.428864 0.541181 0.0
          0.416289 0.621982 0.0
          0.412049 0.589332 0.0
          0.393825 0.671298 0.0
          0.391518 0.637853 0.0
          0.367225 0.720368 0.0
          0.367138 0.686254 0.0
          0.336355 0.768847 0.0
          0.338629 0.734250 0.0
          0.301190 0.816428 0.0
          0.305896 0.781474 0.0
          0.261720 0.862859 0.0
          0.268906 0.827632 0.0
          0.217919 0.907918 0.0
          0.227629 0.872481 0.0
          0.169824 0.951394 0.0
          0.182066 0.915796 0.0
          0.117521 0.993070 0.0
          0.132315 0.957344 0.0
          0.078448 0.996918 0.0
          0.461538 0.476130 0.0
          0.442050 0.493236 0.0
          0.455846 0.450057 0.0
          0.468140 0.425597 0.0
          0.500365 0.354673 0.0
          0.502252 0.323742 0.0
          0.471000 0.393060 0.0
          0.475580 0.362677 0.0
          0.710023 -0.606581 0.0
          0.697078 -0.572285 0.0
          0.696654 -0.669901 0.0
          0.685667 -0.633965 0.0
          0.669821 -0.696728 0.0
          0.686311 -0.367480 0.0
          0.689418 -0.422968 0.0
          0.671415 -0.394133 0.0
          0.688586 -0.480243 0.0
          0.672386 -0.449674 0.0
          0.683508 -0.539069 0.0
          0.669254 -0.506876 0.0
          0.702131 -0.259850 0.0
          0.691438 -0.287152 0.0
          0.687941 -0.210008 0.0
          0.679306 -0.236762 0.0
          0.679622 -0.314052 0.0
          0.666757 -0.340482 0.0
          0.662669 0.010983 0.0
          0.661180 0.036292 0.0
          0.661962 -0.015464 0.0
          0.661522 -0.040910 0.0
          0.632904 0.095913 0.0
          0.621588 0.117845 0.0
          0.585464 0.182706 0.0
          0.564073 0.197653 0.0
          0.598343 0.135900 0.0
          0.578419 0.153420 0.0
          0.638686 0.046862 0.0
          0.628750 0.069034 0.0
          0.664261 -0.188971 0.0
          0.671230 -0.162932 0.0
          0.656724 -0.092810 0.0
          0.658916 -0.067284 0.0
          0.647060 -0.144227 0.0
          0.652359 -0.119069 0.0
          0.522553 0.251279 0.0
          0.500958 0.291106 0.0
          0.503115 0.266212 0.0
          0.541101 0.209743 0.0
          0.522734 0.226131 0.0
          0.678801 -0.734323 0.0
          0.422193 0.511134 0.0
          0.407344 0.557502 0.0
          0.402464 0.526836 0.0
          0.388553 0.605063 0.0
          0.385095 0.573018 0.0
          0.366152 0.652726 0.0
          0.364452 0.619825 0.0
          0.339885 0.700155 0.0
          0.340240 0.666597 0.0
          0.309515 0.746997 0.0
          0.312110 0.712981 0.0
          0.274973 0.792892 0.0
          0.279933 0.758587 0.0
          0.236197 0.837564 0.0
          0.243623 0.803088 0.0
          0.193156 0.880770 0.0
          0.203093 0.846216 0.0
          0.145920 0.922267 0.0
          0.158359 0.887710 0.0
          0.094615 0.961814 0.0
          0.109559 0.927312 0.0
          0.039256 0.999229 0.0
          0.056787 0.964793 0.0
          0.000000 1.000000 0.0
          0.418616 0.484932 0.0
          0.433264 0.461316 0.0
          0.438790 0.429043 0.0
          0.445706 0.399189 0.0
          0.477372 0.330508 0.0
          0.480782 0.305000 0.0
          0.449829 0.367415 0.0
          0.455610 0.342297 0.0
          0.674075 -0.599180 0.0
          0.661826 -0.565456 0.0
          0.641952 -0.722487 0.0
          0.660257 -0.660376 0.0
          0.650040 -0.625153 0.0
          0.633823 -0.685782 0.0
          0.652903 -0.366404 0.0
          0.655576 -0.420196 0.0
          0.638089 -0.391797 0.0
          0.654287 -0.475682 0.0
          0.638578 -0.445526 0.0
          0.648869 -0.532727 0.0
          0.635166 -0.500966 0.0
          0.669657 -0.263101 0.0
          0.658797 -0.289056 0.0
          0.656323 -0.215038 0.0
          0.647583 -0.240586 0.0
          0.646836 -0.314696 0.0
          0.634006 -0.339825 0.0
          0.640182 -0.003269 0.0
          0.632243 0.019960 0.0
          0.637883 -0.053416 0.0
          0.631854 -0.029554 0.0
          0.606982 0.088478 0.0
          0.588571 0.106772 0.0
          0.555599 0.166775 0.0
          0.538981 0.184563 0.0
          0.568361 0.122928 0.0
          0.552183 0.141948 0.0
          0.612138 0.041284 0.0
          0.594836 0.060601 0.0
          0.633728 -0.194486 0.0
          0.640924 -0.169892 0.0
          0.632252 -0.102843 0.0
          0.627780 -0.078302 0.0
          0.621696 -0.152502 0.0
          0.619534 -0.127203 0.0
          0.493058 0.233837 0.0
          0.473027 0.271563 0.0
          0.510132 0.194512 0.0
          0.468928 0.198107 0.0
          0.613092 -0.747137 0.0
          0.649448 -0.760406 0.0
          0.395742 0.493670 0.0
          0.381231 0.542064 0.0
          0.379474 0.515512 0.0
          0.362142 0.587717 0.0
          0.359332 0.556280 0.0
          0.339828 0.633632 0.0
          0.338690 0.601372 0.0
          0.313805 0.679460 0.0
          0.314719 0.646512 0.0
          0.283858 0.724701 0.0
          0.286875 0.691276 0.0
          0.249922 0.769004 0.0
          0.255165 0.735296 0.0
          0.211874 0.812057 0.0
          0.219509 0.778242 0.0
          0.169638 0.853575 0.0
          0.179758 0.819788 0.0
          0.123315 0.893280 0.0
          0.135903 0.859622 0.0
          0.073058 0.930914 0.0
          0.088112 0.897460 0.0
          0.018880 0.966273 0.0
          0.036470 0.933063 0.0
          -0.039256 0.999229 0.0
          -0.019064 0.966254 0.0
          -0.078448 0.996918 0.0
          0.403584 0.461938 0.0
          0.413017 0.432966 0.0
          0.419449 0.401877 0.0
          0.427329 0.377344 0.0
          0.450303 0.308083 0.0
          0.424864 0.342866 0.0
          0.639121 -0.590970 0.0
          0.627469 -0.557757 0.0
          0.606406 -0.710142 0.0
          0.578052 -0.733413 0.0
          0.624999 -0.650175 0.0
          0.615430 -0.615583 0.0
          0.598984 -0.674214 0.0
          0.620220 -0.364521 0.0
          0.622299 -0.416568 0.0
          0.605461 -0.388791 0.0
          0.620716 -0.470230 0.0
          0.605543 -0.440656 0.0
          0.615040 -0.525477 0.0
          0.601820 -0.494188 0.0
          0.637982 -0.265622 0.0
          0.626760 -0.290125 0.0
          0.625121 -0.219411 0.0
          0.617002 -0.243637 0.0
          0.614641 -0.314887 0.0
          0.602076 -0.338448 0.0
          0.613190 -0.006600 0.0
          0.597657 0.014165 0.0
          0.611137 -0.054612 0.0
          0.597104 -0.032610 0.0
          0.574681 0.077549 0.0
          0.561482 0.097953 0.0
          0.524005 0.154201 0.0
          0.534540 0.112482 0.0
          0.579325 0.033005 0.0
          0.567041 0.053755 0.0
          0.607864 -0.200924 0.0
          0.607577 -0.176244 0.0
          0.605110 -0.102280 0.0
          0.593182 -0.079169 0.0
          0.594789 -0.149461 0.0
          0.584914 -0.125483 0.0
          0.452010 0.234596 0.0
          0.432267 0.269395 0.0
          0.482883 0.160979 0.0
          0.430704 0.200458 0.0
          0.444407 0.166232 0.0
          0.548810 -0.755554 0.0
          0.583288 -0.770636 0.0
          0.619094 -0.785317 0.0
          0.377687 0.463650 0.0
          0.366174 0.491689 0.0
          0.355727 0.522920 0.0
          0.336790 0.570608 0.0
          0.337411 0.544233 0.0
          0.314850 0.614229 0.0
          0.314116 0.582089 0.0
          0.289098 0.658422 0.0
          0.290608 0.626239 0.0
          0.259480 0.702012 0.0
          0.262986 0.669270 0.0
          0.226060 0.744764 0.0
          0.231661 0.711667 0.0
          0.188726 0.786296 0.0
          0.196583 0.753098 0.0
          0.147336 0.826263 0.0
          0.157619 0.793149 0.0
          0.101983 0.864334 0.0
          0.114695 0.831457 0.0
          0.052816 0.900236 0.0
          0.067956 0.867692 0.0
          -0.000172 0.933758 0.0
          0.017461 0.901606 0.0
          -0.056986 0.964748 0.0
          -0.036825 0.933014 0.0
          -0.094818 0.961766 0.0
          -0.117521 0.993070 0.0
          0.386726 0.433323 0.0
          0.396424 0.409796 0.0
          0.396786 0.375422 0.0
          0.409748 0.302351 0.0
          0.384665 0.333415 0.0
          0.605091 -0.581937 0.0
          0.593950 -0.549189 0.0
          0.572036 -0.697226 0.0
          0.544206 -0.719166 0.0
          0.590779 -0.639268 0.0
          0.581766 -0.605240 0.0
          0.565202 -0.661989 0.0
          0.588339 -0.362229 0.0
          0.589777 -0.412325 0.0
          0.573647 -0.385268 0.0
          0.587873 -0.464054 0.0
          0.573174 -0.435152 0.0
          0.581972 -0.517383 0.0
          0.569135 -0.486688 0.0
          0.515544 -0.739992 0.0
          0.595419 -0.291671 0.0
          0.606297 -0.268176 0.0
          0.590841 -0.248004 0.0
          0.592191 -0.222787 0.0
          0.582728 -0.314739 0.0
          0.571217 -0.337111 0.0
          0.579845 -0.012508 0.0
          0.569541 0.009426 0.0
          0.578037 -0.057657 0.0
          0.568815 -0.035110 0.0
          0.541280 0.070082 0.0
          0.493976 0.122501 0.0
          0.502019 0.083119 0.0
          0.545097 0.027560 0.0
          0.581551 -0.195827 0.0
          0.572938 -0.171077 0.0
          0.572300 -0.102802 0.0
          0.564778 -0.079544 0.0
          0.561197 -0.147476 0.0
          0.556561 -0.123670 0.0
          0.414081 0.234354 0.0
          0.394431 0.265579 0.0
          0.395616 0.203341 0.0
          0.455732 0.130692 0.0
          0.407392 0.171898 0.0
          0.418690 0.138559 0.0
          0.518718 -0.776526 0.0
          0.552581 -0.792945 0.0
          0.587785 -0.809017 0.0
          0.363051 0.439391 0.0
          0.351506 0.461769 0.0
          0.340153 0.491634 0.0
          0.326315 0.519031 0.0
          0.313360 0.549284 0.0
          0.291176 0.595406 0.0
          0.293633 0.569138 0.0
          0.265730 0.637295 0.0
          0.268133 0.605447 0.0
          0.236452 0.679053 0.0
          0.240460 0.647084 0.0
          0.203466 0.720245 0.0
          0.209532 0.687830 0.0
          0.166777 0.760286 0.0
          0.174942 0.727733 0.0
          0.126260 0.798779 0.0
          0.136699 0.766307 0.0
          0.081923 0.835353 0.0
          0.094738 0.803166 0.0
          0.033868 0.869695 0.0
          0.049081 0.837944 0.0
          -0.017925 0.901583 0.0
          -0.000260 0.870350 0.0
          -0.073427 0.930844 0.0
          -0.053298 0.900179 0.0
          -0.132498 0.957309 0.0
          -0.109913 0.927252 0.0
          -0.169972 0.951379 0.0
          -0.156417 0.987691 0.0
          0.366115 0.405479 0.0
          0.357173 0.362528 0.0
          0.371925 0.295007 0.0
          0.347198 0.322799 0.0
          0.571925 -0.572077 0.0
          0.561228 -0.539802 0.0
          0.538749 -0.683696 0.0
          0.511470 -0.704342 0.0
          0.557528 -0.627634 0.0
          0.548994 -0.594110 0.0
          0.532420 -0.649074 0.0
          0.557238 -0.359656 0.0
          0.558032 -0.407529 0.0
          0.542943 -0.381071 0.0
          0.555663 -0.457267 0.0
          0.541597 -0.429113 0.0
          0.549668 -0.508591 0.0
          0.537289 -0.478658 0.0
          0.486085 -0.759671 0.0
          0.483412 -0.723892 0.0
          0.568793 -0.294048 0.0
          0.572626 -0.268840 0.0
          0.564332 -0.241157 0.0
          0.558201 -0.215657 0.0
          0.544855 -0.337296 0.0
          0.549773 -0.313219 0.0
          0.545791 -0.015076 0.0
          0.543308 -0.057683 0.0
          0.506958 0.043379 0.0
          0.464575 0.094073 0.0
          0.470680 0.056899 0.0
          0.508800 0.003328 0.0
          0.548517 -0.191057 0.0
          0.544926 -0.166958 0.0
          0.537072 -0.100388 0.0
          0.527346 -0.142164 0.0
          0.379459 0.232793 0.0
          0.359078 0.259739 0.0
          0.367118 0.207499 0.0
          0.372098 0.177716 0.0
          0.428458 0.103921 0.0
          0.382430 0.145882 0.0
          0.393071 0.113224 0.0
          0.487813 -0.796297 0.0
          0.521015 -0.814031 0.0
          0.555570 -0.831470 0.0
          0.333197 0.432790 0.0
          0.327478 0.466253 0.0
          0.314217 0.487750 0.0
          0.300557 0.516805 0.0
          0.284696 0.543085 0.0
          0.268667 0.572425 0.0
          0.243498 0.616469 0.0
          0.248316 0.590314 0.0
          0.214809 0.655970 0.0
          0.219347 0.624321 0.0
          0.182287 0.695584 0.0
          0.188813 0.663973 0.0
          0.146138 0.734110 0.0
          0.154773 0.702281 0.0
          0.106422 0.771140 0.0
          0.117109 0.739351 0.0
          0.063125 0.806300 0.0
          0.076030 0.774773 0.0
          0.016195 0.839232 0.0
          0.031464 0.808178 0.0
          -0.034401 0.869666 0.0
          -0.016718 0.839225 0.0
          -0.088597 0.897399 0.0
          -0.068510 0.867649 0.0
          -0.146225 0.922237 0.0
          -0.123760 0.893242 0.0
          -0.182316 0.915797 0.0
          -0.207192 0.943977 0.0
          -0.195076 0.980788 0.0
          0.327654 0.389275 0.0
          0.296164 0.413669 0.0
          0.320203 0.348951 0.0
          0.336429 0.286161 0.0
          0.311914 0.311360 0.0
          0.539588 -0.561421 0.0
          0.529310 -0.529712 0.0
          0.506494 -0.669511 0.0
          0.479801 -0.688900 0.0
          0.525202 -0.615249 0.0
          0.517090 -0.582213 0.0
          0.500603 -0.635444 0.0
          0.523598 -0.355380 0.0
          0.526927 -0.402257 0.0
          0.516168 -0.379289 0.0
          0.524255 -0.450000 0.0
          0.511312 -0.422569 0.0
          0.518157 -0.499284 0.0
          0.506221 -0.470190 0.0
          0.455860 -0.778178 0.0
          0.454610 -0.742322 0.0
          0.452378 -0.707217 0.0
          0.543098 -0.284796 0.0
          0.538991 -0.259081 0.0
          0.532243 -0.233969 0.0
          0.530393 -0.209364 0.0
          0.519561 -0.326278 0.0
          0.517506 -0.300191 0.0
          0.507437 -0.036777 0.0
          0.502761 -0.076848 0.0
          0.473882 0.019378 0.0
          0.435831 0.068658 0.0
          0.440790 0.032934 0.0
          0.473658 -0.018349 0.0
          0.514644 -0.182999 0.0
          0.495209 -0.115870 0.0
          0.484620 -0.154217 0.0
          0.346653 0.227734 0.0
          0.325681 0.251987 0.0
          0.339352 0.193245 0.0
          0.348540 0.156445 0.0
          0.401814 0.079217 0.0
          0.358580 0.122698 0.0
          0.367598 0.089473 0.0
          0.456139 -0.814840 0.0
          0.488638 -0.833860 0.0
          0.522498 -0.852640 0.0
          0.298286 0.457379 0.0
          0.289937 0.490464 0.0
          0.274985 0.511140 0.0
          0.259033 0.538887 0.0
          0.241162 0.563804 0.0
          0.223600 0.591547 0.0
          0.194352 0.633436 0.0
          0.201189 0.607481 0.0
          0.162594 0.670944 0.0
          0.169599 0.640310 0.0
          0.126974 0.707916 0.0
          0.136103 0.676940 0.0
          0.087940 0.743444 0.0
          0.099004 0.712449 0.0
          0.045585 0.777200 0.0
          0.058704 0.746381 0.0
          -0.000231 0.808804 0.0
          0.015105 0.778417 0.0
          -0.049631 0.837927 0.0
          -0.031943 0.808183 0.0
          -0.102529 0.864300 0.0
          -0.082496 0.835341 0.0
          -0.158736 0.887709 0.0
          -0.136395 0.859622 0.0
          -0.218140 0.907941 0.0
          -0.193477 0.880805 0.0
          0.262471 0.435644 0.0
          -0.253639 0.898683 0.0
          -0.244104 0.935118 0.0
          -0.233438 0.972372 0.0
          0.291666 0.372930 0.0
          0.261081 0.394671 0.0
          0.229180 0.413947 0.0
          0.285494 0.334812 0.0
          0.302599 0.276209 0.0
          0.278069 0.298976 0.0
          0.424910 -0.795486 0.0
          0.508103 -0.550070 0.0
          0.498122 -0.519171 0.0
          0.475247 -0.654646 0.0
          0.449176 -0.672818 0.0
          0.493789 -0.602133 0.0
          0.486092 -0.569648 0.0
          0.469746 -0.621123 0.0
          0.491989 -0.340204 0.0
          0.492024 -0.365996 0.0
          0.493943 -0.395857 0.0
          0.493221 -0.442291 0.0
          0.484905 -0.418968 0.0
          0.487380 -0.489596 0.0
          0.476789 -0.461358 0.0
          0.425087 -0.759610 0.0
          0.424254 -0.724443 0.0
          0.422416 -0.689945 0.0
          0.510352 -0.274736 0.0
          0.511833 -0.250489 0.0
          0.498382 -0.223124 0.0
          0.488815 -0.314520 0.0
          0.490644 -0.289888 0.0
          0.470337 -0.055937 0.0
          0.464472 -0.092108 0.0
          0.442415 -0.001869 0.0
          0.408416 0.045355 0.0
          0.413719 0.012107 0.0
          0.439782 -0.036859 0.0
          0.470936 -0.192019 0.0
          0.455710 -0.127884 0.0
          0.444304 -0.162892 0.0
          0.316347 0.219503 0.0
          0.293198 0.242237 0.0
          0.308160 0.192839 0.0
          0.316924 0.165158 0.0
          0.324833 0.132280 0.0
          0.375697 0.055929 0.0
          0.333830 0.099213 0.0
          0.342596 0.066559 0.0
          0.423755 -0.832124 0.0
          0.455501 -0.852402 0.0
          0.488621 -0.872496 0.0
          0.261555 0.479368 0.0
          0.250614 0.511742 0.0
          0.234072 0.531124 0.0
          0.215829 0.557583 0.0
          0.195861 0.580855 0.0
          0.176271 0.607272 0.0
          0.144270 0.646841 0.0
          0.152366 0.621654 0.0
          0.109302 0.681901 0.0
          0.118978 0.651596 0.0
          0.070946 0.715858 0.0
          0.082372 0.685761 0.0
          0.029414 0.748149 0.0
          0.042801 0.718148 0.0
          -0.015409 0.778424 0.0
          0.000075 0.748747 0.0
          -0.063637 0.806314 0.0
          -0.045930 0.777227 0.0
          -0.115246 0.831469 0.0
          -0.095255 0.803202 0.0
          -0.170054 0.853621 0.0
          -0.147820 0.826319 0.0
          -0.227929 0.872541 0.0
          -0.203455 0.846303 0.0
          -0.262030 0.862930 0.0
          0.227750 0.454832 0.0
          -0.288743 0.888041 0.0
          -0.280644 0.924818 0.0
          -0.271439 0.962456 0.0
          0.257653 0.356283 0.0
          0.196167 0.430664 0.0
          0.228574 0.375502 0.0
          0.198489 0.392328 0.0
          0.252589 0.320256 0.0
          0.269612 0.264904 0.0
          0.246083 0.286258 0.0
          0.393297 -0.811568 0.0
          0.394883 -0.775734 0.0
          0.477511 -0.538257 0.0
          0.467891 -0.508251 0.0
          0.445002 -0.639129 0.0
          0.419583 -0.656122 0.0
          0.463329 -0.588387 0.0
          0.456093 -0.556565 0.0
          0.439888 -0.606223 0.0
          0.466482 -0.327665 0.0
          0.461591 -0.351550 0.0
          0.463883 -0.377871 0.0
          0.462382 -0.404052 0.0
          0.461610 -0.433522 0.0
          0.456956 -0.479346 0.0
          0.451082 -0.455778 0.0
          0.395453 -0.740563 0.0
          0.394989 -0.706022 0.0
          0.393503 -0.672110 0.0
          0.479250 -0.261500 0.0
          0.454210 -0.228433 0.0
          0.457416 -0.298432 0.0
          0.435367 -0.069772 0.0
          0.427973 -0.102778 0.0
          0.412685 -0.020305 0.0
          0.382484 0.023598 0.0
          0.391218 -0.003749 0.0
          0.408212 -0.049521 0.0
          0.430159 -0.196736 0.0
          0.418288 -0.135716 0.0
          0.406222 -0.167945 0.0
          0.285044 0.208966 0.0
          0.259857 0.231497 0.0
          0.284361 0.175459 0.0
          0.291297 0.141696 0.0
          0.299840 0.108461 0.0
          0.350917 0.032251 0.0
          0.308780 0.075897 0.0
          0.317434 0.043561 0.0
          0.361097 -0.826397 0.0
          0.390725 -0.848123 0.0
          0.421662 -0.869627 0.0
          0.453990 -0.891007 0.0
          0.223136 0.498421 0.0
          0.209492 0.529878 0.0
          0.191123 0.548012 0.0
          0.171114 0.572660 0.0
          0.149415 0.594506 0.0
          0.127029 0.619410 0.0
          0.092517 0.656638 0.0
          0.102802 0.632369 0.0
          0.055251 0.688584 0.0
          0.067323 0.659060 0.0
          0.014628 0.719304 0.0
          0.028239 0.690254 0.0
          -0.029277 0.748183 0.0
          -0.013559 0.719332 0.0
          -0.076404 0.774833 0.0
          -0.058619 0.746456 0.0
          -0.126735 0.798857 0.0
          -0.106773 0.771252 0.0
          -0.180168 0.819898 0.0
          -0.158024 0.793285 0.0
          -0.236547 0.837675 0.0
          -0.212245 0.812208 0.0
          -0.295720 0.851984 0.0
          -0.269272 0.827747 0.0
          0.191518 0.471221 0.0
          -0.328944 0.839717 0.0
          -0.323393 0.876029 0.0
          -0.316744 0.913094 0.0
          -0.309017 0.951057 0.0
          0.226132 0.339461 0.0
          0.162147 0.444770 0.0
          0.167439 0.406867 0.0
          0.198633 0.356291 0.0
          0.170756 0.370677 0.0
          0.222046 0.305720 0.0
          0.237709 0.254072 0.0
          0.216475 0.273620 0.0
          0.226056 0.222879 0.0
          0.364065 -0.790664 0.0
          0.366016 -0.755549 0.0
          0.332712 -0.804373 0.0
          0.448099 -0.526071 0.0
          0.439096 -0.497124 0.0
          0.415799 -0.623066 0.0
          0.391062 -0.638906 0.0
          0.433895 -0.574187 0.0
          0.427267 -0.542888 0.0
          0.411069 -0.590964 0.0
          0.432774 -0.333518 0.0
          0.439569 -0.363297 0.0
          0.433953 -0.386950 0.0
          0.433206 -0.413400 0.0
          0.429475 -0.439212 0.0
          0.426764 -0.467558 0.0
          0.366925 -0.721025 0.0
          0.366784 -0.687099 0.0
          0.365682 -0.653847 0.0
          0.435067 -0.263326 0.0
          0.413430 -0.229777 0.0
          0.413363 -0.296504 0.0
          0.401087 -0.080145 0.0
          0.392879 -0.110959 0.0
          0.381588 -0.029705 0.0
          0.358753 -0.003184 0.0
          0.374770 -0.059195 0.0
          0.391809 -0.199079 0.0
          0.382583 -0.141662 0.0
          0.370127 -0.171371 0.0
          0.248338 0.192262 0.0
          0.256405 0.151817 0.0
          0.265428 0.116976 0.0
          0.275014 0.084521 0.0
          0.326153 0.011105 0.0
          0.283968 0.053066 0.0
          0.291829 0.022275 0.0
          0.328372 -0.839950 0.0
          0.357117 -0.862812 0.0
          0.387185 -0.885510 0.0
          0.418659 -0.908143 0.0
          0.183248 0.514304 0.0
          0.167077 0.544675 0.0
          0.147564 0.561361 0.0
          0.125492 0.584790 0.0
          0.102311 0.604844 0.0
          0.078422 0.627724 0.0
          0.040615 0.661864 0.0
          0.053210 0.638212 0.0
          0.001198 0.690830 0.0
          0.015074 0.662698 0.0
          -0.041776 0.718233 0.0
          -0.025851 0.690319 0.0
          -0.087904 0.743593 0.0
          -0.069946 0.716065 0.0
          -0.136984 0.766488 0.0
          -0.117028 0.739613 0.0
          -0.189082 0.786485 0.0
          -0.166999 0.760537 0.0
          -0.244001 0.803253 0.0
          -0.219862 0.778460 0.0
          -0.301572 0.816535 0.0
          -0.275372 0.793052 0.0
          -0.333388 0.804062 0.0
          0.153914 0.484781 0.0
          0.126819 0.456092 0.0
          -0.361650 0.826152 0.0
          -0.357537 0.862659 0.0
          -0.352351 0.899961 0.0
          -0.346116 0.938192 0.0
          0.196637 0.322577 0.0
          0.135387 0.418969 0.0
          0.102016 0.428012 0.0
          0.140923 0.383698 0.0
          0.171161 0.337183 0.0
          0.145978 0.350473 0.0
          0.192217 0.291198 0.0
          0.205949 0.245942 0.0
          0.191176 0.264995 0.0
          0.197095 0.222124 0.0
          0.207047 0.194300 0.0
          0.336014 -0.769367 0.0
          0.338278 -0.734916 0.0
          0.300884 -0.816838 0.0
          0.305528 -0.781993 0.0
          0.389397 -0.327820 0.0
          0.418516 -0.513941 0.0
          0.413813 -0.489346 0.0
          0.387660 -0.606603 0.0
          0.363705 -0.621299 0.0
          0.405447 -0.559977 0.0
          0.399082 -0.530133 0.0
          0.382892 -0.575681 0.0
          0.405810 -0.366492 0.0
          0.410148 -0.396789 0.0
          0.401711 -0.419852 0.0
          0.399561 -0.446052 0.0
          0.393534 -0.471178 0.0
          0.339475 -0.701039 0.0
          0.339648 -0.667832 0.0
          0.339135 -0.635544 0.0
          0.394416 -0.261324 0.0
          0.375057 -0.228981 0.0
          0.373211 -0.291545 0.0
          0.367311 -0.088620 0.0
          0.360010 -0.116785 0.0
          0.349659 -0.038888 0.0
          0.329251 -0.016898 0.0
          0.340762 -0.068292 0.0
          0.355809 -0.199483 0.0
          0.347949 -0.147140 0.0
          0.336370 -0.172842 0.0
          0.219764 0.160342 0.0
          0.229201 0.124093 0.0
          0.240812 0.091260 0.0
          0.251999 0.061446 0.0
          0.300572 -0.009931 0.0
          0.258308 0.031014 0.0
          0.266970 0.001465 0.0
          0.268611 -0.828041 0.0
          0.295166 -0.852209 0.0
          0.322982 -0.876173 0.0
          0.352126 -0.900029 0.0
          0.382683 -0.923880 0.0
          0.142297 0.527075 0.0
          0.123722 0.556462 0.0
          0.102907 0.572154 0.0
          0.079159 0.593010 0.0
          0.054407 0.610829 0.0
          0.029280 0.632017 0.0
          -0.011252 0.662981 0.0
          0.002833 0.640337 0.0
          -0.052862 0.688814 0.0
          -0.036637 0.661704 0.0
          -0.097942 0.712834 0.0
          -0.079708 0.686271 0.0
          -0.145954 0.734487 0.0
          -0.125790 0.708491 0.0
          -0.196781 0.753398 0.0
          -0.174688 0.728200 0.0
          -0.250297 0.769227 0.0
          -0.226263 0.745094 0.0
          -0.306291 0.781628 0.0
          -0.280312 0.758813 0.0
          -0.364669 0.790355 0.0
          -0.336706 0.769007 0.0
          0.115546 0.495428 0.0
          0.090345 0.464588 0.0
          -0.395376 0.775438 0.0
          -0.393783 0.811317 0.0
          -0.391122 0.847954 0.0
          -0.387412 0.885435 0.0
          -0.382683 0.923880 0.0
          0.169612 0.305598 0.0
          0.068126 0.434768 0.0
          0.109688 0.393690 0.0
          0.079603 0.400610 0.0
          0.116289 0.361511 0.0
          0.145353 0.317482 0.0
          0.123707 0.335789 0.0
          0.167594 0.273361 0.0
          0.173646 0.240854 0.0
          0.169170 0.201883 0.0
          0.182590 0.166966 0.0
          0.309120 -0.747656 0.0
          0.311651 -0.713864 0.0
          0.274606 -0.793407 0.0
          0.279518 -0.759224 0.0
          0.243272 -0.803593 0.0
          0.349694 -0.320272 0.0
          0.362744 -0.357452 0.0
          0.388600 -0.499624 0.0
          0.337688 -0.603248 0.0
          0.360034 -0.590051 0.0
          0.377398 -0.546070 0.0
          0.374293 -0.520516 0.0
          0.355129 -0.560621 0.0
          0.376238 -0.397162 0.0
          0.377957 -0.427844 0.0
          0.367992 -0.450645 0.0
          0.363172 -0.476075 0.0
          0.313094 -0.680721 0.0
          0.313515 -0.648437 0.0
          0.313061 -0.617128 0.0
          0.356447 -0.257685 0.0
          0.338592 -0.226036 0.0
          0.336167 -0.285329 0.0
          0.314716 -0.311361 0.0
          0.334353 -0.096334 0.0
          0.333034 -0.123979 0.0
          0.312879 -0.044272 0.0
          0.308119 -0.077101 0.0
          0.322065 -0.198827 0.0
          0.308714 -0.174210 0.0
          0.313558 -0.146024 0.0
          0.194228 0.131270 0.0
          0.226121 0.068070 0.0
          0.205412 0.093324 0.0
          0.227761 0.041576 0.0
          0.278214 -0.030465 0.0
          0.250055 -0.019863 0.0
          0.232610 0.007086 0.0
          0.235915 -0.837962 0.0
          0.261501 -0.863153 0.0
          0.288352 -0.888186 0.0
          0.316530 -0.913163 0.0
          0.346116 -0.938192 0.0
          0.100331 0.536952 0.0
          0.079578 0.564660 0.0
          0.057700 0.577985 0.0
          0.032465 0.597072 0.0
          0.006354 0.613104 0.0
          -0.020610 0.632315 0.0
          -0.062977 0.660229 0.0
          -0.047332 0.638893 0.0
          -0.106589 0.682717 0.0
          -0.087830 0.656933 0.0
          -0.153485 0.703031 0.0
          -0.133201 0.678025 0.0
          -0.203181 0.720785 0.0
          -0.180967 0.696465 0.0
          -0.255367 0.735651 0.0
          -0.231362 0.712267 0.0
          -0.309854 0.747240 0.0
          -0.284036 0.725086 0.0
          -0.366584 0.755208 0.0
          -0.338889 0.734523 0.0
          -0.395895 0.740250 0.0
          0.075668 0.502998 0.0
          0.053282 0.470302 0.0
          -0.425473 0.759336 0.0
          -0.425300 0.795242 0.0
          -0.424094 0.831945 0.0
          -0.421871 0.869540 0.0
          -0.418659 0.908143 0.0
          0.033385 0.438927 0.0
          0.142555 0.287260 0.0
          0.047755 0.405999 0.0
          0.088305 0.368042 0.0
          0.060417 0.373569 0.0
          0.096618 0.336402 0.0
          0.111316 0.305249 0.0
          0.141564 0.254621 0.0
          0.142604 0.223576 0.0
          0.138330 0.198637 0.0
          0.147339 0.173683 0.0
          0.157997 0.140316 0.0
          0.283370 -0.725542 0.0
          0.286147 -0.692471 0.0
          0.249509 -0.769615 0.0
          0.254662 -0.736078 0.0
          0.211551 -0.812532 0.0
          0.219118 -0.778818 0.0
          0.333103 -0.385168 0.0
          0.322292 -0.347734 0.0
          0.355009 -0.500647 0.0
          0.311370 -0.587185 0.0
          0.332307 -0.573042 0.0
          0.347268 -0.529620 0.0
          0.330878 -0.549262 0.0
          0.344494 -0.425430 0.0
          0.343290 -0.456175 0.0
          0.330674 -0.478183 0.0
          0.303500 -0.410230 0.0
          0.287838 -0.660210 0.0
          0.288306 -0.629171 0.0
          0.288214 -0.599289 0.0
          0.321260 -0.252871 0.0
          0.307173 -0.221642 0.0
          0.302159 -0.277778 0.0
          0.292137 -0.336105 0.0
          0.283323 -0.301859 0.0
          0.301836 -0.109862 0.0
          0.281412 -0.059984 0.0
          0.283255 -0.085085 0.0
          0.290426 -0.192858 0.0
          0.285343 -0.162574 0.0
          0.279279 -0.134587 0.0
          0.169788 0.105271 0.0
          0.200060 0.057643 0.0
          0.177681 0.075666 0.0
          0.198732 0.024862 0.0
          0.249220 -0.046853 0.0
          0.221719 -0.027841 0.0
          0.197508 -0.007875 0.0
          0.179486 -0.820209 0.0
          0.202836 -0.846583 0.0
          0.227415 -0.872764 0.0
          0.253263 -0.898833 0.0
          0.280439 -0.924894 0.0
          0.309017 -0.951057 0.0
          0.057792 0.543200 0.0
          0.035094 0.568902 0.0
          0.012368 0.580404 0.0
          -0.014412 0.598080 0.0
          -0.041594 0.612187 0.0
          -0.070271 0.628963 0.0
          -0.114283 0.653490 0.0
          -0.096774 0.633572 0.0
          -0.159695 0.672277 0.0
          -0.139203 0.648088 0.0
          -0.208201 0.688820 0.0
          -0.185924 0.665447 0.0
          -0.259164 0.702660 0.0
          -0.235144 0.680129 0.0
          -0.312234 0.713409 0.0
          -0.286535 0.691979 0.0
          -0.367394 0.720675 0.0
          -0.339930 0.700635 0.0
          -0.424607 0.724155 0.0
          -0.395336 0.705712 0.0
          0.035883 0.507376 0.0
          0.016282 0.473155 0.0
          -0.001069 0.440404 0.0
          -0.452683 0.706944 0.0
          -0.454927 0.742072 0.0
          -0.456163 0.777954 0.0
          -0.456404 0.814667 0.0
          -0.455671 0.852308 0.0
          -0.453990 0.891007 0.0
          0.015542 0.408874 0.0
          -0.016243 0.408919 0.0
          0.110939 0.267037 0.0
          0.029455 0.379244 0.0
          0.066585 0.341874 0.0
          0.041818 0.355098 0.0
          0.073004 0.311822 0.0
          0.080808 0.279833 0.0
          0.112066 0.235657 0.0
          0.120851 0.209803 0.0
          0.116788 0.183628 0.0
          0.119157 0.150667 0.0
          0.134878 0.114042 0.0
          0.258762 -0.703098 0.0
          0.261855 -0.670823 0.0
          0.225558 -0.745480 0.0
          0.230926 -0.712638 0.0
          0.188381 -0.786818 0.0
          0.196105 -0.753744 0.0
          0.157341 -0.793603 0.0
          0.291994 -0.371550 0.0
          0.269331 -0.348214 0.0
          0.272304 -0.400094 0.0
          0.323666 -0.503210 0.0
          0.289150 -0.576249 0.0
          0.304699 -0.556987 0.0
          0.313744 -0.527476 0.0
          0.310267 -0.450501 0.0
          0.305053 -0.481174 0.0
          0.272783 -0.431677 0.0
          0.263982 -0.639483 0.0
          0.265583 -0.609463 0.0
          0.267829 -0.581845 0.0
          0.288602 -0.246468 0.0
          0.280600 -0.218878 0.0
          0.268905 -0.268756 0.0
          0.263804 -0.321761 0.0
          0.246926 -0.342834 0.0
          0.251792 -0.292717 0.0
          0.266000 -0.106735 0.0
          0.254608 -0.078525 0.0
          0.261244 -0.200633 0.0
          0.266197 -0.176568 0.0
          0.256781 -0.153115 0.0
          0.252155 -0.129212 0.0
          0.148531 0.077011 0.0
          0.165156 0.044491 0.0
          0.169566 0.007125 0.0
          0.172155 -0.018835 0.0
          0.216617 -0.066888 0.0
          0.190266 -0.039636 0.0
          0.147134 -0.826622 0.0
          0.169432 -0.853896 0.0
          0.192967 -0.881028 0.0
          0.217774 -0.908095 0.0
          0.243909 -0.935198 0.0
          0.271439 -0.962456 0.0
          0.015142 0.545850 0.0
          -0.009619 0.570049 0.0
          -0.033379 0.580427 0.0
          -0.061542 0.595178 0.0
          -0.088981 0.607017 0.0
          -0.118445 0.621912 0.0
          -0.165202 0.642553 0.0
          -0.146305 0.624197 0.0
          -0.211976 0.657607 0.0
          -0.189331 0.634909 0.0
          -0.261719 0.670400 0.0
          -0.237843 0.648894 0.0
          -0.313433 0.680241 0.0
          -0.287838 0.659653 0.0
          -0.367085 0.686773 0.0
          -0.339804 0.667451 0.0
          -0.422682 0.689653 0.0
          -0.393667 0.671836 0.0
          -0.449407 0.672529 0.0
          -0.003787 0.508657 0.0
          -0.020609 0.473168 0.0
          -0.035477 0.439251 0.0
          -0.480090 0.688646 0.0
          -0.483702 0.723669 0.0
          -0.486336 0.759476 0.0
          -0.488016 0.796143 0.0
          -0.488766 0.833772 0.0
          -0.488621 0.872496 0.0
          -0.048729 0.406250 0.0
          -0.000033 0.379752 0.0
          -0.029079 0.378956 0.0
          0.083930 0.243702 0.0
          0.014597 0.350393 0.0
          0.036373 0.322777 0.0
          0.046595 0.285941 0.0
          0.054365 0.253533 0.0
          0.092007 0.207170 0.0
          0.091439 0.172491 0.0
          0.088044 0.145243 0.0
          0.101115 0.119937 0.0
          0.112350 0.085587 0.0
          0.235315 -0.680436 0.0
          0.238870 -0.648998 0.0
          0.202694 -0.721104 0.0
          0.208269 -0.689053 0.0
          0.166354 -0.760855 0.0
          0.174154 -0.728490 0.0
          0.126048 -0.799168 0.0
          0.136346 -0.766801 0.0
          0.251292 -0.373301 0.0
          0.243199 -0.409929 0.0
          0.289715 -0.502905 0.0
          0.273638 -0.555940 0.0
          0.281799 -0.529780 0.0
          0.272185 -0.470604 0.0
          0.239076 -0.444177 0.0
          0.241418 -0.618217 0.0
          0.243296 -0.588373 0.0
          0.247080 -0.561800 0.0
          0.255837 -0.233010 0.0
          0.237584 -0.207015 0.0
          0.221032 -0.353015 0.0
          0.239587 -0.261965 0.0
          0.229187 -0.317444 0.0
          0.225801 -0.285347 0.0
          0.231145 -0.105607 0.0
          0.237870 -0.177154 0.0
          0.227507 -0.141226 0.0
          0.216226 -0.196609 0.0
          0.125552 0.051106 0.0
          0.135973 0.018027 0.0
          0.145322 -0.012498 0.0
          0.158111 -0.041278 0.0
          0.197666 -0.096605 0.0
          0.174456 -0.072383 0.0
          0.094554 -0.803506 0.0
          0.114551 -0.831764 0.0
          0.135764 -0.859895 0.0
          0.158218 -0.887933 0.0
          0.181948 -0.915954 0.0
          0.207000 -0.944059 0.0
          0.233438 -0.972372 0.0
          -0.027815 0.545483 0.0
          -0.054177 0.567455 0.0
          -0.077734 0.574573 0.0
          -0.107168 0.588348 0.0
          -0.136401 0.598675 0.0
          -0.167746 0.610565 0.0
          -0.215257 0.627482 0.0
          -0.194669 0.610756 0.0
          -0.263210 0.639077 0.0
          -0.239511 0.618788 0.0
          -0.313482 0.647894 0.0
          -0.288129 0.628238 0.0
          -0.365617 0.653606 0.0
          -0.338576 0.635108 0.0
          -0.419670 0.655849 0.0
          -0.390872 0.638717 0.0
          -0.475476 0.654374 0.0
          -0.445086 0.638848 0.0
          -0.043868 0.506866 0.0
          -0.057651 0.470161 0.0
          -0.069670 0.434377 0.0
          -0.080856 0.400671 0.0
          -0.500843 0.635224 0.0
          -0.506782 0.669292 0.0
          -0.511754 0.704153 0.0
          -0.515779 0.739830 0.0
          -0.518888 0.776397 0.0
          -0.521114 0.813955 0.0
          -0.522498 0.852640 0.0
          -0.060882 0.375139 0.0
          -0.015107 0.349875 0.0
          -0.041930 0.354431 0.0
          -0.089056 0.368731 0.0
          0.058635 0.221069 0.0
          -0.002231 0.321392 0.0
          0.012387 0.289279 0.0
          0.022633 0.258401 0.0
          0.034139 0.233359 0.0
          0.060653 0.187698 0.0
          0.067807 0.125131 0.0
          0.062950 0.157416 0.0
          0.076234 0.092605 0.0
          0.087788 0.058819 0.0
          0.213054 -0.657784 0.0
          0.217506 -0.627184 0.0
          0.180858 -0.696662 0.0
          0.186609 -0.665503 0.0
          0.145371 -0.734771 0.0
          0.153181 -0.703236 0.0
          0.106117 -0.771568 0.0
          0.116382 -0.739922 0.0
          0.075719 -0.775146 0.0
          0.213771 -0.387367 0.0
          0.209315 -0.420468 0.0
          0.257556 -0.504693 0.0
          0.250466 -0.532137 0.0
          0.206079 -0.453297 0.0
          0.230908 -0.479087 0.0
          0.219271 -0.595800 0.0
          0.219308 -0.568249 0.0
          0.227944 -0.544257 0.0
          0.217210 -0.228741 0.0
          0.187385 -0.364976 0.0
          0.195050 -0.329946 0.0
          0.206611 -0.263303 0.0
          0.199746 -0.296012 0.0
          0.199462 -0.126709 0.0
          0.199883 -0.166571 0.0
          0.188590 -0.203595 0.0
          0.099308 0.026256 0.0
          0.110611 -0.004305 0.0
          0.125509 -0.034499 0.0
          0.139146 -0.063669 0.0
          0.107110 -0.055366 0.0
          0.171115 -0.107915 0.0
          0.148269 -0.090690 0.0
          0.062926 -0.806609 0.0
          0.081796 -0.835626 0.0
          0.101886 -0.864565 0.0
          0.123222 -0.893464 0.0
          0.145836 -0.922394 0.0
          0.169769 -0.951460 0.0
          0.195076 -0.980788 0.0
          -0.070413 0.541617 0.0
          -0.098124 0.561487 0.0
          -0.122801 0.568342 0.0
          -0.153345 0.578832 0.0
          -0.183189 0.586157 0.0
          -0.214576 0.595708 0.0
          -0.264005 0.608523 0.0
          -0.242128 0.593085 0.0
          -0.312571 0.616457 0.0
          -0.287503 0.598026 0.0
          -0.363079 0.621288 0.0
          -0.336398 0.603697 0.0
          -0.415594 0.622827 0.0
          -0.387046 0.606453 0.0
          -0.469873 0.620874 0.0
          -0.439781 0.605981 0.0
          -0.493956 0.601969 0.0
          -0.083156 0.502047 0.0
          -0.093969 0.464631 0.0
          -0.104108 0.427218 0.0
          -0.111087 0.393259 0.0
          -0.116605 0.361638 0.0
          -0.525447 0.615107 0.0
          -0.532706 0.648913 0.0
          -0.539034 0.683550 0.0
          -0.544447 0.719043 0.0
          -0.548976 0.755452 0.0
          -0.552667 0.792884 0.0
          -0.555570 0.831470 0.0
          -0.068081 0.342604 0.0
          -0.037042 0.321823 0.0
          -0.096657 0.339831 0.0
          -0.121357 0.337271 0.0
          0.027939 0.202670 0.0
          -0.021112 0.289199 0.0
          -0.005969 0.260255 0.0
          0.007937 0.230812 0.0
          0.032734 0.166906 0.0
          0.041188 0.100115 0.0
          0.035991 0.134203 0.0
          0.047868 0.064378 0.0
          0.065369 0.032849 0.0
          0.039033 0.036246 0.0
          0.191381 -0.635058 0.0
          0.197533 -0.608951 0.0
          0.160022 -0.672367 0.0
          0.166071 -0.642092 0.0
          0.125316 -0.708731 0.0
          0.133116 -0.678145 0.0
          0.087216 -0.743926 0.0
          0.097324 -0.713124 0.0
          0.045223 -0.777533 0.0
          0.057923 -0.746777 0.0
          0.154344 -0.374637 0.0
          0.178590 -0.403043 0.0
          0.185393 -0.433527 0.0
          0.175009 -0.458374 0.0
          0.221097 -0.514412 0.0
          0.196778 -0.484159 0.0
          0.189793 -0.578325 0.0
          0.201365 -0.542742 0.0
          0.181606 -0.238552 0.0
          0.161709 -0.340911 0.0
          0.167761 -0.307016 0.0
          0.174068 -0.273014 0.0
          0.167437 -0.142432 0.0
          0.154915 -0.213794 0.0
          0.162088 -0.178278 0.0
          0.071918 -0.000664 0.0
          0.092738 -0.030007 0.0
          0.082425 -0.051957 0.0
          0.086655 -0.076973 0.0
          0.115893 -0.090828 0.0
          0.139211 -0.118443 0.0
          0.130022 -0.351035 0.0
          0.125629 -0.379916 0.0
          0.014700 -0.778737 0.0
          0.031240 -0.808475 0.0
          0.048941 -0.838200 0.0
          0.067865 -0.867900 0.0
          0.088039 -0.897613 0.0
          0.109497 -0.927409 0.0
          0.132275 -0.957393 0.0
          0.156417 -0.987691 0.0
          -0.112505 0.534554 0.0
          -0.142178 0.552501 0.0
          -0.167753 0.556753 0.0
          -0.198681 0.564521 0.0
          -0.228594 0.569170 0.0
          -0.260750 0.576774 0.0
          -0.311269 0.585992 0.0
          -0.288238 0.572273 0.0
          -0.359693 0.589968 0.0
          -0.333198 0.573368 0.0
          -0.410572 0.590709 0.0
          -0.382313 0.575113 0.0
          -0.463344 0.588233 0.0
          -0.433577 0.574146 0.0
          -0.517256 0.582162 0.0
          -0.486146 0.569647 0.0
          -0.121885 0.493765 0.0
          -0.128937 0.454947 0.0
          -0.136701 0.417970 0.0
          -0.141452 0.383481 0.0
          -0.144751 0.351040 0.0
          -0.539721 0.561468 0.0
          -0.549223 0.594044 0.0
          -0.557805 0.627535 0.0
          -0.565484 0.661891 0.0
          -0.572282 0.697141 0.0
          -0.578229 0.733340 0.0
          -0.583377 0.770588 0.0
          -0.587785 0.809017 0.0
          -0.074915 0.313090 0.0
          -0.054659 0.286787 0.0
          -0.107628 0.312372 0.0
          -0.141265 0.317917 0.0
          0.007323 0.177555 0.0
          -0.005847 0.201291 0.0
          -0.038871 0.256022 0.0
          -0.022962 0.228709 0.0
          0.003794 0.145277 0.0
          0.015177 0.078611 0.0
          0.010389 0.108673 0.0
          0.018481 0.048159 0.0
          0.042471 0.011956 0.0
          0.020977 0.023889 0.0
          0.044868 -0.012497 0.0
          0.169715 -0.608389 0.0
          0.139821 -0.648259 0.0
          0.147352 -0.622946 0.0
          0.106205 -0.682927 0.0
          0.114063 -0.653288 0.0
          0.069229 -0.716393 0.0
          0.079152 -0.686570 0.0
          0.028569 -0.748486 0.0
          0.041065 -0.718547 0.0
          -0.000795 -0.749066 0.0
          0.147820 -0.460700 0.0
          0.142508 -0.407636 0.0
          0.157968 -0.432453 0.0
          0.164901 -0.485975 0.0
          0.182687 -0.513810 0.0
          0.154999 -0.572202 0.0
          0.168664 -0.541765 0.0
          0.141109 -0.485063 0.0
          0.148241 -0.248865 0.0
          0.134954 -0.318318 0.0
          0.141036 -0.283898 0.0
          0.134187 -0.153513 0.0
          0.121579 -0.224660 0.0
          0.127515 -0.189765 0.0
          0.061963 -0.034636 0.0
          0.063095 -0.064646 0.0
          0.066822 -0.088623 0.0
          0.085395 -0.105893 0.0
          0.108758 -0.128037 0.0
          0.103491 -0.331406 0.0
          0.115199 -0.406143 0.0
          0.098447 -0.361073 0.0
          0.099993 -0.388127 0.0
          -0.015800 -0.778758 0.0
          -0.000447 -0.809105 0.0
          0.016054 -0.839488 0.0
          0.033773 -0.869898 0.0
          0.052744 -0.900376 0.0
          0.073003 -0.930993 0.0
          0.094583 -0.961849 0.0
          0.117521 -0.993070 0.0
          -0.154486 0.524025 0.0
          -0.185168 0.539226 0.0
          -0.209950 0.540858 0.0
          -0.241978 0.546849 0.0
          -0.272807 0.549491 0.0
          -0.305215 0.554565 0.0
          -0.355675 0.559583 0.0
          -0.331821 0.547930 0.0
          -0.404724 0.559850 0.0
          -0.376796 0.545300 0.0
          -0.455855 0.556760 0.0
          -0.426468 0.543628 0.0
          -0.508129 0.550223 0.0
          -0.477352 0.538529 0.0
          -0.529317 0.529928 0.0
          -0.160609 0.482334 0.0
          -0.165556 0.442994 0.0
          -0.169026 0.405878 0.0
          -0.170345 0.370948 0.0
          -0.168399 0.337687 0.0
          -0.169267 0.311867 0.0
          -0.561338 0.539898 0.0
          -0.572123 0.572061 0.0
          -0.582023 0.605181 0.0
          -0.591050 0.639205 0.0
          -0.599228 0.674154 0.0
          -0.606592 0.710088 0.0
          -0.613190 0.747099 0.0
          -0.619094 0.785317 0.0
          0.034375 -0.032474 0.0
          -0.088074 0.286627 0.0
          -0.068510 0.257799 0.0
          -0.121746 0.287860 0.0
          -0.153108 0.289032 0.0
          -0.018934 0.171454 0.0
          -0.036522 0.197669 0.0
          -0.057451 0.225327 0.0
          -0.016733 0.118940 0.0
          -0.032116 0.142294 0.0
          -0.005560 0.058122 0.0
          -0.019385 0.086628 0.0
          -0.007177 0.026047 0.0
          0.013110 -0.008220 0.0
          0.136930 -0.596200 0.0
          0.118296 -0.620713 0.0
          0.087667 -0.657386 0.0
          0.096022 -0.632664 0.0
          0.052167 -0.689161 0.0
          0.062201 -0.660372 0.0
          0.012857 -0.719622 0.0
          0.025184 -0.690651 0.0
          -0.030134 -0.748510 0.0
          -0.015368 -0.719612 0.0
          0.126605 -0.470787 0.0
          0.120936 -0.438888 0.0
          0.146033 -0.513739 0.0
          0.124587 -0.564412 0.0
          0.140938 -0.544235 0.0
          0.120187 -0.494114 0.0
          0.116085 -0.260200 0.0
          0.105105 -0.295975 0.0
          0.090021 -0.236737 0.0
          0.081642 -0.315901 0.0
          0.099331 -0.165812 0.0
          0.092990 -0.202535 0.0
          0.039266 -0.056470 0.0
          0.044602 -0.085070 0.0
          0.055354 -0.111350 0.0
          0.074797 -0.139199 0.0
          0.070773 -0.346135 0.0
          0.086933 -0.416501 0.0
          0.073605 -0.382985 0.0
          -0.059431 -0.746809 0.0
          -0.046278 -0.777588 0.0
          -0.032122 -0.808499 0.0
          -0.016835 -0.839489 0.0
          -0.000343 -0.870559 0.0
          0.017395 -0.901755 0.0
          0.036416 -0.933143 0.0
          0.056756 -0.964821 0.0
          0.078448 -0.996918 0.0
          -0.194988 0.509978 0.0
          -0.226673 0.522819 0.0
          -0.252249 0.523379 0.0
          -0.284543 0.526269 0.0
          -0.314630 0.526628 0.0
          -0.347365 0.529005 0.0
          -0.398403 0.530290 0.0
          -0.373738 0.520393 0.0
          -0.447518 0.526533 0.0
          -0.418543 0.514235 0.0
          -0.498093 0.519447 0.0
          -0.467749 0.508579 0.0
          -0.549724 0.508781 0.0
          -0.518121 0.499513 0.0
          -0.198041 0.468135 0.0
          -0.199945 0.428524 0.0
          -0.200090 0.391267 0.0
          -0.198260 0.356319 0.0
          -0.195180 0.323957 0.0
          -0.187847 0.290927 0.0
          -0.569308 0.486823 0.0
          -0.582096 0.517476 0.0
          -0.594124 0.549186 0.0
          -0.605318 0.581880 0.0
          -0.615683 0.615518 0.0
          -0.625235 0.650114 0.0
          -0.634009 0.685730 0.0
          -0.642057 0.722454 0.0
          -0.649448 0.760406 0.0
          0.009898 -0.045325 0.0
          -0.101376 0.261414 0.0
          -0.086511 0.236950 0.0
          -0.131280 0.262169 0.0
          -0.164646 0.263377 0.0
          -0.051486 0.167263 0.0
          -0.063827 0.193507 0.0
          -0.088952 0.207690 0.0
          -0.045227 0.111729 0.0
          -0.065901 0.139327 0.0
          -0.035205 0.020041 0.0
          -0.034909 0.051128 0.0
          -0.054086 0.082616 0.0
          -0.023805 -0.003536 0.0
          -0.016729 -0.033823 0.0
          -0.049566 0.004356 0.0
          0.106333 -0.586229 0.0
          0.098925 -0.559452 0.0
          0.087553 -0.605407 0.0
          0.068358 -0.628496 0.0
          0.035874 -0.662394 0.0
          0.046188 -0.638682 0.0
          -0.001852 -0.691157 0.0
          0.010260 -0.663206 0.0
          -0.043559 -0.718478 0.0
          -0.029057 -0.690529 0.0
          -0.071665 -0.716266 0.0
          0.102011 -0.468972 0.0
          0.087338 -0.448429 0.0
          0.110406 -0.529057 0.0
          0.094963 -0.497068 0.0
          0.083661 -0.268401 0.0
          0.074865 -0.293699 0.0
          0.060948 -0.219709 0.0
          0.064413 -0.248989 0.0
          0.053048 -0.312776 0.0
          0.032512 -0.338422 0.0
          0.058525 -0.178846 0.0
          0.017031 -0.077946 0.0
          0.026242 -0.109188 0.0
          0.039197 -0.141286 0.0
          0.060579 -0.442596 0.0
          0.041190 -0.372701 0.0
          0.050882 -0.408339 0.0
          0.010302 -0.363534 0.0
          -0.088677 -0.743966 0.0
          -0.076738 -0.775222 0.0
          -0.063789 -0.806651 0.0
          -0.049720 -0.838202 0.0
          -0.034461 -0.869885 0.0
          -0.017972 -0.901747 0.0
          -0.000213 -0.933856 0.0
          0.018850 -0.966307 0.0
          0.039256 -0.999229 0.0
          -0.234241 0.493038 0.0
          -0.266987 0.503408 0.0
          -0.291744 0.501291 0.0
          -0.324100 0.502595 0.0
          -0.354794 0.500609 0.0
          -0.388130 0.500003 0.0
          -0.438972 0.497473 0.0
          -0.413718 0.489583 0.0
          -0.487392 0.489840 0.0
          -0.457056 0.479640 0.0
          -0.537458 0.478798 0.0
          -0.506438 0.470215 0.0
          -0.555921 0.457336 0.0
          -0.234005 0.451203 0.0
          -0.232841 0.411496 0.0
          -0.229969 0.374324 0.0
          -0.225427 0.339713 0.0
          -0.219176 0.307823 0.0
          -0.196442 0.260364 0.0
          -0.216059 0.280640 0.0
          -0.587984 0.464075 0.0
          -0.601958 0.494235 0.0
          -0.615205 0.525455 0.0
          -0.627668 0.557672 0.0
          -0.639348 0.590866 0.0
          -0.650262 0.625058 0.0
          -0.660437 0.660302 0.0
          -0.669927 0.696686 0.0
          -0.678801 0.734323 0.0
          -0.013334 -0.068688 0.0
          -0.117997 0.230723 0.0
          -0.147140 0.241106 0.0
          -0.172277 0.236563 0.0
          -0.087374 0.171706 0.0
          -0.119104 0.194025 0.0
          -0.078005 0.105987 0.0
          -0.099529 0.138405 0.0
          -0.059552 0.028387 0.0
          -0.067187 0.055218 0.0
          -0.079402 0.076530 0.0
          -0.103335 0.085401 0.0
          -0.052001 -0.025367 0.0
          -0.043088 -0.059584 0.0
          -0.083178 -0.028084 0.0
          -0.078406 0.000873 0.0
          0.083221 -0.543851 0.0
          0.077353 -0.570858 0.0
          0.058885 -0.593464 0.0
          0.039861 -0.611498 0.0
          0.019170 -0.632315 0.0
          -0.015949 -0.663205 0.0
          -0.003803 -0.640491 0.0
          -0.056074 -0.688729 0.0
          -0.041645 -0.661934 0.0
          -0.099668 -0.713013 0.0
          -0.082924 -0.686119 0.0
          0.069667 -0.478852 0.0
          0.075492 -0.515899 0.0
          0.041965 -0.466909 0.0
          0.028538 -0.207683 0.0
          0.050215 -0.276954 0.0
          0.035583 -0.243613 0.0
          -0.000553 -0.329684 0.0
          0.020108 -0.304151 0.0
          0.017412 -0.171501 0.0
          -0.004371 -0.102952 0.0
          0.005639 -0.136524 0.0
          0.029174 -0.437485 0.0
          0.013817 -0.398120 0.0
          -0.010938 -0.379292 0.0
          -0.017770 -0.353967 0.0
          -0.026039 -0.331776 0.0
          -0.127538 -0.708632 0.0
          -0.117828 -0.739964 0.0
          -0.107140 -0.771652 0.0
          -0.095416 -0.803556 0.0
          -0.082572 -0.835623 0.0
          -0.068553 -0.867873 0.0
          -0.053322 -0.900355 0.0
          -0.036844 -0.933134 0.0
          -0.019082 -0.966307 0.0
          0.000000 -1.000000 0.0
          -0.272330 0.473069 0.0
          -0.305375 0.480871 0.0
          -0.330332 0.477205 0.0
          -0.362669 0.475604 0.0
          -0.393357 0.471339 0.0
          -0.426710 0.467739 0.0
          -0.476895 0.461647 0.0
          -0.451347 0.455871 0.0
          -0.524913 0.450104 0.0
          -0.493774 0.442992 0.0
          -0.573399 0.435059 0.0
          -0.542023 0.429147 0.0
          -0.268597 0.431476 0.0
          -0.264339 0.391964 0.0
          -0.258556 0.355077 0.0
          -0.251420 0.320777 0.0
          -0.243485 0.288985 0.0
          -0.203940 0.233541 0.0
          -0.230876 0.257479 0.0
          -0.589999 0.411953 0.0
          -0.605721 0.440545 0.0
          -0.620878 0.470207 0.0
          -0.635338 0.500904 0.0
          -0.649049 0.532604 0.0
          -0.662021 0.565300 0.0
          -0.674276 0.599029 0.0
          -0.685838 0.633846 0.0
          -0.696758 0.669837 0.0
          -0.707107 0.707107 0.0
          -0.036317 -0.093852 0.0
          -0.151618 0.211705 0.0
          -0.182890 0.214686 0.0
          -0.123007 0.161743 0.0
          -0.145843 0.180528 0.0
          -0.114245 0.111849 0.0
          -0.127755 0.134866 0.0
          -0.091564 0.032539 0.0
          -0.096207 0.059254 0.0
          -0.129657 0.090957 0.0
          -0.119116 0.070687 0.0
          -0.068028 -0.085228 0.0
          -0.073296 -0.053512 0.0
          -0.104254 -0.044105 0.0
          -0.107828 -0.015926 0.0
          -0.113138 0.012824 0.0
          0.058001 -0.542370 0.0
          0.049654 -0.565967 0.0
          0.030554 -0.578551 0.0
          0.012678 -0.597186 0.0
          -0.007731 -0.612991 0.0
          -0.030142 -0.632084 0.0
          -0.067715 -0.658951 0.0
          -0.053830 -0.638099 0.0
          -0.109679 -0.682609 0.0
          -0.092839 -0.657031 0.0
          -0.136324 -0.677810 0.0
          0.037899 -0.503822 0.0
          0.012505 -0.471787 0.0
          -0.006177 -0.199601 0.0
          0.000673 -0.237459 0.0
          0.008713 -0.270887 0.0
          -0.018776 -0.301309 0.0
          -0.017338 -0.164086 0.0
          -0.027308 -0.130132 0.0
          -0.004443 -0.437272 0.0
          -0.021124 -0.405825 0.0
          -0.035560 -0.377907 0.0
          -0.043695 -0.349297 0.0
          -0.047992 -0.318783 0.0
          -0.155172 -0.703080 0.0
          -0.146788 -0.734783 0.0
          -0.137389 -0.766869 0.0
          -0.126925 -0.799207 0.0
          -0.115333 -0.831752 0.0
          -0.102570 -0.864525 0.0
          -0.088612 -0.897578 0.0
          -0.073430 -0.930979 0.0
          -0.056988 -0.964818 0.0
          -0.039256 -0.999229 0.0
          -0.308555 0.450201 0.0
          -0.342358 0.455473 0.0
          -0.367199 0.449594 0.0
          -0.399499 0.445871 0.0
          -0.429674 0.439229 0.0
          -0.462235 0.433080 0.0
          -0.511746 0.422784 0.0
          -0.485076 0.419016 0.0
          -0.558337 0.407257 0.0
          -0.527596 0.402470 0.0
          -0.573989 0.384184 0.0
          -0.301651 0.409145 0.0
          -0.294335 0.370015 0.0
          -0.285675 0.333577 0.0
          -0.275964 0.299323 0.0
          -0.263920 0.269716 0.0
          -0.206755 0.206241 0.0
          -0.234397 0.225911 0.0
          -0.257461 0.243342 0.0
          -0.605727 0.388337 0.0
          -0.622534 0.416312 0.0
          -0.638840 0.445426 0.0
          -0.654494 0.475572 0.0
          -0.669435 0.506716 0.0
          -0.683676 0.538870 0.0
          -0.697249 0.572080 0.0
          -0.710177 0.606411 0.0
          -0.722509 0.641951 0.0
          -0.734323 0.678801 0.0
          -0.059548 -0.120217 0.0
          -0.179843 0.185388 0.0
          -0.158439 0.150929 0.0
          -0.147190 0.115480 0.0
          -0.156338 0.092957 0.0
          -0.123630 0.044257 0.0
          -0.145228 0.069103 0.0
          -0.091666 -0.107569 0.0
          -0.104254 -0.076638 0.0
          -0.127211 -0.055904 0.0
          -0.131921 -0.031594 0.0
          -0.137718 -0.004696 0.0
          -0.139681 0.019897 0.0
          0.023529 -0.544632 0.0
          0.007259 -0.569002 0.0
          -0.013582 -0.579097 0.0
          -0.033174 -0.596821 0.0
          -0.054989 -0.611068 0.0
          -0.078332 -0.627910 0.0
          -0.118862 -0.652918 0.0
          -0.102732 -0.632430 0.0
          -0.162698 -0.671827 0.0
          -0.144058 -0.647658 0.0
          -0.001886 -0.507095 0.0
          -0.021031 -0.471897 0.0
          -0.038906 -0.190226 0.0
          -0.030733 -0.225594 0.0
          -0.031339 -0.262348 0.0
          -0.052447 -0.292348 0.0
          -0.055088 -0.157039 0.0
          -0.068255 -0.187513 0.0
          -0.037287 -0.437323 0.0
          -0.051035 -0.404790 0.0
          -0.061485 -0.373730 0.0
          -0.068267 -0.342775 0.0
          -0.072660 -0.313993 0.0
          -0.188865 -0.664871 0.0
          -0.182506 -0.696402 0.0
          -0.175478 -0.728435 0.0
          -0.167396 -0.760881 0.0
          -0.158227 -0.793615 0.0
          -0.147918 -0.826595 0.0
          -0.136442 -0.859845 0.0
          -0.123784 -0.893422 0.0
          -0.109919 -0.927391 0.0
          -0.094816 -0.961845 0.0
          -0.078448 -0.996918 0.0
          -0.343070 0.424767 0.0
          -0.377601 0.427380 0.0
          -0.402457 0.419943 0.0
          -0.433496 0.413257 0.0
          -0.462324 0.403885 0.0
          -0.494186 0.395763 0.0
          -0.542958 0.380791 0.0
          -0.516301 0.379136 0.0
          -0.588678 0.361784 0.0
          -0.556967 0.359416 0.0
          -0.333148 0.384304 0.0
          -0.322594 0.345728 0.0
          -0.311042 0.310023 0.0
          -0.298776 0.277275 0.0
          -0.212497 0.182036 0.0
          -0.286061 0.247427 0.0
          -0.237342 0.197683 0.0
          -0.269068 0.217294 0.0
          -0.602083 0.338734 0.0
          -0.620472 0.364352 0.0
          -0.638396 0.391502 0.0
          -0.655832 0.419946 0.0
          -0.672652 0.449490 0.0
          -0.688801 0.480043 0.0
          -0.704287 0.511617 0.0
          -0.719150 0.544263 0.0
          -0.733420 0.578053 0.0
          -0.747147 0.613080 0.0
          -0.760406 0.649448 0.0
          -0.085876 -0.138543 0.0
          -0.203968 0.151862 0.0
          -0.181441 0.113654 0.0
          -0.177537 0.076373 0.0
          -0.161540 0.043781 0.0
          -0.110018 -0.126952 0.0
          -0.122486 -0.104287 0.0
          -0.138868 -0.081044 0.0
          -0.155329 -0.052176 0.0
          -0.164919 -0.021715 0.0
          -0.165035 0.010232 0.0
          -0.016774 -0.545619 0.0
          -0.035901 -0.568490 0.0
          -0.057710 -0.577520 0.0
          -0.079282 -0.593041 0.0
          -0.102206 -0.605135 0.0
          -0.127351 -0.619856 0.0
          -0.169708 -0.641386 0.0
          -0.152306 -0.622035 0.0
          -0.194347 -0.634148 0.0
          -0.038580 -0.507632 0.0
          -0.056129 -0.470072 0.0
          -0.062618 -0.213704 0.0
          -0.055886 -0.241907 0.0
          -0.066565 -0.267300 0.0
          -0.076845 -0.290754 0.0
          -0.091880 -0.201119 0.0
          -0.088386 -0.168556 0.0
          -0.069934 -0.434051 0.0
          -0.080819 -0.399904 0.0
          -0.088800 -0.366955 0.0
          -0.094284 -0.334644 0.0
          -0.096124 -0.304653 0.0
          -0.214807 -0.656972 0.0
          -0.209689 -0.688679 0.0
          -0.203885 -0.720977 0.0
          -0.197100 -0.753729 0.0
          -0.189241 -0.786810 0.0
          -0.180246 -0.820176 0.0
          -0.170089 -0.853853 0.0
          -0.158762 -0.887899 0.0
          -0.146243 -0.922381 0.0
          -0.132504 -0.957393 0.0
          -0.117521 -0.993070 0.0
          -0.375779 0.396724 0.0
          -0.410329 0.396559 0.0
          -0.433941 0.386924 0.0
          -0.464076 0.377329 0.0
          -0.492182 0.365719 0.0
          -0.523498 0.355454 0.0
          -0.571193 0.336998 0.0
          -0.544576 0.337298 0.0
          -0.583004 0.314776 0.0
          -0.362556 0.356817 0.0
          -0.348813 0.319308 0.0
          -0.334425 0.284834 0.0
          -0.319489 0.253411 0.0
          -0.234524 0.168927 0.0
          -0.237563 0.143700 0.0
          -0.303970 0.225207 0.0
          -0.266732 0.185698 0.0
          -0.292118 0.199553 0.0
          -0.614823 0.314785 0.0
          -0.634226 0.339742 0.0
          -0.653268 0.366129 0.0
          -0.671825 0.393831 0.0
          -0.689790 0.422700 0.0
          -0.707120 0.452615 0.0
          -0.723826 0.483570 0.0
          -0.739950 0.515615 0.0
          -0.755535 0.548818 0.0
          -0.770632 0.583273 0.0
          -0.785317 0.619094 0.0
          -0.113425 -0.152403 0.0
          -0.223469 0.118281 0.0
          -0.208570 0.086183 0.0
          -0.197275 0.055356 0.0
          -0.189448 0.027421 0.0
          -0.136639 -0.131956 0.0
          -0.156118 -0.108213 0.0
          -0.175152 -0.079314 0.0
          -0.194181 -0.043986 0.0
          -0.200030 -0.002425 0.0
          -0.058208 -0.543424 0.0
          -0.079712 -0.564651 0.0
          -0.102753 -0.571991 0.0
          -0.125366 -0.584755 0.0
          -0.149192 -0.594711 0.0
          -0.176044 -0.607797 0.0
          -0.219392 -0.625801 0.0
          -0.200706 -0.608208 0.0
          -0.077393 -0.503271 0.0
          -0.091561 -0.464523 0.0
          -0.088160 -0.240602 0.0
          -0.094716 -0.275838 0.0
          -0.119986 -0.224443 0.0
          -0.119577 -0.186605 0.0
          -0.102659 -0.427583 0.0
          -0.116193 -0.290999 0.0
          -0.110941 -0.392249 0.0
          -0.116511 -0.357874 0.0
          -0.123297 -0.321531 0.0
          -0.243611 -0.617384 0.0
          -0.240477 -0.648226 0.0
          -0.236619 -0.679992 0.0
          -0.231988 -0.712462 0.0
          -0.226466 -0.745451 0.0
          -0.219917 -0.778820 0.0
          -0.212253 -0.812518 0.0
          -0.203441 -0.846567 0.0
          -0.193472 -0.881026 0.0
          -0.182327 -0.915961 0.0
          -0.169983 -0.951470 0.0
          -0.156417 -0.987691 0.0
          -0.406086 0.365898 0.0
          -0.439864 0.362918 0.0
          -0.462153 0.351464 0.0
          -0.492051 0.339793 0.0
          -0.519434 0.326052 0.0
          -0.549773 0.313217 0.0
          -0.595553 0.291551 0.0
          -0.569280 0.293823 0.0
          -0.389476 0.327161 0.0
          -0.372781 0.290997 0.0
          -0.355627 0.257898 0.0
          -0.338076 0.227826 0.0
          -0.265000 0.156117 0.0
          -0.260883 0.123309 0.0
          -0.320612 0.199903 0.0
          -0.299094 0.172721 0.0
          -0.606149 0.268152 0.0
          -0.626832 0.290436 0.0
          -0.647102 0.314399 0.0
          -0.667150 0.340149 0.0
          -0.686785 0.367120 0.0
          -0.705878 0.395256 0.0
          -0.724366 0.424474 0.0
          -0.742266 0.454761 0.0
          -0.759624 0.486162 0.0
          -0.776492 0.518739 0.0
          -0.792930 0.552575 0.0
          -0.809017 0.587785 0.0
          -0.146957 -0.166951 0.0
          -0.243085 0.092884 0.0
          -0.230376 0.063949 0.0
          -0.223364 0.030162 0.0
          -0.171075 -0.141121 0.0
          -0.192486 -0.113253 0.0
          -0.209198 -0.081697 0.0
          -0.231110 -0.057243 0.0
          -0.223873 -0.027355 0.0
          -0.237513 -0.001708 0.0
          -0.100607 -0.537281 0.0
          -0.123677 -0.556573 0.0
          -0.147482 -0.561177 0.0
          -0.170942 -0.573003 0.0
          -0.195604 -0.581451 0.0
          -0.222617 -0.592350 0.0
          -0.247847 -0.591023 0.0
          -0.115999 -0.495802 0.0
          -0.127051 -0.456139 0.0
          -0.123843 -0.261175 0.0
          -0.144735 -0.239470 0.0
          -0.152349 -0.207267 0.0
          -0.135447 -0.418433 0.0
          -0.142988 -0.291799 0.0
          -0.141327 -0.382661 0.0
          -0.144918 -0.350113 0.0
          -0.151961 -0.320617 0.0
          -0.268122 -0.607000 0.0
          -0.265405 -0.638787 0.0
          -0.263025 -0.670334 0.0
          -0.259708 -0.702888 0.0
          -0.255469 -0.736050 0.0
          -0.250233 -0.769648 0.0
          -0.243910 -0.803624 0.0
          -0.236457 -0.837992 0.0
          -0.227862 -0.872806 0.0
          -0.218112 -0.908137 0.0
          -0.207190 -0.944084 0.0
          -0.195076 -0.980788 0.0
          -0.433306 0.332851 0.0
          -0.466646 0.327268 0.0
          -0.488127 0.314094 0.0
          -0.517195 0.300406 0.0
          -0.543418 0.284636 0.0
          -0.572645 0.269450 0.0
          -0.590801 0.248269 0.0
          -0.413893 0.295576 0.0
          -0.274226 0.095283 0.0
          -0.394407 0.260983 0.0
          -0.374557 0.229262 0.0
          -0.353810 0.200465 0.0
          -0.291725 0.141765 0.0
          -0.290525 0.115201 0.0
          -0.334565 0.175456 0.0
          -0.319346 0.151474 0.0
          -0.617127 0.243504 0.0
          -0.637889 0.265623 0.0
          -0.659096 0.288663 0.0
          -0.680047 0.313624 0.0
          -0.700700 0.339838 0.0
          -0.720882 0.367210 0.0
          -0.740506 0.395675 0.0
          -0.759575 0.425236 0.0
          -0.778141 0.455940 0.0
          -0.796263 0.487844 0.0
          -0.814009 0.521021 0.0
          -0.831470 0.555570 0.0
          -0.183235 -0.181628 0.0
          -0.261066 0.070500 0.0
          -0.250903 0.047429 0.0
          -0.258001 0.021111 0.0
          -0.209885 -0.150948 0.0
          -0.231458 -0.117186 0.0
          -0.245925 -0.085416 0.0
          -0.259996 -0.063009 0.0
          -0.256657 -0.032482 0.0
          -0.266716 -0.004290 0.0
          -0.142162 -0.527673 0.0
          -0.166929 -0.545046 0.0
          -0.191000 -0.548485 0.0
          -0.215555 -0.558265 0.0
          -0.241049 -0.564628 0.0
          -0.268628 -0.573133 0.0
          -0.154043 -0.485264 0.0
          -0.162318 -0.444956 0.0
          -0.157543 -0.267178 0.0
          -0.169953 -0.237286 0.0
          -0.181998 -0.214484 0.0
          -0.168157 -0.406788 0.0
          -0.172445 -0.300209 0.0
          -0.171921 -0.370441 0.0
          -0.176290 -0.335208 0.0
          -0.293565 -0.569712 0.0
          -0.291295 -0.596333 0.0
          -0.289787 -0.627478 0.0
          -0.288965 -0.659514 0.0
          -0.287008 -0.692205 0.0
          -0.284089 -0.725506 0.0
          -0.280179 -0.759285 0.0
          -0.275203 -0.793485 0.0
          -0.269116 -0.828120 0.0
          -0.261904 -0.863238 0.0
          -0.253560 -0.898911 0.0
          -0.244075 -0.935241 0.0
          -0.233438 -0.972372 0.0
          -0.285666 0.075143 0.0
          -0.457874 0.297953 0.0
          -0.490883 0.289728 0.0
          -0.511652 0.274837 0.0
          -0.539182 0.258634 0.0
          -0.564129 0.241086 0.0
          -0.592073 0.223550 0.0
          -0.435770 0.262654 0.0
          -0.304120 0.094519 0.0
          -0.413725 0.229295 0.0
          -0.391591 0.199015 0.0
          -0.370217 0.171484 0.0
          -0.321069 0.122378 0.0
          -0.349294 0.145632 0.0
          -0.608091 0.200990 0.0
          -0.625379 0.219501 0.0
          -0.647893 0.240426 0.0
          -0.670038 0.262738 0.0
          -0.691926 0.286689 0.0
          -0.713554 0.312038 0.0
          -0.734777 0.338602 0.0
          -0.755505 0.366277 0.0
          -0.775721 0.395058 0.0
          -0.795470 0.425006 0.0
          -0.814818 0.456182 0.0
          -0.833841 0.488652 0.0
          -0.852640 0.522498 0.0
          -0.206265 -0.207667 0.0
          -0.213891 -0.183384 0.0
          -0.282663 0.046943 0.0
          -0.290072 0.013064 0.0
          -0.240520 -0.147730 0.0
          -0.236525 -0.172331 0.0
          -0.260899 -0.107711 0.0
          -0.261291 -0.133594 0.0
          -0.279442 -0.087404 0.0
          -0.286846 -0.052498 0.0
          -0.290855 -0.021755 0.0
          -0.182918 -0.515023 0.0
          -0.209305 -0.530543 0.0
          -0.233821 -0.532206 0.0
          -0.258928 -0.539681 0.0
          -0.284742 -0.543991 0.0
          -0.191301 -0.471684 0.0
          -0.196537 -0.430804 0.0
          -0.186183 -0.267598 0.0
          -0.198188 -0.238571 0.0
          -0.200342 -0.292985 0.0
          -0.199638 -0.392191 0.0
          -0.200554 -0.321489 0.0
          -0.201146 -0.355639 0.0
          -0.312914 -0.550293 0.0
          -0.314875 -0.584033 0.0
          -0.314955 -0.615479 0.0
          -0.314686 -0.647586 0.0
          -0.313922 -0.680411 0.0
          -0.312305 -0.713819 0.0
          -0.309728 -0.747730 0.0
          -0.306106 -0.782102 0.0
          -0.301391 -0.816950 0.0
          -0.295567 -0.852323 0.0
          -0.288634 -0.888287 0.0
          -0.280592 -0.924950 0.0
          -0.271439 -0.962456 0.0
          -0.311825 0.065902 0.0
          -0.479874 0.261142 0.0
          -0.512165 0.250247 0.0
          -0.531472 0.233722 0.0
          -0.557826 0.215751 0.0
          -0.581129 0.195859 0.0
          -0.455163 0.227467 0.0
          -0.334229 0.091924 0.0
          -0.430631 0.196123 0.0
          -0.406430 0.167340 0.0
          -0.382563 0.140875 0.0
          -0.358242 0.116135 0.0
          -0.607718 0.175921 0.0
          -0.634245 0.194562 0.0
          -0.656868 0.214902 0.0
          -0.679882 0.236406 0.0
          -0.702736 0.259376 0.0
          -0.725320 0.283784 0.0
          -0.747541 0.309480 0.0
          -0.769330 0.336324 0.0
          -0.790667 0.364285 0.0
          -0.811575 0.393426 0.0
          -0.832123 0.423815 0.0
          -0.852394 0.455522 0.0
          -0.872496 0.488621 0.0
          -0.226261 -0.235288 0.0
          -0.233539 -0.204392 0.0
          -0.321532 0.035997 0.0
          -0.320972 -0.001438 0.0
          -0.263143 -0.165191 0.0
          -0.260449 -0.196574 0.0
          -0.286699 -0.121380 0.0
          -0.288761 -0.153125 0.0
          -0.312137 -0.106851 0.0
          -0.312351 -0.074850 0.0
          -0.322725 -0.037635 0.0
          -0.223034 -0.498935 0.0
          -0.250483 -0.512401 0.0
          -0.274823 -0.511753 0.0
          -0.300430 -0.517330 0.0
          -0.227869 -0.455146 0.0
          -0.229794 -0.413993 0.0
          -0.218468 -0.269102 0.0
          -0.226230 -0.304596 0.0
          -0.229935 -0.375300 0.0
          -0.228506 -0.339181 0.0
          -0.326404 -0.519869 0.0
          -0.337385 -0.544934 0.0
          -0.337187 -0.571782 0.0
          -0.339041 -0.602687 0.0
          -0.340049 -0.634756 0.0
          -0.340426 -0.667583 0.0
          -0.340072 -0.701030 0.0
          -0.338823 -0.735013 0.0
          -0.336561 -0.769498 0.0
          -0.333224 -0.804505 0.0
          -0.328798 -0.840078 0.0
          -0.323284 -0.876284 0.0
          -0.316687 -0.913228 0.0
          -0.309017 -0.951057 0.0
          -0.342851 0.065514 0.0
          -0.498933 0.222688 0.0
          -0.530163 0.209304 0.0
          -0.547931 0.191279 0.0
          -0.573049 0.171089 0.0
          -0.471689 0.191450 0.0
          -0.367269 0.087098 0.0
          -0.444833 0.161695 0.0
          -0.418500 0.134611 0.0
          -0.392575 0.109888 0.0
          -0.594726 0.149192 0.0
          -0.622060 0.152102 0.0
          -0.641258 0.169618 0.0
          -0.664953 0.188955 0.0
          -0.688716 0.209618 0.0
          -0.712455 0.231659 0.0
          -0.735966 0.255115 0.0
          -0.759152 0.279892 0.0
          -0.781962 0.305860 0.0
          -0.804381 0.332965 0.0
          -0.826422 0.361256 0.0
          -0.848144 0.390808 0.0
          -0.869635 0.421693 0.0
          -0.891007 0.453990 0.0
          -0.243635 -0.257736 0.0
          -0.355688 0.041204 0.0
          -0.257863 -0.231315 0.0
          -0.350107 0.013365 0.0
          -0.349735 -0.015114 0.0
          -0.280924 -0.216331 0.0
          -0.291283 -0.188054 0.0
          -0.312243 -0.169338 0.0
          -0.317906 -0.140861 0.0
          -0.336823 -0.120578 0.0
          -0.339600 -0.096035 0.0
          -0.342569 -0.067577 0.0
          -0.353984 -0.041947 0.0
          -0.261658 -0.479616 0.0
          -0.289934 -0.490792 0.0
          -0.314248 -0.487860 0.0
          -0.262896 -0.435773 0.0
          -0.261658 -0.394663 0.0
          -0.248131 -0.286341 0.0
          -0.254387 -0.319976 0.0
          -0.258804 -0.356098 0.0
          -0.340078 -0.492003 0.0
          -0.355761 -0.523956 0.0
          -0.359763 -0.557932 0.0
          -0.362417 -0.588990 0.0
          -0.364757 -0.620986 0.0
          -0.366401 -0.653764 0.0
          -0.367320 -0.687187 0.0
          -0.367395 -0.721177 0.0
          -0.366494 -0.755713 0.0
          -0.364544 -0.790818 0.0
          -0.361527 -0.826533 0.0
          -0.357442 -0.862926 0.0
          -0.352300 -0.900097 0.0
          -0.346116 -0.938192 0.0
          -0.374793 0.059711 0.0
          -0.514842 0.182920 0.0
          -0.545063 0.166955 0.0
          -0.561879 0.147399 0.0
          -0.485109 0.153810 0.0
          -0.400726 0.078906 0.0
          -0.456270 0.126114 0.0
          -0.428073 0.101329 0.0
          -0.584690 0.124758 0.0
          -0.619708 0.126615 0.0
          -0.647816 0.143903 0.0
          -0.671978 0.162653 0.0
          -0.696511 0.182439 0.0
          -0.721078 0.203557 0.0
          -0.745477 0.226061 0.0
          -0.769594 0.249888 0.0
          -0.793385 0.274933 0.0
          -0.816845 0.301140 0.0
          -0.839986 0.328543 0.0
          -0.862851 0.357213 0.0
          -0.885533 0.387224 0.0
          -0.908143 0.418659 0.0
          -0.270552 -0.264971 0.0
          -0.379432 0.028309 0.0
          -0.289660 -0.243941 0.0
          -0.379422 -0.000312 0.0
          -0.378999 -0.028712 0.0
          -0.308699 -0.219690 0.0
          -0.324743 -0.195450 0.0
          -0.339246 -0.168174 0.0
          -0.352067 -0.143193 0.0
          -0.362419 -0.115987 0.0
          -0.369405 -0.088589 0.0
          -0.375891 -0.060698 0.0
          -0.298370 -0.457589 0.0
          -0.327472 -0.466453 0.0
          -0.296032 -0.413920 0.0
          -0.292240 -0.372807 0.0
          -0.278643 -0.299008 0.0
          -0.286010 -0.334629 0.0
          -0.351363 -0.461767 0.0
          -0.366367 -0.492708 0.0
          -0.379316 -0.516711 0.0
          -0.381046 -0.543531 0.0
          -0.385237 -0.574350 0.0
          -0.388844 -0.606251 0.0
          -0.391776 -0.638945 0.0
          -0.393992 -0.672299 0.0
          -0.395391 -0.706243 0.0
          -0.395848 -0.740773 0.0
          -0.395287 -0.775917 0.0
          -0.393686 -0.811717 0.0
          -0.391043 -0.848238 0.0
          -0.387369 -0.885578 0.0
          -0.382683 -0.923880 0.0
          -0.406437 0.047418 0.0
          -0.527682 0.142020 0.0
          -0.557016 0.123306 0.0
          -0.495865 0.114681 0.0
          -0.435160 0.067832 0.0
          -0.464991 0.090022 0.0
          -0.573325 0.102329 0.0
          -0.605104 0.100893 0.0
          -0.632448 0.102272 0.0
          -0.652948 0.118705 0.0
          -0.677969 0.136120 0.0
          -0.703227 0.154947 0.0
          -0.728584 0.175111 0.0
          -0.753836 0.196653 0.0
          -0.778851 0.219508 0.0
          -0.803585 0.243593 0.0
          -0.828045 0.268860 0.0
          -0.852247 0.295332 0.0
          -0.876223 0.323077 0.0
          -0.900061 0.352167 0.0
          -0.923880 0.382683 0.0
          -0.301133 -0.276119 0.0
          -0.409069 0.015693 0.0
          -0.321899 -0.251789 0.0
          -0.409108 -0.015430 0.0
          -0.406840 -0.048202 0.0
          -0.340680 -0.225705 0.0
          -0.357374 -0.198296 0.0
          -0.372032 -0.170012 0.0
          -0.384421 -0.141033 0.0
          -0.394238 -0.111003 0.0
          -0.401714 -0.080233 0.0
          -0.333206 -0.433190 0.0
          -0.327739 -0.389462 0.0
          -0.320589 -0.348713 0.0
          -0.311329 -0.311155 0.0
          -0.363202 -0.439894 0.0
          -0.377957 -0.464452 0.0
          -0.396033 -0.494677 0.0
          -0.402585 -0.528043 0.0
          -0.407514 -0.558798 0.0
          -0.412345 -0.590555 0.0
          -0.416549 -0.623119 0.0
          -0.420065 -0.656357 0.0
          -0.422787 -0.690211 0.0
          -0.424594 -0.724686 0.0
          -0.425414 -0.759817 0.0
          -0.425226 -0.795648 0.0
          -0.424030 -0.832242 0.0
          -0.421835 -0.869694 0.0
          -0.418659 -0.908143 0.0
          -0.439429 0.034021 0.0
          -0.537521 0.100008 0.0
          -0.503510 0.075546 0.0
          -0.470785 0.053471 0.0
          -0.565188 0.078941 0.0
          -0.594001 0.077671 0.0
          -0.628396 0.078235 0.0
          -0.657352 0.092517 0.0
          -0.682875 0.109368 0.0
          -0.708841 0.127209 0.0
          -0.734954 0.146375 0.0
          -0.761025 0.166923 0.0
          -0.786908 0.188788 0.0
          -0.812551 0.211885 0.0
          -0.837969 0.236173 0.0
          -0.863190 0.261674 0.0
          -0.888242 0.288447 0.0
          -0.913200 0.316570 0.0
          -0.938192 0.346116 0.0
          -0.334716 -0.285848 0.0
          -0.440587 0.000150 0.0
          -0.356078 -0.258818 0.0
          -0.439319 -0.035167 0.0
          -0.435379 -0.069596 0.0
          -0.375286 -0.230186 0.0
          -0.392235 -0.200211 0.0
          -0.406827 -0.169092 0.0
          -0.418922 -0.136858 0.0
          -0.428509 -0.103311 0.0
          -0.366380 -0.406041 0.0
          -0.357669 -0.362240 0.0
          -0.346783 -0.322621 0.0
          -0.387039 -0.434135 0.0
          -0.404350 -0.463000 0.0
          -0.418999 -0.485723 0.0
          -0.422659 -0.512099 0.0
          -0.429226 -0.542375 0.0
          -0.435248 -0.573922 0.0
          -0.440705 -0.606303 0.0
          -0.445516 -0.639376 0.0
          -0.449559 -0.673092 0.0
          -0.452707 -0.707464 0.0
          -0.454894 -0.742534 0.0
          -0.456108 -0.778345 0.0
          -0.456354 -0.814957 0.0
          -0.455643 -0.852465 0.0
          -0.453990 -0.891007 0.0
          -0.473593 0.016947 0.0
          -0.543655 0.057413 0.0
          -0.507895 0.036009 0.0
          -0.577436 0.057285 0.0
          -0.611111 0.054291 0.0
          -0.638484 0.053030 0.0
          -0.660270 0.066968 0.0
          -0.686676 0.082446 0.0
          -0.713334 0.099274 0.0
          -0.740175 0.117406 0.0
          -0.767025 0.136917 0.0
          -0.793745 0.157762 0.0
          -0.820266 0.179843 0.0
          -0.846604 0.203122 0.0
          -0.872799 0.227616 0.0
          -0.898888 0.253378 0.0
          -0.924932 0.280485 0.0
          -0.951057 0.309017 0.0
          -0.370951 -0.294593 0.0
          -0.473392 -0.020480 0.0
          -0.392855 -0.264726 0.0
          -0.470320 -0.057763 0.0
          -0.464447 -0.094400 0.0
          -0.412381 -0.233192 0.0
          -0.429404 -0.200266 0.0
          -0.443837 -0.166061 0.0
          -0.455572 -0.130651 0.0
          -0.396875 -0.410515 0.0
          -0.397329 -0.375943 0.0
          -0.385030 -0.333271 0.0
          -0.413411 -0.433856 0.0
          -0.432741 -0.462885 0.0
          -0.442632 -0.494342 0.0
          -0.450278 -0.525070 0.0
          -0.457499 -0.556390 0.0
          -0.464201 -0.588535 0.0
          -0.470300 -0.621393 0.0
          -0.475660 -0.654919 0.0
          -0.480144 -0.689139 0.0
          -0.483689 -0.724096 0.0
          -0.486295 -0.759832 0.0
          -0.487974 -0.796408 0.0
          -0.488743 -0.833918 0.0
          -0.488621 -0.872496 0.0
          -0.509052 -0.003777 0.0
          -0.569082 0.034939 0.0
          -0.546283 0.015059 0.0
          -0.597317 0.032430 0.0
          -0.632371 0.029192 0.0
          -0.662576 0.040705 0.0
          -0.689400 0.055430 0.0
          -0.716705 0.071191 0.0
          -0.744236 0.088259 0.0
          -0.771826 0.106695 0.0
          -0.799344 0.126474 0.0
          -0.826713 0.147506 0.0
          -0.853935 0.169745 0.0
          -0.881062 0.193201 0.0
          -0.908143 0.217920 0.0
          -0.935237 0.243970 0.0
          -0.962456 0.271439 0.0
          -0.410010 -0.302213 0.0
          -0.507176 -0.043648 0.0
          -0.432212 -0.269185 0.0
          -0.502209 -0.083288 0.0
          -0.494348 -0.122362 0.0
          -0.452022 -0.234448 0.0
          -0.468862 -0.198559 0.0
          -0.483177 -0.161015 0.0
          -0.420181 -0.402681 0.0
          -0.427880 -0.378015 0.0
          -0.425523 -0.343586 0.0
          -0.439273 -0.429934 0.0
          -0.455561 -0.452023 0.0
          -0.461725 -0.477623 0.0
          -0.470612 -0.507056 0.0
          -0.479037 -0.538009 0.0
          -0.486981 -0.569859 0.0
          -0.494359 -0.602447 0.0
          -0.501030 -0.635733 0.0
          -0.506850 -0.669747 0.0
          -0.511752 -0.704533 0.0
          -0.515746 -0.740139 0.0
          -0.518852 -0.776624 0.0
          -0.521093 -0.814081 0.0
          -0.522498 -0.852640 0.0
          -0.545833 -0.027866 0.0
          -0.580722 0.012510 0.0
          -0.570333 -0.009629 0.0
          -0.613216 0.006431 0.0
          -0.640540 0.002856 0.0
          -0.663642 0.015149 0.0
          -0.691084 0.028356 0.0
          -0.718964 0.043006 0.0
          -0.747136 0.058981 0.0
          -0.775420 0.076315 0.0
          -0.803692 0.094989 0.0
          -0.831872 0.114927 0.0
          -0.859947 0.136086 0.0
          -0.887967 0.158473 0.0
          -0.915994 0.182117 0.0
          -0.944094 0.207077 0.0
          -0.972372 0.233438 0.0
          -0.450969 -0.308833 0.0
          -0.541827 -0.070473 0.0
          -0.473643 -0.272410 0.0
          -0.534801 -0.112707 0.0
          -0.524461 -0.154813 0.0
          -0.493812 -0.234467 0.0
          -0.510666 -0.195246 0.0
          -0.446046 -0.399918 0.0
          -0.450313 -0.367968 0.0
          -0.456086 -0.343026 0.0
          -0.467543 -0.427027 0.0
          -0.480160 -0.458447 0.0
          -0.490181 -0.488331 0.0
          -0.499814 -0.518819 0.0
          -0.508999 -0.550308 0.0
          -0.517645 -0.582573 0.0
          -0.525614 -0.615566 0.0
          -0.532764 -0.649318 0.0
          -0.539030 -0.683880 0.0
          -0.544416 -0.719299 0.0
          -0.548944 -0.755638 0.0
          -0.552648 -0.792986 0.0
          -0.555570 -0.831470 0.0
          -0.567643 -0.054281 0.0
          -0.580607 -0.033310 0.0
          -0.598219 -0.014538 0.0
          -0.632503 -0.020922 0.0
          -0.663688 -0.011256 0.0
          -0.691664 0.001233 0.0
          -0.720109 0.014761 0.0
          -0.748880 0.029612 0.0
          -0.777813 0.045823 0.0
          -0.806787 0.063365 0.0
          -0.835733 0.082171 0.0
          -0.864624 0.102207 0.0
          -0.893500 0.123484 0.0
          -0.922431 0.146019 0.0
          -0.951491 0.169859 0.0
          -0.980788 0.195076 0.0
          -0.481273 -0.305818 0.0
          -0.477829 -0.331201 0.0
          -0.561679 -0.098278 0.0
          -0.574685 -0.077841 0.0
          -0.503777 -0.267155 0.0
          -0.501398 -0.292121 0.0
          -0.568502 -0.123089 0.0
          -0.552692 -0.142353 0.0
          -0.539447 -0.185242 0.0
          -0.556753 -0.167810 0.0
          -0.523224 -0.226828 0.0
          -0.523474 -0.252604 0.0
          -0.540779 -0.209962 0.0
          -0.471174 -0.393901 0.0
          -0.475796 -0.363541 0.0
          -0.489181 -0.414396 0.0
          -0.497558 -0.439838 0.0
          -0.508921 -0.468659 0.0
          -0.519791 -0.498821 0.0
          -0.530216 -0.529909 0.0
          -0.540118 -0.561800 0.0
          -0.549370 -0.594448 0.0
          -0.557843 -0.627887 0.0
          -0.565470 -0.662171 0.0
          -0.572248 -0.697352 0.0
          -0.578198 -0.733489 0.0
          -0.583360 -0.770669 0.0
          -0.587785 -0.809017 0.0
          -0.595290 -0.062000 0.0
          -0.612212 -0.041991 0.0
          -0.639145 -0.047902 0.0
          -0.662848 -0.036968 0.0
          -0.691193 -0.025899 0.0
          -0.720136 -0.013504 0.0
          -0.749465 0.000194 0.0
          -0.779008 0.015256 0.0
          -0.808637 0.031646 0.0
          -0.838295 0.049297 0.0
          -0.867958 0.068176 0.0
          -0.897652 0.088299 0.0
          -0.927444 0.109687 0.0
          -0.957420 0.132373 0.0
          -0.987691 0.156417 0.0
          -0.502529 -0.324551 0.0
          -0.500319 -0.355562 0.0
          -0.588626 -0.107420 0.0
          -0.607110 -0.089288 0.0
          -0.526554 -0.284220 0.0
          -0.526545 -0.314833 0.0
          -0.598731 -0.136578 0.0
          -0.578970 -0.153424 0.0
          -0.564570 -0.198484 0.0
          -0.586148 -0.183130 0.0
          -0.547374 -0.241965 0.0
          -0.550240 -0.272722 0.0
          -0.569815 -0.228463 0.0
          -0.499681 -0.389035 0.0
          -0.514605 -0.419760 0.0
          -0.526883 -0.448399 0.0
          -0.538941 -0.478046 0.0
          -0.550600 -0.508687 0.0
          -0.561747 -0.540156 0.0
          -0.572269 -0.572412 0.0
          -0.582049 -0.605490 0.0
          -0.591024 -0.639449 0.0
          -0.599188 -0.674338 0.0
          -0.606558 -0.710217 0.0
          -0.613174 -0.747168 0.0
          -0.619094 -0.785317 0.0
          -0.629225 -0.070534 0.0
          -0.660962 -0.063409 0.0
          -0.689672 -0.053001 0.0
          -0.719053 -0.041745 0.0
          -0.748891 -0.029226 0.0
          -0.779004 -0.015343 0.0
          -0.809249 -0.000131 0.0
          -0.839568 0.016347 0.0
          -0.869951 0.034048 0.0
          -0.900417 0.052985 0.0
          -0.931027 0.073186 0.0
          -0.961873 0.094682 0.0
          -0.993070 0.117521 0.0
          -0.520257 -0.374592 0.0
          -0.529005 -0.348032 0.0
          -0.633695 -0.097338 0.0
          -0.621995 -0.119122 0.0
          -0.624401 -0.146671 0.0
          -0.548033 -0.332026 0.0
          -0.554577 -0.305478 0.0
          -0.611007 -0.167605 0.0
          -0.572463 -0.288426 0.0
          -0.610984 -0.194894 0.0
          -0.596081 -0.214640 0.0
          -0.576846 -0.261345 0.0
          -0.593567 -0.242182 0.0
          -0.530354 -0.399477 0.0
          -0.544032 -0.427382 0.0
          -0.557261 -0.456524 0.0
          -0.570131 -0.486671 0.0
          -0.582507 -0.517674 0.0
          -0.594283 -0.549493 0.0
          -0.605352 -0.582166 0.0
          -0.615656 -0.615750 0.0
          -0.625191 -0.650294 0.0
          -0.633972 -0.685857 0.0
          -0.642037 -0.722521 0.0
          -0.649448 -0.760406 0.0
          -0.657742 -0.088576 0.0
          -0.687036 -0.079966 0.0
          -0.716852 -0.069915 0.0
          -0.747162 -0.058591 0.0
          -0.777801 -0.045918 0.0
          -0.808623 -0.031914 0.0
          -0.839559 -0.016639 0.0
          -0.870608 -0.000134 0.0
          -0.901795 0.017596 0.0
          -0.933177 0.036579 0.0
          -0.964844 0.056849 0.0
          -0.996918 0.078448 0.0
          -0.546004 -0.377870 0.0
          -0.560175 -0.356176 0.0
          -0.653926 -0.114860 0.0
          -0.648894 -0.139734 0.0
          -0.643145 -0.165827 0.0
          -0.573548 -0.333424 0.0
          -0.586390 -0.311407 0.0
          -0.635936 -0.190220 0.0
          -0.598473 -0.287725 0.0
          -0.628263 -0.215381 0.0
          -0.619424 -0.239622 0.0
          -0.609305 -0.264002 0.0
          -0.560398 -0.405692 0.0
          -0.574749 -0.434273 0.0
          -0.588793 -0.463894 0.0
          -0.602376 -0.494388 0.0
          -0.615387 -0.525725 0.0
          -0.627725 -0.557946 0.0
          -0.639340 -0.591105 0.0
          -0.650225 -0.625252 0.0
          -0.660399 -0.660443 0.0
          -0.669904 -0.696761 0.0
          -0.678801 -0.734323 0.0
          -0.683365 -0.106812 0.0
          -0.713547 -0.097971 0.0
          -0.744281 -0.087854 0.0
          -0.775403 -0.076407 0.0
          -0.806759 -0.063638 0.0
          -0.838270 -0.049601 0.0
          -0.869935 -0.034325 0.0
          -0.901789 -0.017822 0.0
          -0.933891 -0.000081 0.0
          -0.966330 0.018930 0.0
          -0.999229 0.039256 0.0
          -0.575889 -0.383211 0.0
          -0.590434 -0.360193 0.0
          -0.678698 -0.133520 0.0
          -0.673050 -0.160141 0.0
          -0.666237 -0.186347 0.0
          -0.604159 -0.336747 0.0
          -0.617001 -0.312827 0.0
          -0.658438 -0.212413 0.0
          -0.628888 -0.288297 0.0
          -0.649614 -0.238091 0.0
          -0.639781 -0.263355 0.0
          -0.591367 -0.411331 0.0
          -0.606562 -0.440396 0.0
          -0.621329 -0.470340 0.0
          -0.635555 -0.501149 0.0
          -0.649144 -0.532867 0.0
          -0.662047 -0.565551 0.0
          -0.674260 -0.599248 0.0
          -0.685807 -0.634011 0.0
          -0.696734 -0.669924 0.0
          -0.707107 -0.707107 0.0
          -0.709171 -0.125873 0.0
          -0.740262 -0.116982 0.0
          -0.771817 -0.106758 0.0
          -0.803660 -0.095239 0.0
          -0.835701 -0.082467 0.0
          -0.867936 -0.068460 0.0
          -0.900403 -0.053218 0.0
          -0.933171 -0.036745 0.0
          -0.966329 -0.019018 0.0
          -1.000000 0.000000 0.0
          -0.607071 -0.387744 0.0
          -0.621843 -0.363590 0.0
          -0.703734 -0.153602 0.0
          -0.697215 -0.181101 0.0
          -0.689600 -0.208321 0.0
          -0.635671 -0.338915 0.0
          -0.648521 -0.313706 0.0
          -0.680899 -0.235259 0.0
          -0.660344 -0.287995 0.0
          -0.671135 -0.261838 0.0
          -0.623403 -0.416223 0.0
          -0.639336 -0.445576 0.0
          -0.654757 -0.475807 0.0
          -0.669574 -0.506973 0.0
          -0.683740 -0.539131 0.0
          -0.697261 -0.572323 0.0
          -0.710161 -0.606603 0.0
          -0.722491 -0.642055 0.0
          -0.734323 -0.678801 0.0
          -0.735127 -0.145930 0.0
          -0.767051 -0.136938 0.0
          -0.799332 -0.126671 0.0
          -0.831854 -0.115177 0.0
          -0.864610 -0.102466 0.0
          -0.897641 -0.088526 0.0
          -0.931019 -0.073353 0.0
          -0.964840 -0.056938 0.0
          -0.999229 -0.039256 0.0
          -0.639282 -0.391419 0.0
          -0.654174 -0.366028 0.0
          -0.728878 -0.174656 0.0
          -0.721509 -0.203127 0.0
          -0.713020 -0.231306 0.0
          -0.668057 -0.340077 0.0
          -0.680908 -0.313589 0.0
          -0.703413 -0.259148 0.0
          -0.692701 -0.286595 0.0
          -0.656356 -0.420134 0.0
          -0.672950 -0.449740 0.0
          -0.688971 -0.480302 0.0
          -0.704381 -0.511880 0.0
          -0.719190 -0.544516 0.0
          -0.733425 -0.578261 0.0
          -0.747138 -0.613199 0.0
          -0.760406 -0.649448 0.0
          -0.761117 -0.166918 0.0
          -0.793777 -0.157905 0.0
          -0.826731 -0.147693 0.0
          -0.859958 -0.136290 0.0
          -0.893504 -0.123678 0.0
          -0.927439 -0.109841 0.0
          -0.961867 -0.094770 0.0
          -0.996918 -0.078448 0.0
          -0.672359 -0.394048 0.0
          -0.687327 -0.367353 0.0
          -0.754018 -0.196657 0.0
          -0.745759 -0.226110 0.0
          -0.736344 -0.255233 0.0
          -0.701240 -0.340082 0.0
          -0.714068 -0.312272 0.0
          -0.725777 -0.283971 0.0
          -0.690099 -0.422979 0.0
          -0.707301 -0.452888 0.0
          -0.723935 -0.483836 0.0
          -0.740012 -0.515865 0.0
          -0.755561 -0.549025 0.0
          -0.770635 -0.583396 0.0
          -0.785317 -0.619094 0.0
          -0.787000 -0.188912 0.0
          -0.820332 -0.179987 0.0
          -0.853982 -0.169897 0.0
          -0.887992 -0.158623 0.0
          -0.922436 -0.146148 0.0
          -0.957416 -0.132452 0.0
          -0.993070 -0.117521 0.0
          -0.706186 -0.395560 0.0
          -0.721194 -0.367522 0.0
          -0.779007 -0.219655 0.0
          -0.769810 -0.250083 0.0
          -0.759419 -0.280138 0.0
          -0.735092 -0.338908 0.0
          -0.747842 -0.309763 0.0
          -0.724544 -0.424768 0.0
          -0.742374 -0.455041 0.0
          -0.759692 -0.486415 0.0
          -0.776530 -0.518939 0.0
          -0.792944 -0.552692 0.0
          -0.809017 -0.587785 0.0
          -0.812662 -0.212025 0.0
          -0.846684 -0.203253 0.0
          -0.881109 -0.193325 0.0
          -0.916010 -0.182223 0.0
          -0.951491 -0.169928 0.0
          -0.987691 -0.156417 0.0
          -0.740681 -0.395986 0.0
          -0.755681 -0.366586 0.0
          -0.803731 -0.243764 0.0
          -0.793552 -0.275148 0.0
          -0.782140 -0.306116 0.0
          -0.769510 -0.336613 0.0
          -0.759676 -0.425538 0.0
          -0.778203 -0.456211 0.0
          -0.796300 -0.488050 0.0
          -0.814028 -0.521134 0.0
          -0.831470 -0.555570 0.0
          -0.838072 -0.236318 0.0
          -0.872861 -0.227743 0.0
          -0.908167 -0.218022 0.0
          -0.944096 -0.207140 0.0
          -0.980788 -0.195076 0.0
          -0.775814 -0.395370 0.0
          -0.790759 -0.364585 0.0
          -0.828156 -0.269043 0.0
          -0.816953 -0.301368 0.0
          -0.804480 -0.333233 0.0
          -0.795521 -0.425295 0.0
          -0.814847 -0.456405 0.0
          -0.833857 -0.488771 0.0
          -0.852640 -0.522498 0.0
          -0.863257 -0.261828 0.0
          -0.898918 -0.253496 0.0
          -0.935243 -0.244037 0.0
          -0.972372 -0.233438 0.0
          -0.811619 -0.393716 0.0
          -0.826469 -0.361526 0.0
          -0.852311 -0.295525 0.0
          -0.840041 -0.328778 0.0
          -0.832144 -0.424050 0.0
          -0.852404 -0.455652 0.0
          -0.872496 -0.488621 0.0
          -0.888276 -0.288591 0.0
          -0.924944 -0.280564 0.0
          -0.962456 -0.271439 0.0
          -0.848163 -0.391037 0.0
          -0.862876 -0.357419 0.0
          -0.876255 -0.323251 0.0
          -0.869641 -0.421828 0.0
          -0.891007 -0.453990 0.0
          -0.913214 -0.316663 0.0
          -0.951057 -0.309017 0.0
          -0.885539 -0.387352 0.0
          -0.900072 -0.352277 0.0
          -0.908143 -0.418659 0.0
          -0.938192 -0.346116 0.0
          -0.923880 -0.382683 0.0
        </DataArray>
      </Points>
      <Cells>
        <DataArray type="Int32" Name="connectivity" format="ascii">
          5 0 1
          6 3 0
          5 6 0
          11 1 2
          11 5 1
          12 2 9
          12 11 2
          17 4 3
          6 17 3
          18 7 4
          17 18 4
          19 5 11
          20 6 5
          19 20 5
          21 17 6
          20 21 6
          22 8 7
          18 22 7
          23 13 8
          22 23 8
          30 9 10
          30 12 9
          31 10 28
          31 30 10
          32 11 12
          32 19 11
          33 12 30
          33 32 12
          34 14 13
          23 34 13
          35 15 14
          34 35 14
          36 16 15
          35 36 15
          37 24 16
          36 37 16
          38 18 17
          21 38 17
          39 22 18
          38 39 18
          19 32 40
          20 19 41
          40 41 19
          21 20 42
          41 42 20
          38 21 43
          42 43 21
          44 23 22
          39 44 22
          45 34 23
          44 45 23
          48 25 24
          37 48 24
          49 26 25
          48 49 25
          50 27 26
          49 50 26
          51 46 27
          50 51 27
          52 28 29
          52 31 28
          54 29 53
          54 52 29
          56 30 31
          56 33 30
          57 31 52
          57 56 31
          32 33 58
          58 40 32
          33 56 59
          59 58 33
          40 58 60
          63 35 34
          45 63 34
          64 36 35
          63 64 35
          65 37 36
          64 65 36
          66 48 37
          65 66 37
          39 38 67
          43 67 38
          44 39 68
          67 68 39
          41 40 69
          60 69 40
          42 41 70
          69 70 41
          43 42 71
          70 71 42
          67 43 72
          71 72 43
          45 44 73
          68 73 44
          63 45 74
          73 74 45
          75 47 46
          51 75 46
          76 61 47
          75 76 47
          77 49 48
          66 77 48
          78 50 49
          77 78 49
          79 51 50
          78 79 50
          80 75 51
          79 80 51
          81 52 54
          81 57 52
          82 53 55
          82 54 53
          83 54 82
          83 81 54
          85 55 84
          85 82 55
          56 57 87
          87 59 56
          57 81 88
          88 87 57
          58 59 89
          89 60 58
          59 87 90
          90 89 59
          69 60 91
          60 89 92
          92 91 60
          95 62 61
          76 95 61
          96 93 62
          95 96 62
          64 63 99
          74 99 63
          65 64 100
          99 100 64
          66 65 101
          100 101 65
          77 66 102
          101 102 66
          68 67 103
          72 103 67
          73 68 104
          103 104 68
          70 69 105
          91 105 69
          71 70 106
          105 106 70
          72 71 107
          106 107 71
          103 72 108
          107 108 72
          74 73 109
          104 109 73
          99 74 110
          109 110 74
          111 76 75
          80 111 75
          112 95 76
          111 112 76
          78 77 113
          102 113 77
          79 78 114
          113 114 78
          80 79 115
          114 115 79
          111 80 116
          115 116 80
          81 83 117
          117 88 81
          118 82 85
          118 83 82
          83 118 119
          119 117 83
          120 84 86
          120 85 84
          121 85 120
          121 118 85
          123 86 122
          123 120 86
          87 88 125
          125 90 87
          88 117 126
          126 125 88
          89 90 127
          127 92 89
          90 125 128
          128 127 90
          105 91 129
          91 92 130
          130 129 91
          92 127 131
          131 130 92
          134 94 93
          96 134 93
          135 97 94
          134 135 94
          136 96 95
          112 136 95
          137 134 96
          136 137 96
          138 98 97
          135 138 97
          139 132 98
          138 139 98
          100 99 140
          110 140 99
          101 100 141
          140 141 100
          102 101 142
          141 142 101
          113 102 143
          142 143 102
          104 103 144
          108 144 103
          109 104 145
          144 145 104
          106 105 146
          129 146 105
          107 106 147
          146 147 106
          108 107 148
          147 148 107
          144 108 149
          148 149 108
          110 109 150
          145 150 109
          140 110 151
          150 151 110
          112 111 152
          116 152 111
          136 112 153
          152 153 112
          114 113 154
          143 154 113
          115 114 155
          154 155 114
          116 115 156
          155 156 115
          152 116 157
          156 157 116
          117 119 158
          158 126 117
          118 121 159
          159 119 118
          119 159 160
          160 158 119
          161 120 123
          161 121 120
          121 161 162
          162 159 121
          163 122 124
          163 123 122
          164 123 163
          164 161 123
          166 124 165
          166 163 124
          125 126 168
          168 128 125
          126 158 169
          169 168 126
          127 128 170
          170 131 127
          128 168 171
          171 170 128
          146 129 172
          129 130 173
          173 172 129
          130 131 174
          174 173 130
          131 170 175
          175 174 131
          176 133 132
          139 176 132
          178 177 133
          176 178 133
          180 135 134
          137 180 134
          181 138 135
          180 181 135
          137 136 182
          153 182 136
          180 137 183
          182 183 137
          184 139 138
          181 184 138
          185 176 139
          184 185 139
          141 140 186
          151 186 140
          142 141 187
          186 187 141
          143 142 188
          187 188 142
          154 143 189
          188 189 143
          145 144 190
          149 190 144
          150 145 191
          190 191 145
          147 146 192
          172 192 146
          148 147 193
          192 193 147
          149 148 194
          193 194 148
          190 149 195
          194 195 149
          151 150 196
          191 196 150
          186 151 197
          196 197 151
          153 152 198
          157 198 152
          182 153 199
          198 199 153
          155 154 200
          189 200 154
          156 155 201
          200 201 155
          157 156 202
          201 202 156
          198 157 203
          202 203 157
          192 172 204
          158 160 205
          205 169 158
          159 162 206
          206 160 159
          160 206 207
          207 205 160
          161 164 208
          208 162 161
          162 208 209
          209 206 162
          210 163 166
          210 164 163
          164 210 211
          211 208 164
          212 165 167
          212 166 165
          213 166 212
          213 210 166
          215 167 214
          215 212 167
          168 169 217
          217 171 168
          169 205 218
          218 217 169
          170 171 219
          219 175 170
          171 217 220
          220 219 171
          172 173 221
          221 204 172
          173 174 222
          222 221 173
          175 219 223
          174 175 224
          224 222 174
          223 224 175
          225 178 176
          185 225 176
          226 179 177
          178 226 177
          227 226 178
          225 227 178
          229 228 179
          226 229 179
          181 180 231
          183 231 180
          184 181 232
          231 232 181
          183 182 233
          199 233 182
          231 183 234
          233 234 183
          185 184 235
          232 235 184
          225 185 236
          235 236 185
          187 186 237
          197 237 186
          188 187 238
          237 238 187
          189 188 239
          238 239 188
          200 189 240
          239 240 189
          191 190 241
          195 241 190
          196 191 242
          241 242 191
          193 192 243
          204 243 192
          194 193 244
          243 244 193
          195 194 245
          244 245 194
          241 195 246
          245 246 195
          197 196 247
          242 247 196
          237 197 248
          247 248 197
          199 198 249
          203 249 198
          233 199 250
          249 250 199
          201 200 251
          240 251 200
          202 201 252
          251 252 201
          203 202 253
          252 253 202
          249 203 254
          253 254 203
          204 221 255
          243 204 256
          255 256 204
          205 207 257
          257 218 205
          206 209 258
          258 207 206
          207 258 259
          259 257 207
          208 211 260
          260 209 208
          209 260 261
          261 258 209
          210 213 262
          262 211 210
          211 262 263
          263 260 211
          264 212 215
          264 213 212
          213 264 265
          265 262 213
          266 214 216
          266 215 214
          267 215 266
          267 264 215
          269 216 268
          269 266 216
          217 218 271
          271 220 217
          218 257 272
          272 271 218
          219 220 273
          273 223 219
          220 271 274
          274 273 220
          221 222 275
          275 255 221
          222 224 276
          276 275 222
          223 273 277
          224 223 278
          278 276 224
          277 278 223
          227 225 279
          236 279 225
          280 229 226
          227 280 226
          280 227 281
          279 281 227
          282 230 228
          229 282 228
          283 282 229
          280 283 229
          285 284 230
          282 285 230
          232 231 286
          234 286 231
          235 232 287
          286 287 232
          234 233 288
          250 288 233
          286 234 289
          288 289 234
          236 235 290
          287 290 235
          279 236 291
          290 291 236
          238 237 292
          248 292 237
          239 238 293
          292 293 238
          240 239 294
          293 294 239
          251 240 295
          294 295 240
          242 241 296
          246 296 241
          247 242 297
          296 297 242
          244 243 298
          256 298 243
          245 244 299
          298 299 244
          296 246 300
          246 245 301
          301 300 246
          299 301 245
          248 247 302
          297 302 247
          292 248 303
          302 303 248
          250 249 304
          254 304 249
          288 250 305
          304 305 250
          252 251 306
          295 306 251
          253 252 307
          306 307 252
          254 253 308
          307 308 253
          304 254 309
          308 309 254
          255 275 310
          256 255 311
          310 311 255
          298 256 312
          311 312 256
          257 259 313
          313 272 257
          258 261 314
          314 259 258
          259 314 315
          315 313 259
          260 263 316
          316 261 260
          261 316 317
          317 314 261
          262 265 318
          318 263 262
          263 318 319
          319 316 263
          264 267 320
          320 265 264
          265 320 321
          321 318 265
          322 266 269
          322 267 266
          267 322 323
          323 320 267
          324 268 270
          324 269 268
          325 269 324
          325 322 269
          327 270 326
          324 270 327
          271 272 329
          329 274 271
          272 313 330
          330 329 272
          273 274 331
          331 277 273
          274 329 332
          332 331 274
          275 276 333
          333 310 275
          276 278 334
          334 333 276
          277 331 335
          278 277 336
          336 334 278
          335 336 277
          281 279 338
          291 338 279
          283 280 339
          281 339 280
          339 281 340
          338 340 281
          341 285 282
          283 341 282
          341 283 342
          339 342 283
          343 337 284
          285 343 284
          344 343 285
          341 344 285
          287 286 345
          289 345 286
          290 287 346
          345 346 287
          289 288 347
          305 347 288
          345 289 348
          347 348 289
          291 290 349
          346 349 290
          338 291 350
          349 350 291
          293 292 351
          303 351 292
          294 293 352
          351 352 293
          295 294 353
          352 353 294
          306 295 354
          353 354 295
          297 296 355
          300 355 296
          302 297 356
          355 356 297
          299 298 357
          312 357 298
          299 358 301
          357 358 299
          300 359 355
          300 301 360
          360 359 300
          360 301 358
          303 302 361
          356 361 302
          351 303 362
          361 362 303
          305 304 363
          309 363 304
          347 305 364
          363 364 305
          307 365 308
          307 306 366
          366 365 307
          354 366 306
          363 309 367
          308 368 309
          368 367 309
          368 308 365
          310 333 369
          311 310 370
          370 310 369
          312 311 371
          370 371 311
          357 312 372
          371 372 312
          313 315 373
          373 330 313
          314 317 374
          374 315 314
          315 374 375
          375 373 315
          316 319 376
          376 317 316
          317 376 377
          377 374 317
          318 321 378
          378 319 318
          319 378 379
          379 376 319
          320 323 380
          380 321 320
          321 380 381
          381 378 321
          322 325 382
          382 323 322
          323 382 383
          383 380 323
          384 324 327
          384 325 324
          325 384 385
          385 382 325
          386 326 328
          327 326 386
          387 327 386
          387 384 327
          389 328 388
          386 328 389
          329 330 391
          391 332 329
          330 373 392
          392 391 330
          331 332 393
          393 335 331
          332 391 394
          394 393 332
          333 334 395
          395 369 333
          334 336 396
          395 334 396
          335 393 397
          336 335 398
          398 396 336
          398 335 397
          400 399 337
          343 400 337
          340 338 402
          350 402 338
          342 339 403
          340 403 339
          403 340 404
          402 404 340
          344 341 405
          342 405 341
          405 342 406
          403 406 342
          407 400 343
          344 407 343
          407 344 408
          405 408 344
          346 345 409
          348 409 345
          349 346 410
          409 410 346
          348 347 411
          364 411 347
          409 348 412
          411 412 348
          350 349 413
          410 413 349
          402 350 414
          413 414 350
          352 351 415
          362 415 351
          353 352 416
          415 416 352
          354 353 417
          416 417 353
          366 354 418
          417 418 354
          356 355 419
          419 355 359
          361 356 420
          419 420 356
          360 358 421
          358 357 422
          422 421 358
          372 422 357
          419 359 423
          359 360 424
          424 423 359
          421 424 360
          362 361 425
          420 425 361
          415 362 426
          425 426 362
          411 364 427
          364 363 428
          428 427 364
          367 428 363
          365 429 368
          365 366 430
          430 429 365
          418 430 366
          428 367 431
          367 368 432
          432 431 367
          432 368 429
          433 371 370
          434 369 395
          370 369 435
          433 370 435
          434 435 369
          436 422 372
          372 371 437
          436 372 437
          433 437 371
          373 375 438
          438 392 373
          374 377 439
          439 375 374
          375 439 440
          440 438 375
          376 379 441
          441 377 376
          377 441 442
          442 439 377
          378 381 443
          443 379 378
          379 443 444
          444 441 379
          380 383 445
          445 381 380
          381 445 446
          446 443 381
          382 385 447
          447 383 382
          383 447 448
          448 445 383
          384 387 449
          449 385 384
          385 449 450
          450 447 385
          451 386 389
          387 386 451
          387 451 452
          452 449 387
          453 388 390
          389 388 453
          454 389 453
          451 389 454
          456 390 455
          453 390 456
          391 392 458
          458 394 391
          392 438 459
          459 458 392
          393 394 460
          460 397 393
          394 458 461
          460 394 461
          462 396 398
          395 396 463
          434 395 463
          462 463 396
          464 397 460
          398 397 465
          462 398 465
          464 465 397
          466 401 399
          400 466 399
          467 466 400
          407 467 400
          469 468 401
          466 469 401
          404 402 470
          414 470 402
          406 403 471
          404 471 403
          471 404 472
          470 472 404
          408 405 473
          406 473 405
          473 406 474
          474 406 471
          467 407 475
          408 475 407
          475 408 476
          473 476 408
          410 409 477
          412 477 409
          413 410 478
          477 478 410
          412 411 479
          427 479 411
          477 412 480
          479 480 412
          414 413 481
          478 481 413
          470 414 482
          481 482 414
          416 415 483
          426 483 415
          417 416 484
          483 484 416
          418 417 485
          484 485 417
          430 418 486
          485 486 418
          420 419 487
          423 487 419
          425 420 488
          487 488 420
          489 424 421
          421 422 490
          489 421 490
          436 490 422
          491 487 423
          423 424 492
          491 423 492
          489 492 424
          483 426 493
          426 425 494
          493 426 494
          488 494 425
          479 427 495
          427 428 496
          496 495 427
          431 496 428
          432 429 497
          429 430 498
          498 497 429
          486 498 430
          496 431 499
          431 432 500
          500 499 431
          497 500 432
          433 501 437
          433 435 501
          434 502 435
          434 463 502
          502 503 435
          501 435 503
          436 504 490
          436 437 504
          501 505 437
          504 437 505
          438 440 507
          507 459 438
          439 442 508
          508 440 439
          440 508 509
          509 507 440
          441 444 510
          510 442 441
          442 510 511
          511 508 442
          443 446 512
          512 444 443
          444 512 513
          513 510 444
          445 448 514
          514 446 445
          446 514 515
          515 512 446
          447 450 516
          516 448 447
          448 516 517
          517 514 448
          449 452 518
          518 450 449
          450 518 519
          519 516 450
          451 454 520
          520 452 451
          452 520 521
          521 518 452
          522 453 456
          454 453 522
          454 522 523
          523 520 454
          524 455 457
          456 455 524
          525 456 524
          522 456 525
          527 457 526
          524 457 527
          458 459 529
          529 461 458
          459 507 530
          530 529 459
          461 529 531
          460 461 532
          464 460 532
          531 532 461
          462 533 463
          462 465 533
          533 534 463
          502 463 534
          464 535 465
          464 532 535
          535 536 465
          533 465 536
          537 469 466
          467 537 466
          537 467 538
          475 538 467
          539 506 468
          469 539 468
          540 539 469
          537 540 469
          539 541 506
          472 470 542
          482 542 470
          471 543 474
          543 471 472
          472 544 543
          542 544 472
          476 473 545
          474 545 473
          474 546 545
          546 474 543
          538 475 547
          476 547 475
          547 476 548
          545 548 476
          478 477 549
          480 549 477
          481 478 550
          549 550 478
          480 479 551
          495 551 479
          549 480 552
          551 552 480
          482 481 553
          550 553 481
          542 482 554
          553 554 482
          485 484 555
          484 483 556
          555 484 556
          493 556 483
          486 485 557
          555 557 485
          498 486 558
          558 486 557
          494 488 559
          488 487 560
          559 488 560
          491 560 487
          489 561 492
          489 490 561
          504 562 490
          561 490 562
          491 563 560
          491 492 563
          561 564 492
          563 492 564
          565 556 493
          493 494 566
          565 493 566
          559 566 494
          551 495 567
          495 496 568
          568 567 495
          499 568 496
          500 497 569
          497 498 570
          569 497 570
          558 570 498
          568 499 571
          499 500 572
          572 571 499
          569 572 500
          505 501 573
          503 573 501
          503 502 574
          534 574 502
          574 575 503
          575 573 503
          562 504 576
          505 576 504
          573 577 505
          577 576 505
          541 578 506
          507 509 579
          579 530 507
          508 511 580
          580 509 508
          509 580 581
          581 579 509
          510 513 582
          582 511 510
          511 582 583
          583 580 511
          512 515 584
          584 513 512
          513 584 585
          585 582 513
          514 517 586
          586 515 514
          515 586 587
          587 584 515
          516 519 588
          588 517 516
          517 588 589
          589 586 517
          518 521 590
          590 519 518
          519 590 591
          591 588 519
          520 523 592
          592 521 520
          521 592 593
          593 590 521
          525 594 522
          523 522 594
          523 594 595
          595 592 523
          596 524 527
          525 524 596
          596 597 525
          594 525 597
          598 526 528
          527 526 598
          599 527 598
          596 527 599
          601 528 600
          598 528 601
          603 530 579
          529 530 604
          531 529 604
          603 604 530
          531 605 532
          531 604 605
          605 606 532
          535 532 606
          534 533 607
          536 607 533
          607 608 534
          608 574 534
          536 535 609
          606 609 535
          609 610 536
          610 607 536
          540 537 611
          538 611 537
          611 538 612
          547 612 538
          541 613 578
          614 541 539
          540 614 539
          614 540 615
          611 615 540
          616 613 541
          614 616 541
          544 542 617
          554 617 542
          546 543 618
          618 543 544
          618 544 619
          617 619 544
          548 545 620
          546 620 545
          620 546 621
          618 621 546
          612 547 622
          548 622 547
          622 548 623
          623 548 620
          550 549 624
          552 624 549
          553 550 625
          624 625 550
          552 551 626
          567 626 551
          624 552 627
          626 627 552
          554 553 628
          625 628 553
          617 554 629
          628 629 554
          557 555 630
          555 556 631
          630 555 631
          565 631 556
          570 558 632
          558 557 633
          632 558 633
          630 633 557
          559 634 566
          559 560 634
          563 635 560
          634 560 635
          564 561 636
          562 636 561
          576 637 562
          637 636 562
          635 563 638
          564 638 563
          636 639 564
          639 638 564
          565 640 631
          565 566 640
          634 641 566
          640 566 641
          626 567 642
          567 568 643
          643 642 567
          571 643 568
          644 572 569
          569 570 645
          644 569 645
          632 645 570
          643 571 646
          571 572 647
          646 571 647
          644 647 572
          577 573 648
          575 648 573
          575 574 649
          575 649 648
          574 608 649
          637 576 650
          577 650 576
          577 648 650
          650 648 651
          613 653 578
          613 652 653
          579 581 654
          603 579 654
          580 583 655
          655 581 580
          581 655 656
          656 654 581
          582 585 657
          657 583 582
          583 657 658
          658 655 583
          584 587 659
          659 585 584
          585 659 660
          660 657 585
          586 589 661
          661 587 586
          587 661 662
          662 659 587
          588 591 663
          663 589 588
          589 663 664
          664 661 589
          590 593 665
          665 591 590
          591 665 666
          666 663 591
          592 595 667
          667 593 592
          593 667 668
          668 665 593
          597 669 594
          669 595 594
          595 669 670
          670 667 595
          599 671 596
          597 596 671
          671 672 597
          669 597 672
          673 598 601
          599 598 673
          673 674 599
          671 599 674
          675 600 602
          601 600 675
          676 601 675
          673 601 676
          678 602 677
          675 602 678
          603 680 604
          603 654 680
          680 681 604
          605 604 681
          606 605 682
          681 682 605
          682 683 606
          683 609 606
          608 607 684
          608 684 649
          610 684 607
          610 609 685
          610 685 684
          683 685 609
          615 611 686
          612 686 611
          686 612 687
          622 687 612
          688 652 613
          616 688 613
          688 689 652
          616 614 690
          615 690 614
          690 615 691
          686 691 615
          688 616 692
          690 692 616
          619 617 693
          629 693 617
          621 618 694
          619 694 618
          694 619 695
          693 695 619
          623 620 696
          621 696 620
          696 621 697
          694 697 621
          687 622 698
          623 698 622
          698 623 699
          696 699 623
          625 624 700
          627 700 624
          628 625 701
          700 701 625
          627 626 702
          642 702 626
          700 627 703
          703 627 702
          629 628 704
          701 704 628
          693 629 705
          704 705 629
          630 706 633
          630 631 706
          640 707 631
          706 631 707
          632 708 645
          632 633 708
          706 709 633
          708 633 709
          641 634 710
          635 710 634
          638 711 635
          711 710 635
          639 636 712
          637 712 636
          637 650 712
          711 638 713
          639 712 713
          639 713 638
          707 640 714
          641 714 640
          710 715 641
          715 714 641
          702 642 716
          642 643 717
          716 642 717
          646 717 643
          644 718 647
          644 645 718
          708 719 645
          718 645 719
          646 720 717
          646 647 720
          718 721 647
          720 647 721
          722 648 649
          722 651 648
          723 649 684
          723 722 649
          712 650 724
          651 724 650
          651 722 725
          724 651 726
          725 726 651
          689 728 652
          689 727 728
          652 729 653
          652 728 729
          680 654 730
          656 731 654
          731 730 654
          655 658 732
          656 655 732
          656 732 731
          657 660 733
          733 658 657
          734 658 733
          734 732 658
          659 662 735
          735 660 659
          660 735 736
          733 660 736
          661 664 737
          737 662 661
          662 737 738
          738 735 662
          663 666 739
          739 664 663
          664 739 740
          740 737 664
          665 668 741
          741 666 665
          666 741 742
          742 739 666
          667 670 743
          743 668 667
          668 743 744
          744 741 668
          669 672 745
          745 670 669
          670 745 746
          746 743 670
          674 747 671
          672 671 747
          747 748 672
          748 745 672
          676 749 673
          674 673 749
          749 750 674
          747 674 750
          751 675 678
          676 675 751
          751 752 676
          749 676 752
          753 677 679
          678 677 753
          754 678 753
          751 678 754
          753 679 755
          755 679 756
          681 680 757
          730 757 680
          757 758 681
          758 682 681
          683 682 759
          683 759 685
          758 759 682
          684 685 760
          760 723 684
          685 759 761
          761 760 685
          691 686 762
          687 762 686
          762 687 763
          698 763 687
          689 688 764
          692 764 688
          727 689 765
          764 765 689
          692 690 766
          691 766 690
          766 691 767
          762 767 691
          764 692 768
          766 768 692
          695 693 769
          705 769 693
          697 694 770
          695 770 694
          770 695 771
          769 771 695
          699 696 772
          697 772 696
          772 697 773
          770 773 697
          763 698 774
          699 774 698
          774 699 775
          772 775 699
          765 776 727
          704 701 777
          701 700 778
          778 777 701
          703 778 700
          779 778 703
          703 702 780
          779 703 780
          716 780 702
          705 704 781
          777 781 704
          769 705 782
          781 782 705
          709 706 783
          707 783 706
          714 784 707
          784 783 707
          719 708 785
          709 785 708
          783 786 709
          786 785 709
          715 710 787
          710 711 787
          711 713 787
          713 712 788
          724 788 712
          788 789 713
          787 713 789
          784 714 790
          715 790 714
          715 787 790
          716 791 780
          716 717 791
          720 792 717
          791 717 792
          721 718 793
          719 793 718
          785 794 719
          794 793 719
          792 720 795
          721 795 720
          793 796 721
          796 795 721
          797 722 723
          797 725 722
          798 723 760
          798 797 723
          799 725 797
          788 724 800
          726 800 724
          725 801 726
          799 801 725
          726 802 800
          801 802 726
          803 727 776
          727 804 728
          727 803 804
          728 805 729
          728 804 805
          806 757 730
          730 731 807
          807 806 730
          731 732 808
          808 807 731
          734 809 732
          809 808 732
          733 736 810
          734 733 810
          734 810 809
          735 738 811
          811 736 735
          812 736 811
          812 810 736
          737 740 813
          813 738 737
          738 813 814
          814 811 738
          739 742 815
          815 740 739
          740 815 816
          816 813 740
          741 744 817
          817 742 741
          742 817 818
          818 815 742
          743 746 819
          819 744 743
          744 819 820
          820 817 744
          745 748 821
          821 746 745
          746 821 822
          822 819 746
          750 823 747
          823 748 747
          748 823 824
          824 821 748
          752 825 749
          750 749 825
          825 826 750
          823 750 826
          754 827 751
          752 751 827
          827 828 752
          825 752 828
          829 753 755
          754 753 829
          829 830 754
          827 754 830
          755 756 831
          832 755 831
          829 755 832
          831 756 834
          831 834 833
          758 757 835
          758 835 759
          806 835 757
          759 835 836
          836 761 759
          760 761 837
          837 798 760
          761 836 838
          838 837 761
          767 762 839
          763 839 762
          839 763 840
          774 840 763
          765 764 841
          768 841 764
          776 765 842
          841 842 765
          768 766 843
          767 843 766
          843 767 844
          839 844 767
          841 768 845
          843 845 768
          771 769 846
          782 846 769
          773 770 847
          771 847 770
          847 771 848
          846 848 771
          775 772 849
          773 849 772
          849 773 850
          847 850 773
          840 774 851
          775 851 774
          851 775 852
          849 852 775
          776 853 803
          853 776 854
          842 854 776
          781 777 855
          777 778 856
          855 777 856
          779 856 778
          779 857 856
          779 780 857
          791 858 780
          857 780 858
          859 846 782
          782 781 860
          859 782 860
          855 860 781
          786 783 861
          784 861 783
          784 790 861
          794 785 862
          786 862 785
          786 861 862
          790 787 863
          789 863 787
          789 788 864
          800 864 788
          864 865 789
          863 789 865
          861 790 866
          863 866 790
          858 791 867
          792 867 791
          795 868 792
          868 867 792
          796 793 869
          794 869 793
          794 862 869
          868 795 870
          795 796 870
          796 869 870
          871 797 798
          871 799 797
          798 837 872
          872 871 798
          873 799 871
          799 874 801
          873 874 799
          864 800 875
          802 875 800
          801 876 802
          874 876 801
          802 877 875
          877 802 876
          878 803 853
          803 879 804
          803 878 879
          804 880 805
          804 879 880
          806 807 881
          806 881 835
          882 807 808
          882 881 807
          808 809 883
          883 882 808
          809 810 884
          884 883 809
          812 885 810
          885 884 810
          811 814 886
          812 811 886
          812 886 885
          813 816 887
          887 814 813
          888 814 887
          888 886 814
          815 818 889
          889 816 815
          816 889 890
          887 816 890
          817 820 891
          891 818 817
          818 891 892
          892 889 818
          819 822 893
          893 820 819
          820 893 894
          894 891 820
          821 824 895
          895 822 821
          822 895 896
          896 893 822
          823 826 897
          897 824 823
          824 897 898
          898 895 824
          828 899 825
          826 825 899
          826 899 900
          900 897 826
          830 901 827
          828 827 901
          901 902 828
          899 828 902
          832 903 829
          830 829 903
          903 904 830
          901 830 904
          905 831 833
          832 831 905
          905 906 832
          903 832 906
          905 833 907
          907 833 908
          833 834 909
          833 909 908
          835 881 910
          910 836 835
          911 910 881
          836 910 912
          912 838 836
          837 838 913
          913 872 837
          838 912 914
          914 913 838
          844 839 915
          840 915 839
          915 840 916
          851 916 840
          842 841 917
          845 917 841
          854 842 918
          917 918 842
          845 843 919
          844 919 843
          919 844 920
          915 920 844
          917 845 921
          919 921 845
          848 846 922
          859 922 846
          850 847 923
          848 923 847
          923 848 924
          924 848 922
          852 849 925
          850 925 849
          925 850 926
          923 926 850
          916 851 927
          852 927 851
          927 852 928
          925 928 852
          853 929 878
          929 853 930
          854 930 853
          930 854 931
          918 931 854
          855 932 860
          855 856 932
          857 933 856
          932 856 933
          933 857 934
          858 934 857
          867 935 858
          935 934 858
          859 936 922
          859 860 936
          932 937 860
          936 860 937
          862 861 938
          866 938 861
          869 862 939
          938 939 862
          866 863 940
          865 940 863
          865 864 941
          875 941 864
          941 942 865
          940 865 942
          938 866 943
          940 943 866
          935 867 944
          868 944 867
          868 870 944
          870 869 945
          939 945 869
          944 870 946
          945 946 870
          871 872 947
          873 871 947
          872 913 948
          948 947 872
          873 949 874
          873 947 949
          874 950 876
          874 949 950
          941 875 951
          951 875 877
          876 952 877
          952 876 950
          877 953 951
          953 877 952
          954 878 929
          878 955 879
          878 954 955
          879 956 880
          879 955 956
          882 883 957
          882 957 881
          881 957 911
          958 883 884
          958 957 883
          884 885 959
          959 958 884
          885 886 960
          960 959 885
          888 961 886
          961 960 886
          887 890 962
          888 887 962
          888 962 961
          889 892 963
          963 890 889
          890 963 964
          964 962 890
          891 894 965
          965 892 891
          892 965 966
          966 963 892
          893 896 967
          967 894 893
          894 967 968
          968 965 894
          895 898 969
          969 896 895
          896 969 970
          970 967 896
          897 900 971
          971 898 897
          898 971 972
          972 969 898
          899 902 973
          973 900 899
          900 973 974
          974 971 900
          901 904 975
          975 902 901
          902 975 976
          976 973 902
          906 977 903
          904 903 977
          904 977 978
          978 975 904
          907 979 905
          906 905 979
          979 980 906
          977 906 980
          907 908 981
          981 982 907
          979 907 982
          983 911 957
          981 908 985
          981 985 984
          908 909 986
          908 986 985
          910 911 987
          987 912 910
          911 983 988
          988 987 911
          989 988 983
          912 987 990
          990 914 912
          913 914 991
          991 948 913
          914 990 992
          992 991 914
          929 993 954
          920 915 994
          916 994 915
          994 916 995
          927 995 916
          918 917 996
          921 996 917
          931 918 997
          996 997 918
          921 919 998
          920 998 919
          998 920 999
          994 999 920
          996 921 1000
          998 1000 921
          936 1001 922
          924 922 1002
          1002 922 1001
          926 923 1003
          924 1003 923
          924 1002 1003
          928 925 1004
          926 1004 925
          1005 1004 926
          1005 926 1003
          995 927 1006
          928 1006 927
          1006 928 1007
          1007 928 1004
          993 929 1008
          930 1008 929
          1008 930 1009
          931 1009 930
          1009 931 1010
          997 1010 931
          937 932 1011
          933 1011 932
          934 1012 933
          1012 1011 933
          1012 934 1013
          935 1013 934
          935 944 1013
          1001 936 1014
          937 1014 936
          1011 1015 937
          1015 1014 937
          939 938 1016
          943 1016 938
          945 939 1017
          1016 1017 939
          943 940 1018
          942 1018 940
          1019 942 941
          951 1019 941
          1020 942 1019
          1020 1018 942
          1016 943 1021
          1018 1021 943
          1013 944 1022
          946 1022 944
          946 945 1023
          1017 1023 945
          1022 946 1024
          1023 1024 946
          947 948 1025
          1025 949 947
          948 991 1026
          1025 948 1026
          1027 949 1025
          1028 950 949
          1027 1028 949
          1029 952 950
          1028 1029 950
          1019 951 1030
          1030 951 953
          952 1031 953
          1031 952 1029
          953 1032 1030
          1032 953 1031
          1033 954 993
          954 1034 955
          954 1033 1034
          955 1035 956
          955 1034 1035
          958 959 1036
          958 1036 957
          957 1036 983
          1037 959 960
          1037 1036 959
          960 961 1038
          1038 1037 960
          961 962 1039
          1039 1038 961
          964 1040 962
          1040 1039 962
          963 966 1041
          964 963 1041
          964 1041 1040
          965 968 1042
          1042 966 965
          966 1042 1043
          1043 1041 966
          967 970 1044
          1044 968 967
          968 1044 1045
          1045 1042 968
          969 972 1046
          1046 970 969
          970 1046 1047
          1047 1044 970
          971 974 1048
          1048 972 971
          972 1048 1049
          1049 1046 972
          973 976 1050
          1050 974 973
          974 1050 1051
          1051 1048 974
          975 978 1052
          1052 976 975
          976 1052 1053
          1053 1050 976
          977 980 1054
          1054 978 977
          978 1054 1055
          1055 1052 978
          982 1056 979
          980 979 1056
          980 1056 1057
          1057 1054 980
          984 1058 981
          982 981 1058
          1058 1059 982
          1056 982 1059
          1058 984 1060
          1061 983 1036
          983 1061 989
          1062 1060 984
          984 985 1063
          984 1063 1062
          985 986 1064
          985 1064 1063
          987 988 1065
          1065 990 987
          1066 989 1061
          988 989 1067
          1067 1065 988
          989 1066 1068
          1068 1067 989
          990 1065 1069
          1069 992 990
          991 992 1070
          1070 1026 991
          992 1069 1071
          1071 1070 992
          993 1072 1033
          1072 993 1073
          1008 1073 993
          999 994 1074
          995 1074 994
          1074 995 1075
          1006 1075 995
          997 996 1076
          1000 1076 996
          1010 997 1077
          1076 1077 997
          1000 998 1078
          999 1078 998
          1078 999 1079
          1074 1079 999
          1076 1000 1080
          1078 1080 1000
          1014 1081 1001
          1001 1082 1002
          1081 1082 1001
          1002 1083 1003
          1083 1002 1082
          1005 1003 1084
          1084 1003 1083
          1007 1004 1085
          1005 1085 1004
          1005 1084 1085
          1075 1006 1086
          1007 1086 1006
          1087 1086 1007
          1087 1007 1085
          1073 1008 1088
          1009 1088 1008
          1088 1009 1089
          1010 1089 1009
          1089 1010 1090
          1077 1090 1010
          1015 1011 1091
          1011 1012 1091
          1012 1013 1091
          1091 1013 1092
          1022 1092 1013
          1081 1014 1093
          1015 1093 1014
          1015 1091 1093
          1017 1016 1094
          1021 1094 1016
          1023 1017 1095
          1094 1095 1017
          1096 1021 1018
          1020 1096 1018
          1020 1019 1097
          1097 1019 1030
          1098 1020 1097
          1098 1096 1020
          1094 1021 1099
          1096 1099 1021
          1092 1022 1100
          1024 1100 1022
          1024 1023 1101
          1095 1101 1023
          1100 1024 1102
          1101 1102 1024
          1025 1026 1103
          1027 1025 1103
          1070 1104 1026
          1103 1026 1104
          1027 1105 1028
          1027 1103 1105
          1028 1106 1029
          1105 1106 1028
          1029 1107 1031
          1107 1029 1106
          1097 1030 1108
          1030 1032 1108
          1031 1109 1032
          1109 1031 1107
          1032 1110 1108
          1110 1032 1109
          1112 1033 1072
          1072 1111 1112
          1033 1113 1034
          1033 1112 1113
          1034 1114 1035
          1034 1113 1114
          1037 1038 1115
          1037 1115 1036
          1036 1115 1061
          1116 1038 1039
          1116 1115 1038
          1039 1040 1117
          1117 1116 1039
          1040 1041 1118
          1118 1117 1040
          1043 1119 1041
          1119 1118 1041
          1042 1045 1120
          1043 1042 1120
          1043 1120 1119
          1044 1047 1121
          1121 1045 1044
          1122 1045 1121
          1122 1120 1045
          1046 1049 1123
          1123 1047 1046
          1047 1123 1124
          1124 1121 1047
          1048 1051 1125
          1125 1049 1048
          1049 1125 1126
          1126 1123 1049
          1050 1053 1127
          1127 1051 1050
          1051 1127 1128
          1128 1125 1051
          1052 1055 1129
          1129 1053 1052
          1053 1129 1130
          1130 1127 1053
          1054 1057 1131
          1131 1055 1054
          1055 1131 1132
          1132 1129 1055
          1059 1133 1056
          1133 1057 1056
          1057 1133 1134
          1134 1131 1057
          1060 1135 1058
          1059 1058 1135
          1135 1136 1059
          1133 1059 1136
          1060 1062 1137
          1137 1138 1060
          1135 1060 1138
          1139 1061 1115
          1061 1139 1066
          1141 1137 1062
          1137 1141 1140
          1062 1063 1142
          1062 1142 1141
          1063 1064 1143
          1063 1143 1142
          1065 1067 1144
          1144 1069 1065
          1145 1066 1139
          1066 1145 1146
          1146 1068 1066
          1067 1068 1147
          1147 1144 1067
          1068 1146 1148
          1148 1147 1068
          1069 1144 1149
          1149 1071 1069
          1071 1150 1070
          1150 1104 1070
          1071 1149 1151
          1151 1150 1071
          1150 1152 1104
          1111 1072 1153
          1073 1153 1072
          1153 1073 1154
          1088 1154 1073
          1153 1155 1111
          1079 1074 1156
          1075 1156 1074
          1156 1075 1157
          1157 1075 1086
          1077 1076 1158
          1080 1158 1076
          1090 1077 1159
          1158 1159 1077
          1080 1078 1160
          1079 1160 1078
          1079 1161 1160
          1156 1161 1079
          1158 1080 1162
          1160 1162 1080
          1082 1081 1163
          1081 1093 1163
          1082 1164 1083
          1164 1082 1163
          1083 1165 1084
          1164 1165 1083
          1084 1166 1085
          1166 1084 1165
          1087 1085 1167
          1167 1085 1166
          1157 1086 1168
          1087 1168 1086
          1087 1167 1168
          1154 1088 1169
          1089 1169 1088
          1169 1089 1170
          1090 1170 1089
          1170 1090 1171
          1171 1090 1159
          1093 1091 1172
          1092 1172 1091
          1172 1092 1173
          1100 1173 1092
          1163 1093 1174
          1172 1174 1093
          1095 1094 1175
          1099 1175 1094
          1101 1095 1176
          1175 1176 1095
          1096 1177 1099
          1098 1177 1096
          1098 1097 1178
          1098 1178 1177
          1097 1108 1178
          1175 1099 1179
          1177 1179 1099
          1173 1100 1180
          1102 1180 1100
          1102 1101 1181
          1176 1181 1101
          1180 1102 1182
          1181 1182 1102
          1105 1103 1183
          1103 1104 1183
          1152 1183 1104
          1106 1105 1184
          1105 1183 1184
          1107 1106 1185
          1185 1106 1184
          1107 1186 1109
          1186 1107 1185
          1187 1178 1108
          1187 1108 1110
          1109 1188 1110
          1188 1109 1186
          1110 1189 1187
          1189 1110 1188
          1190 1111 1155
          1191 1112 1111
          1111 1190 1191
          1112 1192 1113
          1112 1191 1192
          1113 1193 1114
          1113 1192 1193
          1116 1117 1194
          1116 1194 1115
          1115 1194 1139
          1195 1117 1118
          1195 1194 1117
          1118 1119 1196
          1196 1195 1118
          1119 1120 1197
          1197 1196 1119
          1122 1198 1120
          1198 1197 1120
          1121 1124 1199
          1122 1121 1199
          1122 1199 1198
          1123 1126 1200
          1200 1124 1123
          1201 1124 1200
          1201 1199 1124
          1125 1128 1202
          1202 1126 1125
          1126 1202 1203
          1203 1200 1126
          1127 1130 1204
          1204 1128 1127
          1128 1204 1205
          1205 1202 1128
          1129 1132 1206
          1206 1130 1129
          1130 1206 1207
          1207 1204 1130
          1131 1134 1208
          1208 1132 1131
          1132 1208 1209
          1209 1206 1132
          1133 1136 1210
          1210 1134 1133
          1134 1210 1211
          1211 1208 1134
          1138 1212 1135
          1136 1135 1212
          1136 1212 1213
          1213 1210 1136
          1140 1214 1137
          1138 1137 1214
          1214 1215 1138
          1212 1138 1215
          1214 1140 1216
          1217 1139 1194
          1139 1217 1145
          1218 1145 1217
          1219 1216 1140
          1220 1140 1141
          1140 1220 1219
          1141 1142 1221
          1141 1221 1220
          1142 1143 1222
          1142 1222 1221
          1147 1223 1144
          1223 1149 1144
          1145 1218 1224
          1224 1146 1145
          1225 1224 1218
          1146 1224 1226
          1226 1148 1146
          1147 1148 1227
          1227 1223 1147
          1148 1226 1228
          1228 1227 1148
          1223 1229 1149
          1151 1149 1229
          1151 1230 1150
          1230 1152 1150
          1231 1151 1229
          1231 1230 1151
          1232 1152 1230
          1152 1233 1183
          1232 1233 1152
          1155 1153 1234
          1154 1234 1153
          1234 1154 1235
          1169 1235 1154
          1155 1236 1190
          1236 1155 1237
          1234 1237 1155
          1174 1238 1163
          1161 1156 1239
          1157 1239 1156
          1240 1239 1157
          1240 1157 1168
          1159 1158 1241
          1162 1241 1158
          1159 1242 1171
          1241 1242 1159
          1162 1160 1243
          1243 1160 1161
          1243 1161 1244
          1239 1244 1161
          1241 1162 1245
          1243 1245 1162
          1164 1246 1165
          1164 1163 1246
          1246 1163 1238
          1165 1247 1166
          1247 1165 1246
          1166 1248 1167
          1247 1248 1166
          1167 1249 1168
          1249 1167 1248
          1240 1168 1250
          1250 1168 1249
          1235 1169 1251
          1170 1251 1169
          1251 1170 1252
          1171 1252 1170
          1171 1253 1252
          1253 1171 1242
          1174 1172 1254
          1173 1254 1172
          1254 1173 1255
          1180 1255 1173
          1238 1174 1256
          1254 1256 1174
          1176 1175 1257
          1179 1257 1175
          1176 1258 1181
          1258 1176 1257
          1179 1177 1259
          1177 1178 1259
          1260 1178 1187
          1260 1259 1178
          1257 1179 1261
          1259 1261 1179
          1255 1180 1262
          1182 1262 1180
          1182 1181 1263
          1258 1263 1181
          1262 1182 1264
          1263 1264 1182
          1184 1183 1265
          1233 1265 1183
          1185 1184 1266
          1265 1266 1184
          1186 1185 1267
          1267 1185 1266
          1186 1268 1188
          1268 1186 1267
          1260 1187 1269
          1269 1187 1189
          1188 1270 1189
          1268 1270 1188
          1189 1271 1269
          1271 1189 1270
          1273 1190 1236
          1236 1272 1273
          1274 1191 1190
          1190 1273 1274
          1191 1275 1192
          1191 1274 1275
          1192 1276 1193
          1192 1275 1276
          1195 1196 1277
          1195 1277 1194
          1194 1277 1217
          1278 1196 1197
          1196 1278 1277
          1197 1198 1279
          1279 1278 1197
          1198 1199 1280
          1280 1279 1198
          1201 1281 1199
          1281 1280 1199
          1200 1203 1282
          1201 1200 1282
          1201 1282 1281
          1202 1205 1283
          1283 1203 1202
          1203 1283 1284
          1284 1282 1203
          1204 1207 1285
          1285 1205 1204
          1205 1285 1286
          1286 1283 1205
          1206 1209 1287
          1287 1207 1206
          1207 1287 1288
          1288 1285 1207
          1208 1211 1289
          1289 1209 1208
          1209 1289 1290
          1290 1287 1209
          1210 1213 1291
          1291 1211 1210
          1211 1291 1292
          1292 1289 1211
          1215 1293 1212
          1213 1212 1293
          1213 1293 1294
          1294 1291 1213
          1216 1295 1214
          1215 1214 1295
          1295 1296 1215
          1293 1215 1296
          1216 1219 1297
          1297 1298 1216
          1295 1216 1298
          1299 1217 1277
          1217 1299 1218
          1300 1218 1299
          1218 1300 1225
          1302 1297 1219
          1297 1302 1301
          1303 1219 1220
          1219 1303 1302
          1220 1221 1304
          1220 1304 1303
          1221 1222 1305
          1221 1305 1304
          1227 1306 1223
          1229 1223 1306
          1307 1225 1300
          1225 1308 1224
          1226 1224 1308
          1225 1307 1309
          1308 1225 1309
          1308 1310 1226
          1310 1228 1226
          1227 1228 1311
          1306 1227 1311
          1312 1228 1310
          1312 1311 1228
          1229 1306 1313
          1231 1229 1313
          1231 1314 1230
          1231 1313 1314
          1232 1230 1314
          1232 1314 1315
          1232 1315 1233
          1233 1316 1265
          1316 1233 1315
          1237 1234 1317
          1235 1317 1234
          1317 1235 1318
          1251 1318 1235
          1272 1236 1319
          1237 1319 1236
          1319 1237 1320
          1317 1320 1237
          1319 1321 1272
          1256 1322 1238
          1238 1323 1246
          1323 1238 1322
          1244 1239 1324
          1240 1324 1239
          1240 1250 1324
          1242 1325 1253
          1242 1241 1326
          1326 1325 1242
          1245 1326 1241
          1245 1243 1327
          1244 1327 1243
          1328 1327 1244
          1328 1244 1324
          1326 1245 1329
          1327 1329 1245
          1247 1330 1248
          1247 1246 1330
          1330 1246 1323
          1248 1331 1249
          1331 1248 1330
          1249 1332 1250
          1331 1332 1249
          1250 1333 1324
          1333 1250 1332
          1318 1251 1334
          1252 1334 1251
          1334 1252 1335
          1253 1335 1252
          1335 1253 1336
          1336 1253 1325
          1256 1254 1337
          1255 1337 1254
          1337 1255 1338
          1262 1338 1255
          1322 1256 1339
          1339 1256 1337
          1340 1322 1339
          1258 1257 1341
          1261 1341 1257
          1342 1263 1258
          1342 1258 1341
          1261 1259 1343
          1260 1343 1259
          1260 1269 1343
          1341 1261 1344
          1344 1261 1343
          1338 1262 1345
          1264 1345 1262
          1346 1345 1264
          1263 1347 1264
          1346 1264 1347
          1342 1347 1263
          1266 1265 1348
          1316 1348 1265
          1349 1268 1267
          1267 1266 1350
          1349 1267 1350
          1266 1348 1350
          1268 1351 1270
          1349 1351 1268
          1269 1352 1343
          1352 1269 1271
          1353 1352 1271
          1271 1270 1354
          1353 1271 1354
          1351 1354 1270
          1355 1272 1321
          1356 1273 1272
          1272 1355 1356
          1357 1274 1273
          1273 1356 1357
          1274 1358 1275
          1274 1357 1358
          1275 1359 1276
          1275 1358 1359
          1278 1279 1360
          1278 1360 1277
          1277 1360 1299
          1361 1279 1280
          1361 1360 1279
          1280 1281 1362
          1362 1361 1280
          1281 1282 1363
          1363 1362 1281
          1284 1364 1282
          1364 1363 1282
          1283 1286 1365
          1284 1283 1365
          1284 1365 1364
          1285 1288 1366
          1366 1286 1285
          1286 1366 1367
          1367 1365 1286
          1287 1290 1368
          1368 1288 1287
          1288 1368 1369
          1369 1366 1288
          1289 1292 1370
          1370 1290 1289
          1290 1370 1371
          1371 1368 1290
          1291 1294 1372
          1372 1292 1291
          1292 1372 1373
          1373 1370 1292
          1293 1296 1374
          1374 1294 1293
          1294 1374 1375
          1375 1372 1294
          1298 1376 1295
          1376 1296 1295
          1296 1376 1377
          1377 1374 1296
          1301 1378 1297
          1298 1297 1378
          1298 1378 1379
          1379 1376 1298
          1378 1301 1380
          1381 1299 1360
          1299 1381 1300
          1382 1300 1381
          1300 1382 1307
          1301 1383 1380
          1384 1301 1302
          1301 1384 1383
          1385 1302 1303
          1302 1385 1384
          1303 1304 1386
          1303 1386 1385
          1304 1305 1387
          1304 1387 1386
          1388 1307 1382
          1311 1389 1306
          1313 1306 1389
          1307 1388 1390
          1390 1309 1307
          1308 1309 1391
          1310 1308 1391
          1309 1390 1392
          1392 1391 1309
          1310 1391 1393
          1312 1310 1393
          1312 1394 1311
          1312 1393 1394
          1389 1311 1394
          1313 1389 1395
          1313 1395 1314
          1396 1315 1314
          1395 1396 1314
          1397 1315 1396
          1398 1316 1315
          1397 1398 1315
          1399 1348 1316
          1398 1399 1316
          1320 1317 1400
          1318 1400 1317
          1400 1318 1401
          1334 1401 1318
          1321 1319 1402
          1320 1402 1319
          1402 1320 1403
          1400 1403 1320
          1321 1404 1355
          1404 1321 1405
          1402 1405 1321
          1323 1406 1330
          1406 1323 1407
          1322 1407 1323
          1340 1407 1322
          1328 1324 1408
          1408 1324 1333
          1336 1325 1409
          1325 1326 1410
          1329 1410 1326
          1410 1409 1325
          1329 1327 1411
          1328 1411 1327
          1328 1408 1411
          1410 1329 1412
          1412 1329 1411
          1331 1413 1332
          1331 1330 1413
          1413 1330 1406
          1332 1414 1333
          1414 1332 1413
          1333 1415 1408
          1414 1415 1333
          1406 1416 1413
          1401 1334 1417
          1335 1417 1334
          1417 1335 1418
          1336 1418 1335
          1418 1336 1419
          1409 1419 1336
          1337 1420 1339
          1420 1337 1338
          1338 1421 1420
          1421 1338 1345
          1339 1422 1340
          1422 1339 1420
          1423 1407 1340
          1340 1424 1423
          1424 1340 1422
          1342 1425 1347
          1342 1341 1425
          1344 1425 1341
          1344 1343 1426
          1426 1343 1352
          1427 1425 1344
          1427 1344 1426
          1345 1428 1421
          1346 1428 1345
          1346 1429 1428
          1346 1347 1429
          1430 1347 1425
          1429 1347 1430
          1431 1350 1348
          1431 1348 1399
          1349 1432 1351
          1349 1350 1432
          1433 1350 1431
          1433 1432 1350
          1351 1434 1354
          1432 1434 1351
          1352 1435 1426
          1353 1435 1352
          1353 1436 1435
          1353 1354 1436
          1437 1354 1434
          1436 1354 1437
          1439 1355 1404
          1404 1438 1439
          1440 1356 1355
          1355 1439 1440
          1441 1357 1356
          1356 1440 1441
          1357 1442 1358
          1357 1441 1442
          1358 1443 1359
          1358 1442 1443
          1361 1362 1444
          1361 1444 1360
          1360 1444 1381
          1445 1362 1363
          1445 1444 1362
          1363 1364 1446
          1446 1445 1363
          1364 1365 1447
          1447 1446 1364
          1367 1448 1365
          1448 1447 1365
          1366 1369 1449
          1367 1366 1449
          1367 1449 1448
          1368 1371 1450
          1450 1369 1368
          1451 1369 1450
          1451 1449 1369
          1370 1373 1452
          1452 1371 1370
          1371 1452 1453
          1453 1450 1371
          1372 1375 1454
          1454 1373 1372
          1373 1454 1455
          1455 1452 1373
          1374 1377 1456
          1456 1375 1374
          1375 1456 1457
          1457 1454 1375
          1376 1379 1458
          1458 1377 1376
          1377 1458 1459
          1459 1456 1377
          1378 1380 1460
          1460 1379 1378
          1379 1460 1461
          1461 1458 1379
          1462 1380 1383
          1380 1462 1463
          1463 1460 1380
          1464 1381 1444
          1381 1464 1382
          1465 1382 1464
          1382 1465 1388
          1466 1388 1465
          1383 1468 1462
          1467 1462 1468
          1469 1383 1384
          1383 1469 1468
          1470 1384 1385
          1384 1470 1469
          1385 1386 1471
          1385 1471 1470
          1386 1387 1472
          1386 1472 1471
          1388 1466 1473
          1473 1390 1388
          1474 1473 1466
          1389 1394 1475
          1395 1389 1475
          1390 1473 1476
          1476 1392 1390
          1392 1477 1391
          1393 1391 1477
          1478 1392 1476
          1478 1477 1392
          1477 1479 1393
          1393 1479 1394
          1475 1394 1480
          1479 1480 1394
          1475 1481 1395
          1396 1395 1481
          1397 1396 1482
          1482 1396 1481
          1397 1483 1398
          1397 1482 1483
          1398 1484 1399
          1483 1484 1398
          1485 1431 1399
          1485 1399 1484
          1403 1400 1486
          1401 1486 1400
          1486 1401 1487
          1417 1487 1401
          1405 1402 1488
          1403 1488 1402
          1488 1403 1489
          1486 1489 1403
          1438 1404 1490
          1405 1490 1404
          1490 1405 1491
          1488 1491 1405
          1490 1492 1438
          1416 1406 1493
          1407 1493 1406
          1423 1493 1407
          1494 1493 1423
          1495 1416 1493
          1408 1496 1411
          1496 1408 1415
          1497 1419 1409
          1409 1410 1498
          1497 1409 1498
          1412 1498 1410
          1412 1499 1498
          1412 1411 1499
          1499 1411 1496
          1414 1500 1415
          1414 1413 1500
          1500 1413 1416
          1415 1501 1496
          1501 1415 1500
          1416 1502 1500
          1495 1502 1416
          1487 1417 1503
          1418 1503 1417
          1503 1418 1504
          1419 1504 1418
          1419 1505 1504
          1497 1505 1419
          1420 1506 1422
          1506 1420 1421
          1507 1506 1421
          1507 1421 1428
          1422 1508 1424
          1506 1508 1422
          1494 1423 1509
          1509 1423 1424
          1510 1494 1509
          1509 1424 1511
          1511 1424 1508
          1430 1425 1512
          1427 1512 1425
          1427 1513 1512
          1427 1426 1513
          1513 1426 1435
          1507 1428 1514
          1515 1428 1429
          1515 1514 1428
          1515 1429 1516
          1430 1516 1429
          1517 1430 1512
          1517 1516 1430
          1433 1431 1518
          1431 1485 1518
          1432 1519 1434
          1433 1519 1432
          1433 1518 1519
          1437 1434 1520
          1520 1434 1519
          1521 1437 1520
          1435 1522 1513
          1435 1436 1522
          1437 1523 1436
          1521 1523 1437
          1523 1522 1436
          1524 1438 1492
          1525 1439 1438
          1438 1524 1525
          1526 1440 1439
          1439 1525 1526
          1527 1441 1440
          1440 1526 1527
          1441 1528 1442
          1441 1527 1528
          1442 1529 1443
          1442 1528 1529
          1445 1446 1530
          1445 1530 1444
          1444 1530 1464
          1531 1446 1447
          1531 1530 1446
          1447 1448 1532
          1532 1531 1447
          1448 1449 1533
          1533 1532 1448
          1451 1534 1449
          1534 1533 1449
          1450 1453 1535
          1451 1450 1535
          1451 1535 1534
          1452 1455 1536
          1536 1453 1452
          1537 1453 1536
          1537 1535 1453
          1454 1457 1538
          1538 1455 1454
          1455 1538 1539
          1539 1536 1455
          1456 1459 1540
          1540 1457 1456
          1457 1540 1541
          1541 1538 1457
          1458 1461 1542
          1542 1459 1458
          1459 1542 1543
          1543 1540 1459
          1460 1463 1544
          1544 1461 1460
          1461 1544 1545
          1545 1542 1461
          1462 1467 1546
          1546 1463 1462
          1463 1546 1547
          1547 1544 1463
          1548 1546 1467
          1549 1464 1530
          1464 1549 1465
          1550 1465 1549
          1465 1550 1466
          1551 1466 1550
          1466 1551 1474
          1467 1552 1548
          1468 1553 1467
          1552 1467 1553
          1469 1554 1468
          1553 1468 1554
          1555 1469 1470
          1469 1555 1554
          1470 1471 1556
          1470 1556 1555
          1471 1472 1557
          1471 1557 1556
          1558 1474 1551
          1473 1474 1559
          1476 1473 1559
          1474 1558 1560
          1560 1559 1474
          1475 1480 1561
          1481 1475 1561
          1476 1559 1562
          1478 1476 1562
          1478 1563 1477
          1478 1562 1563
          1477 1563 1479
          1564 1479 1563
          1480 1479 1564
          1561 1480 1565
          1564 1565 1480
          1481 1561 1566
          1482 1481 1566
          1482 1566 1483
          1483 1567 1484
          1483 1566 1567
          1568 1484 1567
          1569 1485 1484
          1568 1569 1484
          1570 1518 1485
          1569 1570 1485
          1489 1486 1571
          1487 1571 1486
          1571 1487 1572
          1503 1572 1487
          1491 1488 1573
          1489 1573 1488
          1573 1489 1574
          1571 1574 1489
          1492 1490 1575
          1491 1575 1490
          1575 1491 1576
          1573 1576 1491
          1492 1577 1524
          1577 1492 1578
          1575 1578 1492
          1495 1493 1579
          1494 1579 1493
          1510 1579 1494
          1495 1580 1502
          1495 1579 1580
          1496 1581 1499
          1501 1581 1496
          1497 1582 1505
          1497 1498 1582
          1499 1583 1498
          1582 1498 1583
          1583 1499 1581
          1501 1584 1581
          1501 1500 1584
          1502 1584 1500
          1502 1585 1584
          1585 1502 1580
          1572 1503 1586
          1504 1586 1503
          1586 1504 1587
          1505 1587 1504
          1587 1505 1588
          1582 1588 1505
          1506 1589 1508
          1507 1589 1506
          1507 1514 1589
          1590 1589 1514
          1510 1591 1579
          1592 1508 1589
          1508 1592 1511
          1510 1593 1591
          1510 1509 1593
          1511 1593 1509
          1594 1593 1511
          1594 1511 1592
          1517 1512 1595
          1512 1513 1595
          1513 1522 1595
          1590 1514 1596
          1515 1596 1514
          1515 1516 1596
          1517 1597 1516
          1517 1595 1597
          1516 1597 1596
          1598 1590 1596
          1518 1599 1519
          1599 1518 1570
          1520 1519 1600
          1600 1519 1599
          1521 1520 1601
          1601 1520 1600
          1521 1602 1523
          1521 1601 1602
          1603 1595 1522
          1603 1522 1604
          1523 1604 1522
          1602 1604 1523
          1606 1524 1577
          1577 1605 1606
          1607 1525 1524
          1524 1606 1607
          1608 1526 1525
          1525 1607 1608
          1609 1527 1526
          1526 1608 1609
          1527 1610 1528
          1527 1609 1610
          1528 1611 1529
          1528 1610 1611
          1531 1532 1612
          1531 1612 1530
          1530 1612 1549
          1613 1532 1533
          1613 1612 1532
          1533 1534 1614
          1614 1613 1533
          1534 1535 1615
          1615 1614 1534
          1537 1616 1535
          1616 1615 1535
          1536 1539 1617
          1537 1536 1617
          1537 1617 1616
          1538 1541 1618
          1618 1539 1538
          1619 1539 1618
          1619 1617 1539
          1540 1543 1620
          1620 1541 1540
          1541 1620 1621
          1621 1618 1541
          1542 1545 1622
          1622 1543 1542
          1543 1622 1623
          1623 1620 1543
          1544 1547 1624
          1624 1545 1544
          1545 1624 1625
          1625 1622 1545
          1546 1548 1626
          1626 1547 1546
          1547 1626 1627
          1627 1624 1547
          1628 1548 1552
          1548 1628 1629
          1629 1626 1548
          1630 1549 1612
          1549 1630 1550
          1631 1550 1630
          1550 1631 1551
          1632 1551 1631
          1632 1558 1551
          1558 1632 1633
          1552 1635 1628
          1634 1628 1635
          1553 1636 1552
          1635 1552 1636
          1554 1637 1553
          1636 1553 1637
          1638 1554 1555
          1554 1638 1637
          1555 1556 1639
          1555 1639 1638
          1556 1557 1640
          1556 1640 1639
          1633 1641 1558
          1641 1560 1558
          1560 1642 1559
          1562 1559 1642
          1643 1560 1641
          1643 1642 1560
          1641 1633 1644
          1565 1645 1561
          1645 1566 1561
          1642 1646 1562
          1562 1646 1563
          1564 1563 1647
          1646 1647 1563
          1647 1648 1564
          1565 1564 1648
          1649 1645 1565
          1649 1565 1648
          1645 1650 1566
          1567 1566 1650
          1568 1651 1569
          1652 1567 1650
          1568 1567 1652
          1568 1652 1651
          1570 1569 1653
          1651 1653 1569
          1654 1570 1653
          1570 1654 1599
          1574 1571 1655
          1572 1655 1571
          1572 1656 1655
          1656 1572 1586
          1576 1573 1657
          1574 1657 1573
          1657 1574 1658
          1655 1658 1574
          1578 1575 1659
          1576 1659 1575
          1659 1576 1660
          1657 1660 1576
          1605 1577 1661
          1578 1661 1577
          1661 1578 1662
          1659 1662 1578
          1661 1663 1605
          1580 1579 1664
          1591 1664 1579
          1580 1665 1585
          1665 1580 1664
          1581 1666 1583
          1581 1584 1666
          1588 1582 1667
          1583 1667 1582
          1667 1583 1666
          1668 1585 1665
          1666 1584 1669
          1669 1584 1585
          1668 1669 1585
          1656 1586 1670
          1587 1670 1586
          1670 1587 1671
          1588 1671 1587
          1672 1671 1588
          1672 1588 1667
          1589 1673 1592
          1590 1673 1589
          1590 1598 1673
          1664 1591 1674
          1591 1675 1674
          1675 1591 1593
          1594 1592 1676
          1676 1592 1673
          1675 1593 1677
          1594 1677 1593
          1594 1676 1677
          1597 1595 1678
          1603 1678 1595
          1598 1596 1679
          1597 1679 1596
          1597 1678 1679
          1598 1679 1680
          1598 1680 1673
          1599 1681 1600
          1681 1599 1654
          1600 1682 1601
          1682 1600 1681
          1601 1683 1602
          1683 1601 1682
          1602 1684 1604
          1684 1602 1683
          1683 1685 1684
          1603 1686 1678
          1603 1604 1686
          1687 1686 1604
          1687 1604 1684
          1688 1605 1663
          1689 1606 1605
          1605 1688 1689
          1690 1607 1606
          1606 1689 1690
          1691 1608 1607
          1607 1690 1691
          1692 1609 1608
          1608 1691 1692
          1609 1693 1610
          1609 1692 1693
          1610 1694 1611
          1610 1693 1694
          1613 1614 1695
          1613 1695 1612
          1612 1695 1630
          1696 1614 1615
          1614 1696 1695
          1615 1616 1697
          1697 1696 1615
          1616 1617 1698
          1698 1697 1616
          1619 1699 1617
          1699 1698 1617
          1618 1621 1700
          1619 1618 1700
          1619 1700 1699
          1620 1623 1701
          1701 1621 1620
          1621 1701 1702
          1702 1700 1621
          1622 1625 1703
          1703 1623 1622
          1623 1703 1704
          1704 1701 1623
          1624 1627 1705
          1705 1625 1624
          1625 1705 1706
          1706 1703 1625
          1626 1629 1707
          1707 1627 1626
          1627 1707 1708
          1708 1705 1627
          1628 1634 1709
          1709 1629 1628
          1629 1709 1710
          1710 1707 1629
          1711 1709 1634
          1712 1630 1695
          1630 1712 1631
          1713 1631 1712
          1631 1713 1632
          1714 1632 1713
          1714 1633 1632
          1715 1633 1714
          1715 1644 1633
          1716 1644 1715
          1634 1717 1711
          1635 1718 1634
          1717 1634 1718
          1636 1719 1635
          1718 1635 1719
          1637 1720 1636
          1719 1636 1720
          1721 1637 1638
          1637 1721 1720
          1638 1639 1722
          1638 1722 1721
          1639 1640 1723
          1639 1723 1722
          1641 1644 1724
          1643 1641 1724
          1643 1725 1642
          1643 1724 1725
          1646 1642 1725
          1716 1726 1644
          1726 1724 1644
          1727 1726 1716
          1649 1728 1645
          1645 1728 1650
          1725 1729 1646
          1647 1646 1729
          1648 1647 1730
          1729 1730 1647
          1648 1730 1731
          1649 1648 1731
          1649 1731 1728
          1650 1728 1732
          1652 1650 1732
          1653 1651 1733
          1732 1734 1652
          1651 1652 1734
          1734 1733 1651
          1733 1735 1653
          1653 1735 1654
          1654 1736 1681
          1736 1654 1735
          1737 1736 1735
          1658 1655 1738
          1656 1738 1655
          1739 1738 1656
          1739 1656 1670
          1660 1657 1740
          1658 1740 1657
          1740 1658 1741
          1738 1741 1658
          1662 1659 1742
          1660 1742 1659
          1742 1660 1743
          1740 1743 1660
          1663 1661 1744
          1662 1744 1661
          1744 1662 1745
          1742 1745 1662
          1663 1746 1688
          1746 1663 1747
          1744 1747 1663
          1665 1664 1749
          1664 1674 1749
          1748 1749 1674
          1750 1668 1665
          1750 1665 1749
          1750 1751 1668
          1672 1667 1752
          1667 1666 1752
          1669 1752 1666
          1669 1753 1752
          1753 1669 1668
          1668 1751 1753
          1739 1670 1754
          1671 1754 1670
          1671 1755 1754
          1672 1755 1671
          1672 1752 1755
          1676 1673 1756
          1756 1673 1680
          1748 1674 1757
          1757 1674 1675
          1757 1675 1758
          1677 1758 1675
          1677 1759 1758
          1676 1759 1677
          1676 1756 1759
          1678 1760 1679
          1686 1760 1678
          1680 1761 1756
          1761 1680 1762
          1680 1679 1762
          1762 1679 1760
          1681 1763 1682
          1736 1763 1681
          1685 1683 1764
          1764 1683 1682
          1764 1682 1763
          1765 1685 1764
          1765 1766 1685
          1687 1684 1767
          1766 1767 1685
          1684 1685 1767
          1686 1768 1760
          1687 1768 1686
          1687 1767 1768
          1769 1748 1757
          1770 1748 1769
          1772 1688 1746
          1746 1771 1772
          1773 1689 1688
          1688 1772 1773
          1774 1690 1689
          1689 1773 1774
          1775 1691 1690
          1690 1774 1775
          1776 1692 1691
          1691 1775 1776
          1692 1777 1693
          1692 1776 1777
          1693 1778 1694
          1693 1777 1778
          1696 1697 1779
          1696 1779 1695
          1695 1779 1712
          1780 1697 1698
          1780 1779 1697
          1698 1699 1781
          1781 1780 1698
          1699 1700 1782
          1782 1781 1699
          1702 1783 1700
          1783 1782 1700
          1701 1704 1784
          1702 1701 1784
          1702 1784 1783
          1703 1706 1785
          1785 1704 1703
          1704 1785 1786
          1786 1784 1704
          1705 1708 1787
          1787 1706 1705
          1706 1787 1788
          1788 1785 1706
          1707 1710 1789
          1789 1708 1707
          1708 1789 1790
          1790 1787 1708
          1709 1711 1791
          1791 1710 1709
          1710 1791 1792
          1792 1789 1710
          1793 1711 1717
          1711 1793 1794
          1794 1791 1711
          1795 1712 1779
          1712 1795 1713
          1796 1713 1795
          1796 1714 1713
          1714 1796 1797
          1714 1797 1715
          1798 1715 1797
          1715 1798 1716
          1799 1716 1798
          1727 1716 1799
          1717 1801 1793
          1800 1793 1801
          1718 1802 1717
          1801 1717 1802
          1719 1803 1718
          1802 1718 1803
          1720 1804 1719
          1803 1719 1804
          1805 1720 1721
          1720 1805 1804
          1721 1722 1806
          1721 1806 1805
          1722 1723 1807
          1722 1807 1806
          1724 1726 1808
          1724 1808 1725
          1729 1725 1809
          1808 1809 1725
          1727 1810 1726
          1810 1808 1726
          1727 1799 1811
          1727 1811 1810
          1812 1732 1728
          1813 1728 1731
          1812 1728 1813
          1809 1814 1729
          1730 1729 1814
          1814 1815 1730
          1731 1730 1815
          1815 1813 1731
          1812 1816 1732
          1734 1732 1816
          1817 1735 1733
          1734 1816 1818
          1733 1734 1818
          1818 1817 1733
          1819 1735 1817
          1737 1735 1819
          1820 1763 1736
          1737 1820 1736
          1737 1821 1820
          1737 1819 1821
          1822 1763 1820
          1741 1738 1823
          1739 1823 1738
          1739 1754 1823
          1743 1740 1824
          1741 1824 1740
          1825 1824 1741
          1825 1741 1823
          1745 1742 1826
          1743 1826 1742
          1826 1743 1827
          1824 1827 1743
          1747 1744 1828
          1745 1828 1744
          1828 1745 1829
          1826 1829 1745
          1771 1746 1830
          1747 1830 1746
          1830 1747 1831
          1828 1831 1747
          1830 1832 1771
          1834 1749 1748
          1770 1834 1748
          1833 1751 1835
          1750 1835 1751
          1750 1749 1835
          1835 1749 1834
          1836 1753 1751
          1751 1833 1836
          1755 1752 1837
          1837 1752 1753
          1753 1836 1837
          1754 1838 1823
          1838 1754 1839
          1755 1839 1754
          1839 1755 1837
          1840 1836 1833
          1756 1841 1759
          1841 1756 1761
          1769 1757 1842
          1758 1842 1757
          1842 1758 1843
          1759 1843 1758
          1759 1841 1843
          1760 1844 1762
          1844 1760 1768
          1761 1845 1841
          1845 1761 1846
          1762 1846 1761
          1846 1762 1844
          1765 1764 1847
          1847 1764 1763
          1822 1847 1763
          1765 1848 1766
          1765 1847 1848
          1849 1766 1848
          1766 1850 1767
          1849 1850 1766
          1768 1851 1844
          1768 1767 1851
          1850 1851 1767
          1769 1842 1852
          1853 1834 1770
          1852 1854 1769
          1770 1769 1854
          1855 1770 1854
          1855 1853 1770
          1856 1771 1832
          1857 1772 1771
          1771 1856 1857
          1858 1773 1772
          1772 1857 1858
          1859 1774 1773
          1773 1858 1859
          1860 1775 1774
          1774 1859 1860
          1861 1776 1775
          1775 1860 1861
          1776 1862 1777
          1776 1861 1862
          1777 1863 1778
          1777 1862 1863
          1780 1781 1864
          1780 1864 1779
          1779 1864 1795
          1865 1781 1782
          1865 1864 1781
          1782 1783 1866
          1866 1865 1782
          1783 1784 1867
          1867 1866 1783
          1786 1868 1784
          1868 1867 1784
          1785 1788 1869
          1786 1785 1869
          1786 1869 1868
          1787 1790 1870
          1870 1788 1787
          1788 1870 1871
          1871 1869 1788
          1789 1792 1872
          1872 1790 1789
          1790 1872 1873
          1873 1870 1790
          1791 1794 1874
          1874 1792 1791
          1792 1874 1875
          1875 1872 1792
          1793 1800 1876
          1876 1794 1793
          1794 1876 1877
          1877 1874 1794
          1878 1876 1800
          1879 1795 1864
          1795 1879 1796
          1880 1796 1879
          1797 1796 1880
          1881 1797 1880
          1797 1881 1798
          1882 1798 1881
          1882 1799 1798
          1799 1882 1883
          1799 1883 1811
          1884 1811 1883
          1800 1885 1878
          1801 1886 1800
          1885 1800 1886
          1802 1887 1801
          1886 1801 1887
          1803 1888 1802
          1887 1802 1888
          1804 1889 1803
          1888 1803 1889
          1890 1804 1805
          1804 1890 1889
          1805 1806 1891
          1805 1891 1890
          1806 1807 1892
          1806 1892 1891
          1893 1847 1822
          1894 1808 1810
          1808 1894 1809
          1895 1814 1809
          1809 1894 1895
          1810 1811 1896
          1810 1896 1894
          1884 1897 1811
          1897 1896 1811
          1812 1813 1898
          1812 1898 1816
          1813 1815 1899
          1899 1898 1813
          1895 1900 1814
          1815 1814 1900
          1815 1900 1899
          1901 1818 1816
          1898 1902 1816
          1901 1816 1902
          1903 1819 1817
          1901 1904 1818
          1817 1818 1904
          1903 1817 1904
          1903 1905 1819
          1821 1819 1905
          1822 1820 1906
          1821 1906 1820
          1821 1905 1906
          1822 1906 1893
          1825 1823 1907
          1907 1823 1838
          1827 1824 1908
          1825 1908 1824
          1825 1907 1908
          1829 1826 1909
          1827 1909 1826
          1909 1827 1910
          1910 1827 1908
          1831 1828 1911
          1829 1911 1828
          1911 1829 1912
          1909 1912 1829
          1832 1830 1913
          1831 1913 1830
          1913 1831 1914
          1911 1914 1831
          1832 1915 1856
          1915 1832 1916
          1913 1916 1832
          1917 1840 1833
          1917 1833 1918
          1833 1835 1918
          1835 1834 1918
          1853 1918 1834
          1839 1837 1919
          1836 1919 1837
          1840 1919 1836
          1838 1920 1907
          1921 1838 1839
          1921 1920 1838
          1921 1839 1919
          1840 1922 1919
          1840 1917 1922
          1923 1843 1841
          1923 1841 1845
          1852 1842 1924
          1842 1843 1924
          1923 1924 1843
          1925 1923 1845
          1926 1852 1924
          1844 1927 1846
          1844 1851 1927
          1925 1845 1928
          1845 1846 1928
          1846 1927 1928
          1848 1847 1929
          1893 1929 1847
          1849 1848 1930
          1848 1929 1930
          1849 1931 1850
          1849 1930 1931
          1932 1927 1851
          1850 1932 1851
          1931 1932 1850
          1854 1852 1933
          1926 1933 1852
          1853 1934 1918
          1853 1855 1934
          1855 1935 1934
          1855 1854 1935
          1854 1933 1935
          1937 1856 1915
          1915 1936 1937
          1938 1857 1856
          1856 1937 1938
          1939 1858 1857
          1857 1938 1939
          1940 1859 1858
          1858 1939 1940
          1941 1860 1859
          1859 1940 1941
          1942 1861 1860
          1860 1941 1942
          1861 1943 1862
          1861 1942 1943
          1862 1944 1863
          1862 1943 1944
          1865 1866 1945
          1865 1945 1864
          1864 1945 1879
          1946 1866 1867
          1946 1945 1866
          1867 1868 1947
          1947 1946 1867
          1868 1869 1948
          1948 1947 1868
          1871 1949 1869
          1949 1948 1869
          1870 1873 1950
          1871 1870 1950
          1871 1950 1949
          1872 1875 1951
          1951 1873 1872
          1873 1951 1952
          1952 1950 1873
          1874 1877 1953
          1953 1875 1874
          1875 1953 1954
          1954 1951 1875
          1876 1878 1955
          1955 1877 1876
          1877 1955 1956
          1956 1953 1877
          1957 1878 1885
          1878 1957 1958
          1958 1955 1878
          1959 1879 1945
          1879 1959 1880
          1960 1880 1959
          1880 1960 1881
          1961 1881 1960
          1881 1961 1882
          1962 1882 1961
          1882 1962 1883
          1963 1883 1962
          1884 1883 1963
          1884 1963 1964
          1884 1964 1897
          1885 1966 1957
          1965 1957 1966
          1886 1967 1885
          1966 1885 1967
          1887 1968 1886
          1967 1886 1968
          1888 1969 1887
          1968 1887 1969
          1970 1888 1889
          1888 1970 1969
          1971 1889 1890
          1889 1971 1970
          1890 1891 1972
          1890 1972 1971
          1891 1892 1973
          1891 1973 1972
          1893 1974 1929
          1893 1906 1974
          1975 1894 1896
          1975 1895 1894
          1976 1895 1975
          1976 1900 1895
          1896 1897 1977
          1977 1975 1896
          1897 1964 1978
          1978 1977 1897
          1898 1899 1979
          1902 1898 1979
          1980 1899 1900
          1980 1979 1899
          1976 1981 1900
          1980 1900 1981
          1901 1902 1982
          1901 1982 1904
          1979 1983 1902
          1902 1983 1982
          1903 1904 1985
          1903 1985 1905
          1984 1905 1985
          1986 1904 1982
          1986 1985 1904
          1987 1906 1905
          1984 1987 1905
          1974 1906 1988
          1987 1988 1906
          1984 1989 1987
          1907 1990 1908
          1990 1907 1920
          1991 1990 1920
          1910 1908 1992
          1992 1908 1990
          1912 1909 1993
          1910 1993 1909
          1910 1992 1993
          1914 1911 1994
          1912 1994 1911
          1994 1912 1995
          1995 1912 1993
          1916 1913 1996
          1914 1996 1913
          1996 1914 1997
          1994 1997 1914
          1936 1915 1998
          1916 1998 1915
          1998 1916 1999
          1996 1999 1916
          1998 2000 1936
          1917 2001 1922
          1917 1918 2001
          2002 1918 1934
          2002 2001 1918
          1991 1920 2003
          1921 2003 1920
          1921 1919 2003
          1922 2003 1919
          2004 2003 1922
          2004 1922 2001
          2005 1924 1923
          2005 1923 1925
          2006 1926 1924
          2006 1924 2005
          1925 1928 2007
          2008 2005 1925
          2008 1925 2007
          1926 2009 1933
          1926 2006 2009
          2009 2010 1933
          2007 1928 2011
          1927 1932 2011
          1928 1927 2011
          1930 1929 2012
          1929 1974 2012
          1931 1930 2013
          1930 2012 2013
          2014 2011 1932
          1931 2014 1932
          1931 2013 2014
          2002 1934 2015
          1935 1933 2016
          2010 2016 1933
          2017 2015 1934
          1935 2017 1934
          1935 2016 2017
          2018 2016 2010
          2019 1936 2000
          2020 1937 1936
          1936 2019 2020
          2021 1938 1937
          1937 2020 2021
          2022 1939 1938
          1938 2021 2022
          2023 1940 1939
          1939 2022 2023
          2024 1941 1940
          1940 2023 2024
          2025 1942 1941
          1941 2024 2025
          1942 2026 1943
          1942 2025 2026
          1943 2027 1944
          1943 2026 2027
          1946 1947 2028
          1946 2028 1945
          1945 2028 1959
          2029 1947 1948
          2029 2028 1947
          1948 1949 2030
          2030 2029 1948
          1949 1950 2031
          2031 2030 1949
          1952 2032 1950
          2032 2031 1950
          1951 1954 2033
          1952 1951 2033
          1952 2033 2032
          1953 1956 2034
          2034 1954 1953
          1954 2034 2035
          2035 2033 1954
          1955 1958 2036
          2036 1956 1955
          1956 2036 2037
          2034 1956 2037
          1957 1965 2038
          2038 1958 1957
          1958 2038 2039
          2039 2036 1958
          2040 2038 1965
          2041 1959 2028
          1959 2041 1960
          2042 1960 2041
          1960 2042 1961
          2043 1961 2042
          1961 2043 1962
          2044 1962 2043
          1962 2044 1963
          2045 1963 2044
          1963 2045 1964
          2046 1978 1964
          2047 1964 2045
          2047 2046 1964
          1965 2048 2040
          1966 2049 1965
          2048 1965 2049
          1967 2050 1966
          2049 1966 2050
          1968 2051 1967
          2050 1967 2051
          2052 1968 1969
          2051 1968 2052
          2053 1969 1970
          1969 2053 2052
          2054 1970 1971
          1970 2054 2053
          1971 1972 2055
          1971 2055 2054
          1972 1973 2056
          1972 2056 2055
          2057 2012 1974
          1974 1988 2057
          1977 2058 1975
          1976 1975 2058
          1976 2058 1981
          2059 1977 1978
          2059 2058 1977
          1978 2046 2060
          2060 2059 1978
          1980 1981 2061
          1980 2061 1979
          1979 2061 1983
          2062 1981 2058
          1981 2062 2061
          1982 1983 2063
          1982 2063 1986
          2064 1983 2061
          1983 2064 2063
          1984 1985 2065
          1984 2065 1989
          2066 1985 1986
          2066 2065 1985
          2067 1986 2063
          2067 2066 1986
          2067 2063 2068
          1987 2069 1988
          1989 2069 1987
          2057 1988 2070
          2069 2070 1988
          1989 2065 2072
          2071 2069 2072
          1989 2072 2069
          2073 1991 2003
          1990 2074 1992
          1991 2074 1990
          1991 2073 2074
          1992 2075 1993
          2075 1992 2074
          1995 1993 2076
          2076 1993 2075
          1997 1994 2077
          1995 2077 1994
          1995 2076 2077
          1999 1996 2078
          1997 2078 1996
          2078 1997 2079
          2079 1997 2077
          2000 1998 2080
          1999 2080 1998
          2080 1999 2081
          2078 2081 1999
          2000 2082 2019
          2082 2000 2083
          2080 2083 2000
          2004 2001 2084
          2002 2015 2084
          2001 2002 2084
          2073 2003 2085
          2004 2085 2003
          2004 2084 2085
          2086 2084 2015
          2007 2011 2087
          2006 2088 2009
          2006 2005 2088
          2008 2088 2005
          2008 2089 2088
          2008 2007 2089
          2007 2087 2089
          2010 2090 2018
          2090 2010 2091
          2009 2091 2010
          2009 2088 2091
          2087 2011 2092
          2092 2011 2014
          2013 2012 2093
          2012 2057 2093
          2094 2092 2014
          2094 2014 2013
          2013 2093 2094
          2015 2095 2086
          2015 2017 2095
          2017 2096 2095
          2016 2096 2017
          2018 2096 2016
          2097 2096 2018
          2097 2018 2098
          2098 2018 2090
          2099 2098 2090
          2101 2019 2082
          2082 2100 2101
          2102 2020 2019
          2019 2101 2102
          2103 2021 2020
          2020 2102 2103
          2104 2022 2021
          2021 2103 2104
          2105 2023 2022
          2022 2104 2105
          2106 2024 2023
          2023 2105 2106
          2107 2025 2024
          2024 2106 2107
          2025 2108 2026
          2025 2107 2108
          2026 2109 2027
          2026 2108 2109
          2029 2030 2110
          2029 2110 2028
          2028 2110 2041
          2111 2030 2031
          2111 2110 2030
          2031 2032 2112
          2112 2111 2031
          2032 2033 2113
          2113 2112 2032
          2035 2114 2033
          2114 2113 2033
          2034 2037 2115
          2035 2034 2115
          2035 2115 2114
          2036 2039 2116
          2116 2037 2036
          2117 2037 2116
          2117 2115 2037
          2038 2040 2118
          2118 2039 2038
          2039 2118 2119
          2119 2116 2039
          2120 2040 2048
          2040 2120 2121
          2121 2118 2040
          2122 2041 2110
          2041 2122 2042
          2123 2042 2122
          2042 2123 2043
          2124 2043 2123
          2043 2124 2044
          2125 2044 2124
          2044 2125 2045
          2126 2045 2125
          2047 2045 2126
          2127 2060 2046
          2047 2126 2128
          2047 2128 2046
          2046 2128 2127
          2048 2130 2120
          2129 2120 2130
          2049 2131 2048
          2130 2048 2131
          2050 2132 2049
          2131 2049 2132
          2051 2133 2050
          2132 2050 2133
          2052 2134 2051
          2133 2051 2134
          2135 2052 2053
          2052 2135 2134
          2136 2053 2054
          2053 2136 2135
          2054 2055 2137
          2054 2137 2136
          2055 2056 2138
          2055 2138 2137
          2139 2093 2057
          2057 2070 2139
          2059 2060 2140
          2059 2140 2058
          2062 2058 2140
          2141 2060 2127
          2141 2140 2060
          2142 2061 2062
          2064 2061 2142
          2143 2062 2140
          2143 2142 2062
          2144 2063 2064
          2068 2063 2144
          2145 2064 2142
          2145 2144 2064
          2065 2146 2072
          2065 2066 2146
          2067 2068 2147
          2067 2147 2066
          2147 2146 2066
          2148 2068 2144
          2149 2068 2148
          2149 2147 2068
          2139 2070 2150
          2151 2150 2070
          2151 2070 2069
          2071 2151 2069
          2071 2152 2151
          2071 2153 2152
          2071 2072 2153
          2146 2154 2072
          2153 2072 2154
          2073 2155 2074
          2073 2085 2155
          2156 2075 2074
          2156 2074 2155
          2075 2157 2076
          2156 2157 2075
          2076 2158 2077
          2158 2076 2157
          2079 2077 2159
          2159 2077 2158
          2081 2078 2160
          2079 2160 2078
          2079 2159 2160
          2083 2080 2161
          2081 2161 2080
          2161 2081 2162
          2162 2081 2160
          2100 2082 2163
          2083 2163 2082
          2163 2083 2164
          2164 2083 2161
          2163 2165 2100
          2085 2166 2155
          2085 2084 2166
          2086 2166 2084
          2086 2167 2166
          2086 2095 2167
          2168 2087 2092
          2089 2087 2169
          2168 2169 2087
          2091 2088 2170
          2089 2170 2088
          2169 2170 2089
          2090 2091 2171
          2099 2090 2171
          2091 2170 2171
          2092 2172 2168
          2172 2092 2094
          2173 2172 2094
          2094 2093 2173
          2093 2139 2173
          2095 2096 2174
          2095 2174 2167
          2175 2174 2096
          2097 2175 2096
          2097 2176 2175
          2097 2098 2176
          2177 2176 2098
          2099 2177 2098
          2099 2178 2177
          2099 2171 2178
          2179 2100 2165
          2180 2101 2100
          2100 2179 2180
          2181 2102 2101
          2101 2180 2181
          2182 2103 2102
          2102 2181 2182
          2183 2104 2103
          2103 2182 2183
          2184 2105 2104
          2104 2183 2184
          2185 2106 2105
          2105 2184 2185
          2186 2107 2106
          2106 2185 2186
          2107 2187 2108
          2107 2186 2187
          2108 2188 2109
          2108 2187 2188
          2111 2112 2189
          2111 2189 2110
          2110 2189 2122
          2190 2112 2113
          2190 2189 2112
          2113 2114 2191
          2191 2190 2113
          2114 2115 2192
          2192 2191 2114
          2117 2193 2115
          2193 2192 2115
          2116 2119 2194
          2117 2116 2194
          2117 2194 2193
          2118 2121 2195
          2195 2119 2118
          2196 2119 2195
          2196 2194 2119
          2120 2129 2197
          2197 2121 2120
          2121 2197 2198
          2198 2195 2121
          2197 2129 2199
          2200 2122 2189
          2122 2200 2123
          2201 2123 2200
          2123 2201 2124
          2202 2124 2201
          2124 2202 2125
          2203 2125 2202
          2125 2203 2126
          2204 2126 2203
          2126 2204 2128
          2205 2141 2127
          2206 2127 2128
          2127 2206 2205
          2207 2128 2204
          2207 2206 2128
          2208 2199 2129
          2130 2209 2129
          2208 2129 2209
          2131 2210 2130
          2209 2130 2210
          2132 2211 2131
          2210 2131 2211
          2133 2212 2132
          2211 2132 2212
          2134 2213 2133
          2212 2133 2213
          2214 2134 2135
          2134 2214 2213
          2215 2135 2136
          2135 2215 2214
          2136 2137 2216
          2136 2216 2215
          2137 2138 2217
          2137 2217 2216
          2218 2173 2139
          2139 2150 2218
          2141 2205 2219
          2141 2219 2140
          2143 2140 2219
          2143 2219 2220
          2143 2220 2142
          2145 2142 2220
          2145 2220 2221
          2145 2221 2144
          2148 2144 2221
          2222 2148 2221
          2149 2223 2147
          2154 2146 2223
          2147 2223 2146
          2222 2224 2148
          2149 2148 2224
          2149 2224 2223
          2225 2218 2150
          2225 2150 2226
          2150 2151 2226
          2152 2226 2151
          2227 2226 2152
          2227 2152 2228
          2153 2228 2152
          2228 2153 2229
          2154 2229 2153
          2230 2154 2223
          2230 2229 2154
          2156 2155 2231
          2156 2231 2157
          2231 2155 2166
          2157 2232 2158
          2232 2157 2231
          2158 2233 2159
          2232 2233 2158
          2159 2234 2160
          2234 2159 2233
          2162 2160 2235
          2235 2160 2234
          2164 2161 2236
          2162 2236 2161
          2162 2235 2236
          2165 2163 2237
          2164 2237 2163
          2237 2164 2238
          2238 2164 2236
          2165 2239 2179
          2239 2165 2240
          2237 2240 2165
          2166 2241 2231
          2241 2166 2167
          2167 2242 2241
          2242 2167 2174
          2243 2168 2172
          2244 2169 2168
          2168 2243 2244
          2245 2171 2170
          2169 2245 2170
          2244 2245 2169
          2178 2171 2246
          2246 2171 2245
          2243 2172 2247
          2172 2173 2247
          2218 2247 2173
          2248 2243 2247
          2249 2242 2174
          2249 2174 2175
          2250 2249 2175
          2250 2175 2176
          2176 2251 2250
          2176 2177 2251
          2177 2252 2251
          2177 2178 2252
          2253 2252 2178
          2178 2246 2253
          2255 2179 2239
          2239 2254 2255
          2256 2180 2179
          2179 2255 2256
          2257 2181 2180
          2180 2256 2257
          2258 2182 2181
          2181 2257 2258
          2259 2183 2182
          2182 2258 2259
          2260 2184 2183
          2183 2259 2260
          2261 2185 2184
          2184 2260 2261
          2262 2186 2185
          2185 2261 2262
          2186 2263 2187
          2186 2262 2263
          2187 2264 2188
          2187 2263 2264
          2190 2191 2265
          2190 2265 2189
          2189 2265 2200
          2266 2191 2192
          2191 2266 2265
          2192 2193 2267
          2267 2266 2192
          2193 2194 2268
          2268 2267 2193
          2196 2269 2194
          2269 2268 2194
          2195 2198 2270
          2196 2195 2270
          2196 2270 2269
          2197 2199 2271
          2271 2198 2197
          2198 2271 2272
          2272 2270 2198
          2273 2199 2208
          2199 2273 2274
          2274 2271 2199
          2275 2200 2265
          2200 2275 2201
          2276 2201 2275
          2201 2276 2202
          2277 2202 2276
          2202 2277 2203
          2278 2203 2277
          2203 2278 2204
          2279 2219 2205
          2280 2204 2278
          2207 2204 2280
          2281 2205 2206
          2279 2205 2281
          2207 2280 2282
          2207 2282 2206
          2206 2282 2281
          2208 2284 2273
          2283 2273 2284
          2209 2285 2208
          2284 2208 2285
          2210 2286 2209
          2285 2209 2286
          2211 2287 2210
          2286 2210 2287
          2212 2288 2211
          2287 2211 2288
          2213 2289 2212
          2288 2212 2289
          2214 2290 2213
          2289 2213 2290
          2291 2214 2215
          2214 2291 2290
          2215 2216 2292
          2215 2292 2291
          2216 2217 2293
          2216 2293 2292
          2294 2247 2218
          2294 2218 2225
          2279 2295 2219
          2219 2295 2220
          2296 2220 2295
          2221 2220 2296
          2222 2221 2296
          2222 2296 2297
          2222 2297 2224
          2224 2297 2298
          2224 2298 2223
          2230 2223 2298
          2299 2294 2225
          2299 2225 2300
          2300 2225 2226
          2300 2226 2301
          2227 2301 2226
          2227 2228 2302
          2227 2302 2301
          2302 2228 2303
          2229 2303 2228
          2304 2303 2229
          2230 2298 2304
          2230 2304 2229
          2232 2305 2233
          2232 2231 2305
          2305 2231 2241
          2233 2306 2234
          2306 2233 2305
          2234 2307 2235
          2306 2307 2234
          2235 2308 2236
          2308 2235 2307
          2238 2236 2309
          2309 2236 2308
          2240 2237 2310
          2238 2310 2237
          2238 2309 2310
          2254 2239 2311
          2240 2311 2239
          2311 2240 2312
          2312 2240 2310
          2311 2313 2254
          2241 2314 2305
          2314 2241 2242
          2242 2315 2314
          2315 2242 2249
          2316 2244 2243
          2248 2316 2243
          2317 2245 2244
          2317 2244 2316
          2318 2246 2245
          2317 2318 2245
          2319 2253 2246
          2319 2246 2318
          2248 2320 2316
          2248 2321 2320
          2248 2247 2321
          2321 2247 2294
          2249 2322 2315
          2322 2249 2250
          2250 2323 2322
          2323 2250 2251
          2251 2324 2323
          2251 2252 2324
          2252 2325 2324
          2252 2253 2325
          2253 2326 2325
          2319 2326 2253
          2327 2254 2313
          2328 2255 2254
          2254 2327 2328
          2329 2256 2255
          2255 2328 2329
          2330 2257 2256
          2256 2329 2330
          2331 2258 2257
          2257 2330 2331
          2332 2259 2258
          2258 2331 2332
          2333 2260 2259
          2259 2332 2333
          2334 2261 2260
          2260 2333 2334
          2335 2262 2261
          2261 2334 2335
          2262 2336 2263
          2262 2335 2336
          2263 2337 2264
          2263 2336 2337
          2266 2267 2338
          2266 2338 2265
          2265 2338 2275
          2339 2267 2268
          2339 2338 2267
          2268 2269 2340
          2340 2339 2268
          2269 2270 2341
          2341 2340 2269
          2272 2342 2270
          2342 2341 2270
          2271 2274 2343
          2272 2271 2343
          2272 2343 2342
          2273 2283 2344
          2344 2274 2273
          2274 2344 2345
          2345 2343 2274
          2346 2344 2283
          2347 2275 2338
          2275 2347 2276
          2348 2276 2347
          2276 2348 2277
          2349 2277 2348
          2277 2349 2278
          2350 2278 2349
          2278 2350 2280
          2351 2279 2281
          2279 2351 2295
          2352 2295 2351
          2353 2280 2350
          2280 2353 2282
          2354 2281 2282
          2281 2354 2351
          2355 2282 2353
          2355 2354 2282
          2283 2356 2346
          2284 2357 2283
          2356 2283 2357
          2285 2358 2284
          2357 2284 2358
          2286 2359 2285
          2358 2285 2359
          2287 2360 2286
          2359 2286 2360
          2288 2361 2287
          2360 2287 2361
          2289 2362 2288
          2361 2288 2362
          2290 2363 2289
          2362 2289 2363
          2364 2290 2291
          2290 2364 2363
          2291 2292 2365
          2291 2365 2364
          2292 2293 2366
          2292 2366 2365
          2321 2294 2367
          2299 2367 2294
          2352 2368 2295
          2368 2296 2295
          2369 2296 2368
          2297 2296 2369
          2297 2369 2370
          2297 2370 2298
          2371 2298 2370
          2371 2304 2298
          2299 2372 2367
          2299 2300 2372
          2372 2300 2373
          2301 2373 2300
          2373 2301 2374
          2302 2374 2301
          2303 2375 2302
          2302 2375 2374
          2371 2376 2304
          2303 2376 2375
          2304 2376 2303
          2306 2377 2307
          2306 2305 2377
          2377 2305 2314
          2307 2378 2308
          2378 2307 2377
          2308 2379 2309
          2378 2379 2308
          2309 2380 2310
          2380 2309 2379
          2312 2310 2381
          2381 2310 2380
          2313 2311 2382
          2312 2382 2311
          2312 2381 2382
          2313 2383 2327
          2383 2313 2384
          2384 2313 2382
          2314 2385 2377
          2385 2314 2315
          2315 2386 2385
          2386 2315 2322
          2316 2320 2387
          2317 2316 2387
          2317 2387 2318
          2319 2388 2326
          2319 2318 2388
          2318 2387 2388
          2389 2387 2320
          2320 2390 2389
          2320 2321 2390
          2367 2390 2321
          2322 2391 2386
          2391 2322 2323
          2392 2326 2388
          2323 2393 2391
          2393 2323 2324
          2324 2394 2393
          2394 2324 2325
          2325 2395 2394
          2325 2326 2395
          2392 2395 2326
          2397 2327 2383
          2383 2396 2397
          2398 2328 2327
          2327 2397 2398
          2399 2329 2328
          2328 2398 2399
          2400 2330 2329
          2329 2399 2400
          2401 2331 2330
          2330 2400 2401
          2402 2332 2331
          2331 2401 2402
          2403 2333 2332
          2332 2402 2403
          2404 2334 2333
          2333 2403 2404
          2405 2335 2334
          2334 2404 2405
          2335 2406 2336
          2335 2405 2406
          2336 2407 2337
          2336 2406 2407
          2339 2340 2408
          2339 2408 2338
          2338 2408 2347
          2409 2340 2341
          2409 2408 2340
          2341 2342 2410
          2410 2409 2341
          2342 2343 2411
          2411 2410 2342
          2345 2412 2343
          2412 2411 2343
          2344 2346 2413
          2345 2344 2413
          2345 2413 2412
          2414 2346 2356
          2415 2346 2414
          2415 2413 2346
          2416 2347 2408
          2347 2416 2348
          2417 2348 2416
          2348 2417 2349
          2418 2349 2417
          2349 2418 2350
          2419 2350 2418
          2350 2419 2353
          2420 2351 2354
          2352 2351 2420
          2352 2420 2421
          2352 2421 2368
          2422 2353 2419
          2355 2353 2422
          2355 2422 2423
          2355 2423 2354
          2354 2423 2420
          2356 2425 2414
          2424 2414 2425
          2357 2426 2356
          2425 2356 2426
          2358 2427 2357
          2426 2357 2427
          2359 2428 2358
          2427 2358 2428
          2360 2429 2359
          2428 2359 2429
          2361 2430 2360
          2429 2360 2430
          2362 2431 2361
          2430 2361 2431
          2363 2432 2362
          2431 2362 2432
          2433 2363 2364
          2363 2433 2432
          2364 2365 2434
          2364 2434 2433
          2365 2366 2435
          2365 2435 2434
          2390 2367 2436
          2372 2436 2367
          2437 2368 2421
          2437 2369 2368
          2438 2369 2437
          2369 2438 2370
          2438 2439 2370
          2371 2439 2376
          2371 2370 2439
          2440 2436 2372
          2372 2373 2440
          2440 2373 2441
          2373 2374 2441
          2442 2441 2374
          2374 2375 2442
          2443 2442 2375
          2444 2443 2375
          2444 2375 2376
          2445 2376 2439
          2444 2376 2445
          2378 2446 2379
          2378 2377 2446
          2446 2377 2385
          2379 2447 2380
          2447 2379 2446
          2380 2448 2381
          2447 2448 2380
          2381 2449 2382
          2449 2381 2448
          2384 2382 2450
          2450 2382 2449
          2396 2383 2451
          2384 2451 2383
          2384 2450 2451
          2452 2396 2451
          2385 2453 2446
          2453 2385 2386
          2386 2454 2453
          2454 2386 2391
          2392 2388 2455
          2389 2455 2387
          2388 2387 2455
          2456 2455 2389
          2456 2389 2457
          2389 2390 2457
          2390 2436 2457
          2391 2458 2454
          2458 2391 2393
          2392 2459 2395
          2392 2455 2459
          2393 2460 2458
          2393 2394 2460
          2461 2460 2394
          2461 2394 2395
          2462 2461 2395
          2462 2395 2459
          2463 2396 2452
          2464 2397 2396
          2396 2463 2464
          2465 2398 2397
          2397 2464 2465
          2466 2399 2398
          2398 2465 2466
          2467 2400 2399
          2399 2466 2467
          2468 2401 2400
          2400 2467 2468
          2469 2402 2401
          2401 2468 2469
          2470 2403 2402
          2402 2469 2470
          2471 2404 2403
          2403 2470 2471
          2472 2405 2404
          2404 2471 2472
          2405 2473 2406
          2405 2472 2473
          2406 2474 2407
          2406 2473 2474
          2409 2410 2475
          2409 2475 2408
          2408 2475 2416
          2476 2410 2411
          2476 2475 2410
          2411 2412 2477
          2477 2476 2411
          2412 2413 2478
          2478 2477 2412
          2415 2479 2413
          2479 2478 2413
          2414 2424 2480
          2415 2414 2480
          2415 2480 2479
          2481 2480 2424
          2482 2416 2475
          2416 2482 2417
          2483 2437 2421
          2484 2417 2482
          2417 2484 2418
          2485 2418 2484
          2418 2485 2419
          2486 2419 2485
          2419 2486 2422
          2487 2420 2423
          2420 2487 2421
          2488 2421 2487
          2488 2483 2421
          2489 2422 2486
          2422 2489 2423
          2490 2423 2489
          2490 2487 2423
          2481 2424 2491
          2425 2492 2424
          2491 2424 2492
          2426 2493 2425
          2492 2425 2493
          2427 2494 2426
          2493 2426 2494
          2428 2495 2427
          2494 2427 2495
          2429 2496 2428
          2495 2428 2496
          2430 2497 2429
          2496 2429 2497
          2431 2498 2430
          2497 2430 2498
          2432 2499 2431
          2498 2431 2499
          2500 2432 2433
          2432 2500 2499
          2433 2434 2501
          2433 2501 2500
          2434 2435 2502
          2434 2502 2501
          2503 2457 2436
          2436 2440 2503
          2504 2437 2483
          2504 2438 2437
          2505 2438 2504
          2505 2439 2438
          2505 2506 2439
          2445 2439 2506
          2507 2503 2440
          2440 2441 2507
          2508 2507 2441
          2441 2442 2508
          2509 2508 2442
          2443 2509 2442
          2510 2509 2443
          2510 2443 2511
          2444 2511 2443
          2444 2445 2511
          2512 2445 2506
          2512 2511 2445
          2448 2447 2513
          2447 2446 2513
          2513 2446 2453
          2448 2514 2449
          2514 2448 2513
          2449 2515 2450
          2514 2515 2449
          2450 2516 2451
          2516 2450 2515
          2452 2451 2517
          2517 2451 2516
          2452 2518 2463
          2452 2517 2518
          2453 2519 2513
          2519 2453 2454
          2454 2520 2519
          2520 2454 2458
          2521 2459 2455
          2456 2521 2455
          2456 2522 2521
          2456 2457 2522
          2523 2522 2457
          2523 2457 2503
          2458 2524 2520
          2524 2458 2460
          2462 2459 2525
          2459 2521 2525
          2460 2526 2524
          2460 2461 2526
          2461 2527 2526
          2462 2527 2461
          2462 2525 2527
          2529 2463 2518
          2528 2529 2518
          2530 2464 2463
          2463 2529 2530
          2531 2465 2464
          2464 2530 2531
          2532 2466 2465
          2465 2531 2532
          2533 2467 2466
          2466 2532 2533
          2534 2468 2467
          2467 2533 2534
          2535 2469 2468
          2468 2534 2535
          2536 2470 2469
          2469 2535 2536
          2537 2471 2470
          2470 2536 2537
          2538 2472 2471
          2471 2537 2538
          2472 2539 2473
          2472 2538 2539
          2473 2540 2474
          2473 2539 2540
          2541 2504 2483
          2476 2477 2542
          2476 2542 2475
          2475 2542 2482
          2543 2477 2478
          2543 2542 2477
          2478 2479 2544
          2544 2543 2478
          2479 2480 2545
          2545 2544 2479
          2481 2546 2480
          2546 2545 2480
          2481 2491 2547
          2481 2547 2546
          2548 2482 2542
          2482 2548 2484
          2488 2549 2483
          2541 2483 2549
          2550 2484 2548
          2484 2550 2485
          2551 2485 2550
          2485 2551 2486
          2552 2486 2551
          2486 2552 2489
          2490 2553 2487
          2488 2553 2549
          2488 2487 2553
          2554 2489 2552
          2490 2489 2554
          2490 2554 2553
          2491 2556 2547
          2555 2547 2556
          2492 2557 2491
          2556 2491 2557
          2493 2558 2492
          2557 2492 2558
          2494 2559 2493
          2558 2493 2559
          2495 2560 2494
          2559 2494 2560
          2496 2561 2495
          2560 2495 2561
          2497 2562 2496
          2561 2496 2562
          2498 2563 2497
          2562 2497 2563
          2499 2564 2498
          2563 2498 2564
          2499 2500 2565
          2499 2565 2564
          2500 2501 2566
          2500 2566 2565
          2501 2502 2567
          2501 2567 2566
          2523 2503 2568
          2569 2568 2503
          2569 2503 2507
          2541 2570 2504
          2505 2570 2506
          2505 2504 2570
          2571 2506 2570
          2512 2506 2571
          2572 2507 2508
          2572 2573 2507
          2569 2507 2573
          2574 2508 2509
          2574 2575 2508
          2572 2508 2575
          2574 2509 2576
          2510 2576 2509
          2510 2511 2577
          2510 2577 2576
          2578 2577 2511
          2512 2578 2511
          2512 2571 2578
          2514 2579 2515
          2514 2513 2579
          2579 2513 2519
          2515 2580 2516
          2580 2515 2579
          2516 2581 2517
          2580 2581 2516
          2517 2582 2518
          2582 2517 2581
          2528 2518 2583
          2583 2518 2582
          2519 2584 2579
          2584 2519 2520
          2520 2585 2584
          2585 2520 2524
          2586 2525 2521
          2521 2522 2586
          2587 2586 2522
          2522 2523 2587
          2523 2568 2587
          2588 2525 2586
          2524 2589 2585
          2589 2524 2526
          2527 2525 2590
          2588 2590 2525
          2526 2591 2589
          2591 2526 2527
          2527 2590 2591
          2528 2583 2592
          2593 2529 2528
          2528 2592 2593
          2594 2530 2529
          2529 2593 2594
          2595 2531 2530
          2530 2594 2595
          2596 2532 2531
          2531 2595 2596
          2597 2533 2532
          2532 2596 2597
          2598 2534 2533
          2533 2597 2598
          2599 2535 2534
          2534 2598 2599
          2600 2536 2535
          2535 2599 2600
          2537 2536 2601
          2600 2601 2536
          2537 2602 2538
          2601 2602 2537
          2538 2603 2539
          2538 2602 2603
          2539 2604 2540
          2539 2603 2604
          2541 2549 2605
          2541 2605 2570
          2543 2544 2606
          2543 2606 2542
          2542 2606 2548
          2607 2544 2545
          2607 2606 2544
          2545 2546 2608
          2608 2607 2545
          2546 2547 2609
          2609 2608 2546
          2555 2610 2547
          2610 2609 2547
          2611 2548 2606
          2548 2611 2550
          2549 2553 2612
          2549 2612 2605
          2613 2550 2611
          2550 2613 2551
          2614 2551 2613
          2551 2614 2552
          2615 2552 2614
          2552 2615 2554
          2554 2615 2616
          2554 2616 2553
          2612 2553 2616
          2555 2617 2610
          2556 2618 2555
          2555 2618 2617
          2557 2619 2556
          2618 2556 2619
          2558 2620 2557
          2619 2557 2620
          2559 2621 2558
          2620 2558 2621
          2560 2622 2559
          2621 2559 2622
          2561 2623 2560
          2622 2560 2623
          2562 2624 2561
          2623 2561 2624
          2563 2625 2562
          2624 2562 2625
          2564 2626 2563
          2625 2563 2626
          2564 2565 2627
          2564 2627 2626
          2565 2566 2628
          2565 2628 2627
          2566 2567 2629
          2566 2629 2628
          2587 2568 2630
          2631 2630 2568
          2568 2569 2631
          2569 2573 2631
          2605 2632 2570
          2571 2570 2632
          2633 2571 2632
          2571 2633 2578
          2573 2572 2634
          2572 2575 2634
          2634 2635 2573
          2631 2573 2635
          2575 2574 2636
          2574 2576 2636
          2636 2637 2575
          2634 2575 2637
          2636 2576 2638
          2639 2638 2576
          2639 2576 2577
          2640 2578 2633
          2578 2640 2577
          2639 2577 2640
          2580 2641 2581
          2580 2579 2641
          2641 2579 2584
          2581 2642 2582
          2642 2581 2641
          2582 2643 2583
          2642 2643 2582
          2583 2644 2592
          2644 2583 2643
          2584 2645 2641
          2645 2584 2585
          2585 2646 2645
          2646 2585 2589
          2588 2586 2647
          2586 2587 2647
          2630 2647 2587
          2588 2648 2590
          2588 2647 2648
          2589 2649 2646
          2649 2589 2591
          2591 2650 2649
          2650 2591 2590
          2590 2648 2650
          2651 2592 2644
          2652 2592 2651
          2653 2593 2592
          2652 2653 2592
          2654 2594 2593
          2593 2653 2654
          2655 2595 2594
          2594 2654 2655
          2656 2596 2595
          2595 2655 2656
          2657 2597 2596
          2596 2656 2657
          2658 2598 2597
          2597 2657 2658
          2659 2599 2598
          2598 2658 2659
          2600 2599 2660
          2659 2660 2599
          2601 2600 2661
          2660 2661 2600
          2601 2662 2602
          2661 2662 2601
          2602 2663 2603
          2662 2663 2602
          2603 2664 2604
          2603 2663 2664
          2665 2605 2612
          2605 2665 2632
          2607 2608 2666
          2607 2666 2606
          2606 2666 2611
          2667 2608 2609
          2667 2666 2608
          2609 2610 2668
          2668 2667 2609
          2610 2617 2669
          2669 2668 2610
          2670 2611 2666
          2611 2670 2613
          2671 2612 2616
          2665 2612 2671
          2672 2613 2670
          2613 2672 2614
          2673 2614 2672
          2614 2673 2615
          2674 2615 2673
          2615 2674 2616
          2671 2616 2674
          2675 2669 2617
          2676 2675 2617
          2618 2677 2617
          2676 2617 2677
          2619 2678 2618
          2677 2618 2678
          2620 2679 2619
          2678 2619 2679
          2621 2680 2620
          2679 2620 2680
          2622 2681 2621
          2680 2621 2681
          2623 2682 2622
          2681 2622 2682
          2624 2683 2623
          2682 2623 2683
          2625 2684 2624
          2683 2624 2684
          2626 2685 2625
          2684 2625 2685
          2626 2627 2686
          2626 2686 2685
          2627 2628 2687
          2627 2687 2686
          2628 2629 2688
          2628 2688 2687
          2689 2647 2630
          2690 2632 2665
          2689 2630 2691
          2630 2631 2691
          2635 2691 2631
          2690 2692 2632
          2692 2633 2632
          2693 2633 2692
          2693 2640 2633
          2694 2691 2635
          2694 2635 2695
          2635 2634 2695
          2637 2695 2634
          2696 2695 2637
          2696 2637 2697
          2637 2636 2697
          2638 2697 2636
          2698 2697 2638
          2698 2638 2699
          2638 2639 2699
          2700 2699 2639
          2700 2639 2640
          2701 2640 2693
          2701 2700 2640
          2642 2702 2643
          2642 2641 2702
          2702 2641 2645
          2643 2703 2644
          2703 2643 2702
          2644 2704 2651
          2703 2704 2644
          2645 2705 2702
          2705 2645 2646
          2646 2706 2705
          2706 2646 2649
          2707 2648 2647
          2689 2707 2647
          2708 2650 2648
          2648 2707 2708
          2649 2709 2706
          2709 2649 2650
          2650 2708 2709
          2710 2651 2704
          2652 2651 2711
          2651 2710 2711
          2712 2653 2652
          2652 2711 2712
          2713 2654 2653
          2653 2712 2713
          2714 2655 2654
          2654 2713 2714
          2715 2656 2655
          2655 2714 2715
          2716 2657 2656
          2656 2715 2716
          2717 2658 2657
          2657 2716 2717
          2718 2659 2658
          2717 2718 2658
          2660 2659 2719
          2718 2719 2659
          2661 2660 2720
          2719 2720 2660
          2661 2721 2662
          2720 2721 2661
          2662 2722 2663
          2721 2722 2662
          2663 2723 2664
          2663 2722 2723
          2724 2665 2671
          2690 2665 2724
          2667 2668 2725
          2667 2725 2666
          2666 2725 2670
          2726 2668 2669
          2668 2726 2725
          2669 2675 2727
          2727 2726 2669
          2728 2670 2725
          2670 2728 2672
          2674 2729 2671
          2724 2671 2729
          2730 2672 2728
          2672 2730 2673
          2731 2673 2730
          2673 2731 2674
          2729 2674 2731
          2732 2727 2675
          2676 2733 2675
          2675 2733 2732
          2677 2734 2676
          2676 2734 2733
          2678 2735 2677
          2734 2677 2735
          2679 2736 2678
          2735 2678 2736
          2680 2737 2679
          2736 2679 2737
          2681 2738 2680
          2737 2680 2738
          2682 2739 2681
          2738 2681 2739
          2683 2740 2682
          2739 2682 2740
          2684 2741 2683
          2740 2683 2741
          2685 2742 2684
          2741 2684 2742
          2743 2685 2686
          2685 2743 2742
          2686 2687 2744
          2686 2744 2743
          2687 2688 2745
          2687 2745 2744
          2689 2746 2707
          2689 2691 2746
          2690 2724 2747
          2690 2747 2692
          2748 2746 2691
          2694 2748 2691
          2749 2692 2747
          2692 2749 2693
          2750 2693 2749
          2701 2693 2750
          2694 2751 2748
          2694 2695 2751
          2752 2751 2695
          2696 2752 2695
          2696 2753 2752
          2696 2697 2753
          2754 2753 2697
          2698 2754 2697
          2698 2755 2754
          2698 2699 2755
          2755 2699 2756
          2699 2700 2756
          2701 2750 2757
          2757 2756 2700
          2701 2757 2700
          2704 2703 2758
          2703 2702 2758
          2758 2702 2705
          2704 2759 2710
          2759 2704 2758
          2705 2760 2758
          2760 2705 2706
          2706 2761 2760
          2761 2706 2709
          2762 2708 2707
          2707 2746 2762
          2709 2763 2761
          2763 2709 2708
          2708 2762 2763
          2759 2764 2710
          2765 2711 2710
          2710 2764 2765
          2766 2711 2765
          2767 2712 2711
          2766 2767 2711
          2768 2713 2712
          2712 2767 2768
          2769 2714 2713
          2713 2768 2769
          2770 2715 2714
          2714 2769 2770
          2771 2716 2715
          2715 2770 2771
          2772 2717 2716
          2716 2771 2772
          2718 2717 2773
          2772 2773 2717
          2719 2718 2774
          2773 2774 2718
          2720 2719 2775
          2774 2775 2719
          2720 2776 2721
          2775 2776 2720
          2721 2777 2722
          2776 2777 2721
          2722 2778 2723
          2722 2777 2778
          2729 2779 2724
          2747 2724 2779
          2726 2727 2780
          2726 2780 2725
          2725 2780 2728
          2781 2727 2732
          2727 2781 2780
          2782 2728 2780
          2728 2782 2730
          2731 2783 2729
          2779 2729 2783
          2784 2730 2782
          2730 2784 2731
          2783 2731 2784
          2785 2781 2732
          2786 2732 2733
          2732 2786 2785
          2787 2786 2733
          2734 2788 2733
          2787 2733 2788
          2735 2789 2734
          2788 2734 2789
          2736 2790 2735
          2789 2735 2790
          2737 2791 2736
          2790 2736 2791
          2738 2792 2737
          2791 2737 2792
          2739 2793 2738
          2792 2738 2793
          2740 2794 2739
          2793 2739 2794
          2741 2795 2740
          2794 2740 2795
          2742 2796 2741
          2795 2741 2796
          2797 2742 2743
          2742 2797 2796
          2743 2744 2798
          2743 2798 2797
          2744 2745 2799
          2744 2799 2798
          2800 2762 2746
          2746 2748 2800
          2801 2747 2779
          2747 2801 2749
          2802 2800 2748
          2748 2751 2802
          2803 2749 2801
          2750 2749 2803
          2803 2804 2750
          2757 2750 2804
          2805 2802 2751
          2751 2752 2805
          2806 2805 2752
          2752 2753 2806
          2807 2806 2753
          2753 2754 2807
          2808 2807 2754
          2754 2755 2808
          2809 2808 2755
          2755 2756 2809
          2810 2757 2804
          2810 2809 2756
          2757 2810 2756
          2759 2811 2764
          2759 2758 2811
          2811 2758 2760
          2760 2812 2811
          2812 2760 2761
          2761 2813 2812
          2813 2761 2763
          2763 2814 2813
          2814 2763 2762
          2762 2800 2814
          2815 2764 2811
          2816 2765 2764
          2764 2815 2816
          2766 2765 2817
          2765 2816 2817
          2818 2767 2766
          2766 2817 2818
          2819 2768 2767
          2767 2818 2819
          2820 2769 2768
          2768 2819 2820
          2821 2770 2769
          2769 2820 2821
          2822 2771 2770
          2770 2821 2822
          2823 2772 2771
          2771 2822 2823
          2773 2772 2824
          2823 2824 2772
          2774 2773 2825
          2824 2825 2773
          2775 2774 2826
          2825 2826 2774
          2775 2827 2776
          2826 2827 2775
          2776 2828 2777
          2827 2828 2776
          2777 2829 2778
          2777 2828 2829
          2783 2830 2779
          2801 2779 2830
          2781 2785 2831
          2781 2831 2780
          2780 2831 2782
          2832 2782 2831
          2782 2832 2784
          2833 2784 2832
          2784 2833 2783
          2830 2783 2833
          2834 2831 2785
          2786 2835 2785
          2834 2785 2835
          2787 2836 2786
          2786 2836 2835
          2788 2837 2787
          2787 2837 2836
          2789 2838 2788
          2837 2788 2838
          2790 2839 2789
          2838 2789 2839
          2791 2840 2790
          2839 2790 2840
          2792 2841 2791
          2840 2791 2841
          2793 2842 2792
          2841 2792 2842
          2794 2843 2793
          2842 2793 2843
          2795 2844 2794
          2843 2794 2844
          2796 2845 2795
          2844 2795 2845
          2846 2796 2797
          2796 2846 2845
          2797 2798 2847
          2797 2847 2846
          2798 2799 2848
          2798 2848 2847
          2849 2814 2800
          2800 2802 2849
          2850 2801 2830
          2803 2801 2850
          2851 2849 2802
          2802 2805 2851
          2850 2852 2803
          2804 2803 2852
          2852 2853 2804
          2810 2804 2853
          2854 2851 2805
          2805 2806 2854
          2855 2854 2806
          2806 2807 2855
          2856 2855 2807
          2807 2808 2856
          2857 2856 2808
          2808 2809 2857
          2853 2858 2810
          2858 2857 2809
          2809 2810 2858
          2815 2811 2859
          2859 2811 2812
          2812 2860 2859
          2860 2812 2813
          2813 2861 2860
          2861 2813 2814
          2814 2849 2861
          2815 2862 2816
          2815 2859 2862
          2863 2817 2816
          2816 2862 2863
          2864 2817 2863
          2865 2818 2817
          2864 2865 2817
          2866 2819 2818
          2818 2865 2866
          2867 2820 2819
          2819 2866 2867
          2868 2821 2820
          2820 2867 2868
          2869 2822 2821
          2821 2868 2869
          2870 2823 2822
          2822 2869 2870
          2824 2823 2871
          2870 2871 2823
          2825 2824 2872
          2871 2872 2824
          2826 2825 2873
          2872 2873 2825
          2826 2874 2827
          2873 2874 2826
          2827 2875 2828
          2874 2875 2827
          2828 2876 2829
          2875 2876 2828
          2833 2877 2830
          2850 2830 2877
          2834 2878 2831
          2831 2878 2832
          2879 2832 2878
          2832 2879 2833
          2877 2833 2879
          2880 2834 2835
          2834 2880 2878
          2881 2835 2836
          2835 2881 2880
          2882 2881 2836
          2837 2883 2836
          2882 2836 2883
          2838 2884 2837
          2883 2837 2884
          2839 2885 2838
          2884 2838 2885
          2840 2886 2839
          2885 2839 2886
          2841 2887 2840
          2886 2840 2887
          2842 2888 2841
          2887 2841 2888
          2843 2889 2842
          2888 2842 2889
          2844 2890 2843
          2889 2843 2890
          2891 2844 2845
          2890 2844 2891
          2892 2845 2846
          2845 2892 2891
          2846 2847 2893
          2846 2893 2892
          2847 2848 2894
          2847 2894 2893
          2895 2861 2849
          2849 2851 2895
          2877 2896 2850
          2852 2850 2896
          2897 2895 2851
          2851 2854 2897
          2896 2898 2852
          2853 2852 2898
          2898 2899 2853
          2858 2853 2899
          2900 2897 2854
          2854 2855 2900
          2901 2900 2855
          2855 2856 2901
          2902 2901 2856
          2856 2857 2902
          2899 2903 2858
          2903 2902 2857
          2857 2858 2903
          2904 2862 2859
          2904 2859 2905
          2905 2859 2860
          2860 2906 2905
          2906 2860 2861
          2861 2895 2906
          2907 2863 2862
          2862 2904 2907
          2864 2863 2908
          2863 2907 2908
          2864 2909 2865
          2864 2908 2909
          2910 2866 2865
          2865 2909 2910
          2911 2867 2866
          2866 2910 2911
          2912 2868 2867
          2867 2911 2912
          2913 2869 2868
          2868 2912 2913
          2914 2870 2869
          2869 2913 2914
          2871 2870 2915
          2914 2915 2870
          2872 2871 2916
          2915 2916 2871
          2873 2872 2917
          2916 2917 2872
          2873 2918 2874
          2917 2918 2873
          2874 2919 2875
          2918 2919 2874
          2875 2920 2876
          2919 2920 2875
          2879 2921 2877
          2896 2877 2921
          2880 2922 2878
          2922 2923 2878
          2878 2923 2879
          2921 2879 2923
          2924 2880 2881
          2922 2880 2924
          2882 2925 2881
          2881 2925 2924
          2883 2926 2882
          2882 2926 2925
          2884 2927 2883
          2926 2883 2927
          2885 2928 2884
          2927 2884 2928
          2886 2929 2885
          2928 2885 2929
          2887 2930 2886
          2929 2886 2930
          2888 2931 2887
          2930 2887 2931
          2889 2932 2888
          2931 2888 2932
          2890 2933 2889
          2889 2933 2932
          2934 2890 2891
          2890 2934 2933
          2935 2891 2892
          2891 2935 2934
          2892 2893 2936
          2892 2936 2935
          2893 2894 2937
          2893 2937 2936
          2938 2906 2895
          2895 2897 2938
          2921 2939 2896
          2898 2896 2939
          2940 2938 2897
          2897 2900 2940
          2939 2941 2898
          2899 2898 2941
          2941 2942 2899
          2903 2899 2942
          2943 2940 2900
          2900 2901 2943
          2944 2943 2901
          2901 2902 2944
          2942 2945 2903
          2945 2944 2902
          2902 2903 2945
          2904 2946 2907
          2904 2905 2946
          2947 2946 2905
          2947 2905 2948
          2948 2905 2906
          2906 2938 2948
          2949 2908 2907
          2907 2946 2949
          2950 2908 2949
          2951 2909 2908
          2950 2951 2908
          2952 2910 2909
          2909 2951 2952
          2953 2911 2910
          2910 2952 2953
          2954 2912 2911
          2911 2953 2954
          2955 2913 2912
          2912 2954 2955
          2956 2914 2913
          2913 2955 2956
          2915 2914 2957
          2956 2957 2914
          2916 2915 2958
          2957 2958 2915
          2917 2916 2959
          2958 2959 2916
          2917 2960 2918
          2959 2960 2917
          2918 2961 2919
          2960 2961 2918
          2919 2962 2920
          2961 2962 2919
          2923 2963 2921
          2939 2921 2963
          2964 2922 2924
          2922 2964 2923
          2965 2923 2964
          2965 2963 2923
          2966 2924 2925
          2924 2966 2964
          2967 2966 2925
          2926 2968 2925
          2967 2925 2968
          2927 2969 2926
          2968 2926 2969
          2928 2970 2927
          2969 2927 2970
          2929 2971 2928
          2970 2928 2971
          2930 2972 2929
          2971 2929 2972
          2931 2973 2930
          2972 2930 2973
          2932 2974 2931
          2931 2974 2973
          2975 2932 2933
          2932 2975 2974
          2976 2933 2934
          2933 2976 2975
          2977 2934 2935
          2934 2977 2976
          2935 2936 2978
          2935 2978 2977
          2936 2937 2979
          2936 2979 2978
          2980 2948 2938
          2938 2940 2980
          2963 2981 2939
          2941 2939 2981
          2982 2980 2940
          2940 2943 2982
          2981 2983 2941
          2942 2941 2983
          2983 2984 2942
          2945 2942 2984
          2985 2982 2943
          2943 2944 2985
          2984 2986 2945
          2986 2985 2944
          2944 2945 2986
          2987 2949 2946
          2946 2947 2987
          2947 2988 2987
          2947 2948 2988
          2989 2988 2948
          2989 2948 2980
          2950 2949 2990
          2949 2987 2990
          2950 2991 2951
          2950 2990 2991
          2992 2952 2951
          2951 2991 2992
          2993 2953 2952
          2952 2992 2993
          2994 2954 2953
          2953 2993 2994
          2995 2955 2954
          2954 2994 2995
          2996 2956 2955
          2955 2995 2996
          2957 2956 2997
          2996 2997 2956
          2958 2957 2998
          2997 2998 2957
          2959 2958 2999
          2998 2999 2958
          2959 3000 2960
          2999 3000 2959
          2960 3001 2961
          3000 3001 2960
          2961 3002 2962
          3001 3002 2961
          3003 2981 2963
          2965 3004 2963
          3003 2963 3004
          3005 2964 2966
          3004 2965 3005
          2965 2964 3005
          2967 3006 2966
          2966 3006 3005
          2968 3007 2967
          2967 3007 3006
          2969 3008 2968
          3007 2968 3008
          2970 3009 2969
          3008 2969 3009
          2971 3010 2970
          3009 2970 3010
          2972 3011 2971
          3010 2971 3011
          2973 3012 2972
          3011 2972 3012
          3013 2973 2974
          2973 3013 3012
          3014 2974 2975
          2974 3014 3013
          3015 2975 2976
          2975 3015 3014
          3016 2976 2977
          2976 3016 3015
          2977 2978 3017
          2977 3017 3016
          2978 2979 3018
          2978 3018 3017
          3019 2980 2982
          3019 3020 2980
          2989 2980 3020
          3021 2983 2981
          3003 3022 2981
          3022 3021 2981
          3023 2982 2985
          3023 3024 2982
          3024 3019 2982
          3021 3025 2983
          3026 2983 3025
          3026 2984 2983
          3027 2986 2984
          3026 3028 2984
          3027 2984 3028
          3029 2985 2986
          3029 3030 2985
          3023 2985 3030
          3027 3031 2986
          3031 3029 2986
          3032 2990 2987
          2987 2988 3032
          3033 3032 2988
          2988 2989 3033
          2989 3020 3033
          3034 2990 3032
          3035 2991 2990
          3034 3035 2990
          3036 2992 2991
          2991 3035 3036
          3037 2993 2992
          2992 3036 3037
          3038 2994 2993
          2993 3037 3038
          3039 2995 2994
          2994 3038 3039
          3040 2996 2995
          2995 3039 3040
          2997 2996 3041
          3040 3041 2996
          2998 2997 3042
          3041 3042 2997
          2999 2998 3043
          3042 3043 2998
          2999 3044 3000
          3043 3044 2999
          3000 3045 3001
          3044 3045 3000
          3001 3046 3002
          3045 3046 3001
          3022 3003 3047
          3003 3004 3047
          3048 3005 3006
          3005 3048 3004
          3047 3004 3048
          3049 3048 3006
          3007 3050 3006
          3049 3006 3050
          3008 3051 3007
          3050 3007 3051
          3009 3052 3008
          3051 3008 3052
          3010 3053 3009
          3052 3009 3053
          3011 3054 3010
          3053 3010 3054
          3012 3055 3011
          3054 3011 3055
          3056 3012 3013
          3012 3056 3055
          3057 3013 3014
          3013 3057 3056
          3058 3014 3015
          3014 3058 3057
          3015 3016 3059
          3015 3059 3058
          3016 3017 3060
          3016 3060 3059
          3017 3018 3061
          3017 3061 3060
          3020 3019 3062
          3019 3024 3062
          3062 3063 3020
          3033 3020 3063
          3025 3021 3064
          3021 3022 3064
          3047 3065 3022
          3064 3022 3065
          3024 3023 3066
          3023 3030 3066
          3066 3067 3024
          3062 3024 3067
          3064 3068 3025
          3069 3025 3068
          3028 3026 3069
          3026 3025 3069
          3031 3027 3070
          3027 3028 3070
          3069 3071 3028
          3070 3028 3071
          3030 3029 3072
          3029 3031 3072
          3072 3073 3030
          3066 3030 3073
          3070 3074 3031
          3072 3031 3074
          3034 3032 3075
          3032 3033 3075
          3063 3075 3033
          3076 3035 3034
          3034 3075 3076
          3077 3036 3035
          3035 3076 3077
          3078 3037 3036
          3036 3077 3078
          3079 3038 3037
          3037 3078 3079
          3080 3039 3038
          3038 3079 3080
          3081 3040 3039
          3039 3080 3081
          3082 3041 3040
          3040 3081 3082
          3042 3041 3083
          3082 3083 3041
          3043 3042 3084
          3083 3084 3042
          3043 3085 3044
          3084 3085 3043
          3044 3086 3045
          3085 3086 3044
          3045 3087 3046
          3086 3087 3045
          3049 3088 3048
          3065 3047 3088
          3048 3088 3047
          3050 3089 3049
          3049 3089 3088
          3051 3090 3050
          3089 3050 3090
          3052 3091 3051
          3090 3051 3091
          3053 3092 3052
          3091 3052 3092
          3054 3093 3053
          3092 3053 3093
          3055 3094 3054
          3093 3054 3094
          3095 3055 3056
          3094 3055 3095
          3096 3056 3057
          3056 3096 3095
          3097 3057 3058
          3057 3097 3096
          3058 3059 3098
          3058 3098 3097
          3059 3060 3099
          3059 3099 3098
          3060 3061 3100
          3060 3100 3099
          3101 3075 3063
          3101 3063 3102
          3063 3062 3102
          3067 3102 3062
          3103 3065 3088
          3103 3104 3065
          3068 3064 3104
          3065 3104 3064
          3105 3068 3104
          3106 3102 3067
          3106 3067 3107
          3067 3066 3107
          3073 3107 3066
          3105 3108 3068
          3071 3069 3108
          3068 3108 3069
          3109 3107 3073
          3110 3071 3108
          3110 3111 3071
          3074 3070 3111
          3071 3111 3070
          3109 3073 3112
          3073 3072 3112
          3074 3112 3072
          3113 3074 3111
          3113 3112 3074
          3114 3076 3075
          3101 3114 3075
          3115 3077 3076
          3076 3114 3115
          3116 3078 3077
          3077 3115 3116
          3117 3079 3078
          3078 3116 3117
          3118 3080 3079
          3079 3117 3118
          3119 3081 3080
          3080 3118 3119
          3120 3082 3081
          3081 3119 3120
          3083 3082 3121
          3120 3121 3082
          3084 3083 3122
          3121 3122 3083
          3084 3123 3085
          3122 3123 3084
          3085 3124 3086
          3123 3124 3085
          3086 3125 3087
          3124 3125 3086
          3089 3126 3088
          3103 3088 3126
          3090 3127 3089
          3126 3089 3127
          3091 3128 3090
          3127 3090 3128
          3092 3129 3091
          3128 3091 3129
          3093 3130 3092
          3129 3092 3130
          3094 3131 3093
          3130 3093 3131
          3095 3132 3094
          3131 3094 3132
          3133 3095 3096
          3095 3133 3132
          3134 3096 3097
          3096 3134 3133
          3135 3097 3098
          3097 3135 3134
          3098 3099 3136
          3098 3136 3135
          3099 3100 3137
          3099 3137 3136
          3138 3114 3101
          3101 3102 3138
          3139 3138 3102
          3106 3139 3102
          3126 3140 3103
          3103 3140 3104
          3140 3141 3104
          3105 3104 3141
          3141 3142 3105
          3105 3142 3108
          3143 3139 3106
          3106 3107 3143
          3144 3143 3107
          3109 3144 3107
          3142 3145 3108
          3110 3108 3145
          3146 3144 3109
          3109 3112 3146
          3145 3147 3110
          3110 3147 3111
          3147 3148 3111
          3113 3111 3148
          3148 3149 3113
          3149 3146 3112
          3113 3149 3112
          3150 3115 3114
          3114 3138 3150
          3151 3116 3115
          3115 3150 3151
          3152 3117 3116
          3116 3151 3152
          3153 3118 3117
          3117 3152 3153
          3154 3119 3118
          3118 3153 3154
          3155 3120 3119
          3119 3154 3155
          3121 3120 3156
          3155 3156 3120
          3122 3121 3157
          3156 3157 3121
          3122 3158 3123
          3157 3158 3122
          3123 3159 3124
          3158 3159 3123
          3124 3160 3125
          3159 3160 3124
          3127 3161 3126
          3140 3126 3161
          3128 3162 3127
          3161 3127 3162
          3129 3163 3128
          3162 3128 3163
          3130 3164 3129
          3163 3129 3164
          3131 3165 3130
          3164 3130 3165
          3132 3166 3131
          3165 3131 3166
          3167 3132 3133
          3132 3167 3166
          3168 3133 3134
          3133 3168 3167
          3169 3134 3135
          3134 3169 3168
          3135 3136 3170
          3135 3170 3169
          3136 3137 3171
          3136 3171 3170
          3172 3150 3138
          3138 3139 3172
          3173 3172 3139
          3139 3143 3173
          3161 3174 3140
          3141 3140 3174
          3174 3175 3141
          3142 3141 3175
          3175 3176 3142
          3145 3142 3176
          3177 3173 3143
          3143 3144 3177
          3178 3177 3144
          3144 3146 3178
          3176 3179 3145
          3147 3145 3179
          3180 3178 3146
          3146 3149 3180
          3179 3181 3147
          3148 3147 3181
          3181 3182 3148
          3182 3180 3149
          3149 3148 3182
          3183 3151 3150
          3150 3172 3183
          3184 3152 3151
          3151 3183 3184
          3185 3153 3152
          3152 3184 3185
          3186 3154 3153
          3153 3185 3186
          3155 3154 3187
          3154 3186 3187
          3156 3155 3188
          3187 3188 3155
          3157 3156 3189
          3188 3189 3156
          3157 3190 3158
          3189 3190 3157
          3158 3191 3159
          3190 3191 3158
          3159 3192 3160
          3191 3192 3159
          3162 3193 3161
          3174 3161 3193
          3163 3194 3162
          3193 3162 3194
          3164 3195 3163
          3194 3163 3195
          3165 3196 3164
          3195 3164 3196
          3166 3197 3165
          3196 3165 3197
          3198 3166 3167
          3197 3166 3198
          3199 3167 3168
          3167 3199 3198
          3200 3168 3169
          3168 3200 3199
          3169 3170 3201
          3169 3201 3200
          3170 3171 3202
          3170 3202 3201
          3203 3183 3172
          3172 3173 3203
          3204 3203 3173
          3173 3177 3204
          3193 3205 3174
          3175 3174 3205
          3205 3206 3175
          3176 3175 3206
          3206 3207 3176
          3179 3176 3207
          3208 3204 3177
          3177 3178 3208
          3209 3208 3178
          3178 3180 3209
          3207 3210 3179
          3181 3179 3210
          3211 3209 3180
          3180 3182 3211
          3210 3212 3181
          3212 3211 3182
          3182 3181 3212
          3213 3184 3183
          3183 3203 3213
          3214 3185 3184
          3184 3213 3214
          3215 3186 3185
          3185 3214 3215
          3187 3186 3216
          3215 3216 3186
          3188 3187 3217
          3216 3217 3187
          3189 3188 3218
          3217 3218 3188
          3189 3219 3190
          3218 3219 3189
          3190 3220 3191
          3219 3220 3190
          3191 3221 3192
          3220 3221 3191
          3194 3222 3193
          3205 3193 3222
          3195 3223 3194
          3222 3194 3223
          3196 3224 3195
          3223 3195 3224
          3197 3225 3196
          3224 3196 3225
          3198 3226 3197
          3225 3197 3226
          3227 3198 3199
          3198 3227 3226
          3228 3199 3200
          3199 3228 3227
          3200 3201 3229
          3200 3229 3228
          3201 3202 3230
          3201 3230 3229
          3231 3213 3203
          3203 3204 3231
          3232 3231 3204
          3204 3208 3232
          3222 3233 3205
          3206 3205 3233
          3233 3234 3206
          3207 3206 3234
          3234 3235 3207
          3210 3207 3235
          3236 3232 3208
          3208 3209 3236
          3237 3236 3209
          3209 3211 3237
          3235 3238 3210
          3212 3210 3238
          3238 3239 3212
          3239 3237 3211
          3211 3212 3239
          3240 3214 3213
          3213 3231 3240
          3241 3215 3214
          3214 3240 3241
          3242 3216 3215
          3241 3242 3215
          3217 3216 3243
          3242 3243 3216
          3218 3217 3244
          3243 3244 3217
          3218 3245 3219
          3244 3245 3218
          3219 3246 3220
          3245 3246 3219
          3220 3247 3221
          3246 3247 3220
          3223 3248 3222
          3233 3222 3248
          3224 3249 3223
          3248 3223 3249
          3225 3250 3224
          3249 3224 3250
          3226 3251 3225
          3250 3225 3251
          3252 3226 3227
          3251 3226 3252
          3253 3227 3228
          3227 3253 3252
          3228 3229 3254
          3228 3254 3253
          3229 3230 3255
          3229 3255 3254
          3256 3240 3231
          3231 3232 3256
          3257 3256 3232
          3232 3236 3257
          3248 3258 3233
          3234 3233 3258
          3258 3259 3234
          3235 3234 3259
          3259 3260 3235
          3238 3235 3260
          3261 3257 3236
          3236 3237 3261
          3262 3261 3237
          3237 3239 3262
          3260 3263 3238
          3263 3262 3239
          3239 3238 3263
          3264 3241 3240
          3240 3256 3264
          3265 3242 3241
          3241 3264 3265
          3243 3242 3266
          3265 3266 3242
          3244 3243 3267
          3266 3267 3243
          3244 3268 3245
          3267 3268 3244
          3245 3269 3246
          3268 3269 3245
          3246 3270 3247
          3269 3270 3246
          3249 3271 3248
          3258 3248 3271
          3250 3272 3249
          3271 3249 3272
          3251 3273 3250
          3272 3250 3273
          3252 3274 3251
          3273 3251 3274
          3252 3253 3275
          3252 3275 3274
          3253 3254 3276
          3253 3276 3275
          3254 3255 3277
          3254 3277 3276
          3278 3264 3256
          3256 3257 3278
          3279 3278 3257
          3257 3261 3279
          3271 3280 3258
          3259 3258 3280
          3280 3281 3259
          3260 3259 3281
          3281 3282 3260
          3263 3260 3282
          3283 3279 3261
          3261 3262 3283
          3282 3284 3263
          3284 3283 3262
          3262 3263 3284
          3285 3265 3264
          3264 3278 3285
          3266 3265 3286
          3285 3286 3265
          3267 3266 3287
          3286 3287 3266
          3267 3288 3268
          3287 3288 3267
          3268 3289 3269
          3288 3289 3268
          3269 3290 3270
          3289 3290 3269
          3272 3291 3271
          3280 3271 3291
          3273 3292 3272
          3291 3272 3292
          3274 3293 3273
          3292 3273 3293
          3274 3275 3294
          3293 3274 3294
          3275 3276 3295
          3275 3295 3294
          3276 3277 3296
          3276 3296 3295
          3297 3285 3278
          3279 3297 3278
          3297 3279 3298
          3283 3298 3279
          3291 3299 3280
          3281 3280 3299
          3299 3300 3281
          3282 3281 3300
          3300 3301 3282
          3284 3282 3301
          3301 3302 3284
          3302 3298 3283
          3283 3284 3302
          3286 3285 3303
          3297 3303 3285
          3287 3286 3304
          3303 3304 3286
          3287 3305 3288
          3304 3305 3287
          3288 3306 3289
          3305 3306 3288
          3289 3307 3290
          3306 3307 3289
          3292 3308 3291
          3299 3291 3308
          3293 3309 3292
          3308 3292 3309
          3293 3294 3310
          3309 3293 3310
          3294 3295 3311
          3310 3294 3311
          3295 3296 3312
          3295 3312 3311
          3303 3297 3313
          3298 3313 3297
          3313 3298 3314
          3302 3314 3298
          3308 3315 3299
          3300 3299 3315
          3315 3316 3300
          3301 3300 3316
          3317 3301 3316
          3314 3302 3317
          3302 3301 3317
          3304 3303 3318
          3313 3318 3303
          3304 3319 3305
          3318 3319 3304
          3305 3320 3306
          3319 3320 3305
          3306 3321 3307
          3320 3321 3306
          3309 3322 3308
          3315 3308 3322
          3309 3310 3323
          3322 3309 3323
          3310 3311 3324
          3323 3310 3324
          3311 3312 3325
          3324 3311 3325
          3318 3313 3326
          3314 3326 3313
          3326 3314 3327
          3317 3327 3314
          3322 3328 3315
          3316 3315 3328
          3328 3329 3316
          3327 3317 3329
          3316 3329 3317
          3318 3330 3319
          3326 3330 3318
          3319 3331 3320
          3330 3331 3319
          3320 3332 3321
          3331 3332 3320
          3322 3323 3333
          3328 3322 3333
          3323 3324 3334
          3333 3323 3334
          3324 3325 3335
          3334 3324 3335
          3326 3336 3330
          3327 3336 3326
          3327 3337 3336
          3329 3337 3327
          3328 3333 3338
          3329 3338 3337
          3329 3328 3338
          3330 3339 3331
          3336 3339 3330
          3331 3340 3332
          3339 3340 3331
          3333 3334 3341
          3338 3333 3341
          3334 3335 3342
          3341 3334 3342
          3336 3343 3339
          3337 3343 3336
          3338 3341 3344
          3337 3344 3343
          3338 3344 3337
          3339 3345 3340
          3343 3345 3339
          3341 3342 3346
          3344 3341 3346
          3344 3346 3347
          3343 3347 3345
          3344 3347 3343
        </DataArray>
        <DataArray type="Int32" Name="offsets" format="ascii">
          3
          6
          9
          12
          15
          18
          21
          24
          27
          30
          33
          36
          39
          42
          45
          48
          51
          54
          57
          60
          63
          66
          69
          72
          75
          78
          81
          84
          87
          90
          93
          96
          99
          102
          105
          108
          111
          114
          117
          120
          123
          126
          129
          132
          135
          138
          141
          144
          147
          150
          153
          156
          159
          162
          165
          168
          171
          174
          177
          180
          183
          186
          189
          192
          195
          198
          201
          204
          207
          210
          213
          216
          219
          222
          225
          228
          231
          234
          237
          240
          243
          246
          249
          252
          255
          258
          261
          264
          267
          270
          273
          276
          279
          282
          285
          288
          291
          294
          297
          300
          303
          306
          309
          312
          315
          318
          321
          324
          327
          330
          333
          336
          339
          342
          345
          348
          351
          354
          357
          360
          363
          366
          369
          372
          375
          378
          381
          384
          387
          390
          393
          396
          399
          402
          405
          408
          411
          414
          417
          420
          423
          426
          429
          432
          435
          438
          441
          444
          447
          450
          453
          456
          459
          462
          465
          468
          471
          474
          477
          480
          483
          486
          489
          492
          495
          498
          501
          504
          507
          510
          513
          516
          519
          522
          525
          528
          531
          534
          537
          540
          543
          546
          549
          552
          555
          558
          561
          564
          567
          570
          573
          576
          579
          582
          585
          588
          591
          594
          597
          600
          603
          606
          609
          612
          615
          618
          621
          624
          627
          630
          633
          636
          639
          642
          645
          648
          651
          654
          657
          660
          663
          666
          669
          672
          675
          678
          681
          684
          687
          690
          693
          696
          699
          702
          705
          708
          711
          714
          717
          720
          723
          726
          729
          732
          735
          738
          741
          744
          747
          750
          753
          756
          759
          762
          765
          768
          771
          774
          777
          780
          783
          786
          789
          792
          795
          798
          801
          804
          807
          810
          813
          816
          819
          822
          825
          828
          831
          834
          837
          840
          843
          846
          849
          852
          855
          858
          861
          864
          867
          870
          873
          876
          879
          882
          885
          888
          891
          894
          897
          900
          903
          906
          909
          912
          915
          918
          921
          924
          927
          930
          933
          936
          939
          942
          945
          948
          951
          954
          957
          960
          963
          966
          969
          972
          975
          978
          981
          984
          987
          990
          993
          996
          999
          1002
          1005
          1008
          1011
          1014
          1017
          1020
          1023
          1026
          1029
          1032
          1035
          1038
          1041
          1044
          1047
          1050
          1053
          1056
          1059
          1062
          1065
          1068
          1071
          1074
          1077
          1080
          1083
          1086
          1089
          1092
          1095
          1098
          1101
          1104
          1107
          1110
          1113
          1116
          1119
          1122
          1125
          1128
          1131
          1134
          1137
          1140
          1143
          1146
          1149
          1152
          1155
          1158
          1161
          1164
          1167
          1170
          1173
          1176
          1179
          1182
          1185
          1188
          1191
          1194
          1197
          1200
          1203
          1206
          1209
          1212
          1215
          1218
          1221
          1224
          1227
          1230
          1233
          1236
          1239
          1242
          1245
          1248
          1251
          1254
          1257
          1260
          1263
          1266
          1269
          1272
          1275
          1278
          1281
          1284
          1287
          1290
          1293
          1296
          1299
          1302
          1305
          1308
          1311
          1314
          1317
          1320
          1323
          1326
          1329
          1332
          1335
          1338
          1341
          1344
          1347
          1350
          1353
          1356
          1359
          1362
          1365
          1368
          1371
          1374
          1377
          1380
          1383
          1386
          1389
          1392
          1395
          1398
          1401
          1404
          1407
          1410
          1413
          1416
          1419
          1422
          1425
          1428
          1431
          1434
          1437
          1440
          1443
          1446
          1449
          1452
          1455
          1458
          1461
          1464
          1467
          1470
          1473
          1476
          1479
          1482
          1485
          1488
          1491
          1494
          1497
          1500
          1503
          1506
          1509
          1512
          1515
          1518
          1521
          1524
          1527
          1530
          1533
          1536
          1539
          1542
          1545
          1548
          1551
          1554
          1557
          1560
          1563
          1566
          1569
          1572
          1575
          1578
          1581
          1584
          1587
          1590
          1593
          1596
          1599
          1602
          1605
          1608
          1611
          1614
          1617
          1620
          1623
          1626
          1629
          1632
          1635
          1638
          1641
          1644
          1647
          1650
          1653
          1656
          1659
          1662
          1665
          1668
          1671
          1674
          1677
          1680
          1683
          1686
          1689
          1692
          1695
          1698
          1701
          1704
          1707
          1710
          1713
          1716
          1719
          1722
          1725
          1728
          1731
          1734
          1737
          1740
          1743
          1746
          1749
          1752
          1755
          1758
          1761
          1764
          1767
          1770
          1773
          1776
          1779
          1782
          1785
          1788
          1791
          1794
          1797
          1800
          1803
          1806
          1809
          1812
          1815
          1818
          1821
          1824
          1827
          1830
          1833
          1836
          1839
          1842
          1845
          1848
          1851
          1854
          1857
          1860
          1863
          1866
          1869
          1872
          1875
          1878
          1881
          1884
          1887
          1890
          1893
          1896
          1899
          1902
          1905
          1908
          1911
          1914
          1917
          1920
          1923
          1926
          1929
          1932
          1935
          1938
          1941
          1944
          1947
          1950
          1953
          1956
          1959
          1962
          1965
          1968
          1971
          1974
          1977
          1980
          1983
          1986
          1989
          1992
          1995
          1998
          2001
          2004
          2007
          2010
          2013
          2016
          2019
          2022
          2025
          2028
          2031
          2034
          2037
          2040
          2043
          2046
          2049
          2052
          2055
          2058
          2061
          2064
          2067
          2070
          2073
          2076
          2079
          2082
          2085
          2088
          2091
          2094
          2097
          2100
          2103
          2106
          2109
          2112
          2115
          2118
          2121
          2124
          2127
          2130
          2133
          2136
          2139
          2142
          2145
          2148
          2151
          2154
          2157
          2160
          2163
          2166
          2169
          2172
          2175
          2178
          2181
          2184
          2187
          2190
          2193
          2196
          2199
          2202
          2205
          2208
          2211
          2214
          2217
          2220
          2223
          2226
          2229
          2232
          2235
          2238
          2241
          2244
          2247
          2250
          2253
          2256
          2259
          2262
          2265
          2268
          2271
          2274
          2277
          2280
          2283
          2286
          2289
          2292
          2295
          2298
          2301
          2304
          2307
          2310
          2313
          2316
          2319
          2322
          2325
          2328
          2331
          2334
          2337
          2340
          2343
          2346
          2349
          2352
          2355
          2358
          2361
          2364
          2367
          2370
          2373
          2376
          2379
          2382
          2385
          2388
          2391
          2394
          2397
          2400
          2403
          2406
          2409
          2412
          2415
          2418
          2421
          2424
          2427
          2430
          2433
          2436
          2439
          2442
          2445
          2448
          2451
          2454
          2457
          2460
          2463
          2466
          2469
          2472
          2475
          2478
          2481
          2484
          2487
          2490
          2493
          2496
          2499
          2502
          2505
          2508
          2511
          2514
          2517
          2520
          2523
          2526
          2529
          2532
          2535
          2538
          2541
          2544
          2547
          2550
          2553
          2556
          2559
          2562
          2565
          2568
          2571
          2574
          2577
          2580
          2583
          2586
          2589
          2592
          2595
          2598
          2601
          2604
          2607
          2610
          2613
          2616
          2619
          2622
          2625
          2628
          2631
          2634
          2637
          2640
          2643
          2646
          2649
          2652
          2655
          2658
          2661
          2664
          2667
          2670
          2673
          2676
          2679
          2682
          2685
          2688
          2691
          2694
          2697
          2700
          2703
          2706
          2709
          2712
          2715
          2718
          2721
          2724
          2727
          2730
          2733
          2736
          2739
          2742
          2745
          2748
          2751
          2754
          2757
          2760
          2763
          2766
          2769
          2772
          2775
          2778
          2781
          2784
          2787
          2790
          2793
          2796
          2799
          2802
          2805
          2808
          2811
          2814
          2817
          2820
          2823
          2826
          2829
          2832
          2835
          2838
          2841
          2844
          2847
          2850
          2853
          2856
          2859
          2862
          2865
          2868
          2871
          2874
          2877
          2880
          2883
          2886
          2889
          2892
          2895
          2898
          2901
          2904
          2907
          2910
          2913
          2916
          2919
          2922
          2925
          2928
          2931
          2934
          2937
          2940
          2943
          2946
          2949
          2952
          2955
          2958
          2961
          2964
          2967
          2970
          2973
          2976
          2979
          2982
          2985
          2988
          2991
          2994
          2997
          3000
          3003
          3006
          3009
          3012
          3015
          3018
          3021
          3024
          3027
          3030
          3033
          3036
          3039
          3042
          3045
          3048
          3051
          3054
          3057
          3060
          3063
          3066
          3069
          3072
          3075
          3078
          3081
          3084
          3087
          3090
          3093
          3096
          3099
          3102
          3105
          3108
          3111
          3114
          3117
          3120
          3123
          3126
          3129
          3132
          3135
          3138
          3141
          3144
          3147
          3150
          3153
          3156
          3159
          3162
          3165
          3168
          3171
          3174
          3177
          3180
          3183
          3186
          3189
          3192
          3195
          3198
          3201
          3204
          3207
          3210
          3213
          3216
          3219
          3222
          3225
          3228
          3231
          3234
          3237
          3240
          3243
          3246
          3249
          3252
          3255
          3258
          3261
          3264
          3267
          3270
          3273
          3276
          3279
          3282
          3285
          3288
          3291
          3294
          3297
          3300
          3303
          3306
          3309
          3312
          3315
          3318
          3321
          3324
          3327
          3330
          3333
          3336
          3339
          3342
          3345
          3348
          3351
          3354
          3357
          3360
          3363
          3366
          3369
          3372
          3375
          3378
          3381
          3384
          3387
          3390
          3393
          3396
          3399
          3402
          3405
          3408
          3411
          3414
          3417
          3420
          3423
          3426
          3429
          3432
          3435
          3438
          3441
          3444
          3447
          3450
          3453
          3456
          3459
          3462
          3465
          3468
          3471
          3474
          3477
          3480
          3483
          3486
          3489
          3492
          3495
          3498
          3501
          3504
          3507
          3510
          3513
          3516
          3519
          3522
          3525
          3528
          3531
          3534
          3537
          3540
          3543
          3546
          3549
          3552
          3555
          3558
          3561
          3564
          3567
          3570
          3573
          3576
          3579
          3582
          3585
          3588
          3591
          3594
          3597
          3600
          3603
          3606
          3609
          3612
          3615
          3618
          3621
          3624
          3627
          3630
          3633
          3636
          3639
          3642
          3645
          3648
          3651
          3654
          3657
          3660
          3663
          3666
          3669
          3672
          3675
          3678
          3681
          3684
          3687
          3690
          3693
          3696
          3699
          3702
          3705
          3708
          3711
          3714
          3717
          3720
          3723
          3726
          3729
          3732
          3735
          3738
          3741
          3744
          3747
          3750
          3753
          3756
          3759
          3762
          3765
          3768
          3771
          3774
          3777
          3780
          3783
          3786
          3789
          3792
          3795
          3798
          3801
          3804
          3807
          3810
          3813
          3816
          3819
          3822
          3825
          3828
          3831
          3834
          3837
          3840
          3843
          3846
          3849
          3852
          3855
          3858
          3861
          3864
          3867
          3870
          3873
          3876
          3879
          3882
          3885
          3888
          3891
          3894
          3897
          3900
          3903
          3906
          3909
          3912
          3915
          3918
          3921
          3924
          3927
          3930
          3933
          3936
          3939
          3942
          3945
          3948
          3951
          3954
          3957
          3960
          3963
          3966
          3969
          3972
          3975
          3978
          3981
          3984
          3987
          3990
          3993
          3996
          3999
          4002
          4005
          4008
          4011
          4014
          4017
          4020
          4023
          4026
          4029
          4032
          4035
          4038
          4041
          4044
          4047
          4050
          4053
          4056
          4059
          4062
          4065
          4068
          4071
          4074
          4077
          4080
          4083
          4086
          4089
          4092
          4095
          4098
          4101
          4104
          4107
          4110
          4113
          4116
          4119
          4122
          4125
          4128
          4131
          4134
          4137
          4140
          4143
          4146
          4149
          4152
          4155
          4158
          4161
          4164
          4167
          4170
          4173
          4176
          4179
          4182
          4185
          4188
          4191
          4194
          4197
          4200
          4203
          4206
          4209
          4212
          4215
          4218
          4221
          4224
          4227
          4230
          4233
          4236
          4239
          4242
          4245
          4248
          4251
          4254
          4257
          4260
          4263
          4266
          4269
          4272
          4275
          4278
          4281
          4284
          4287
          4290
          4293
          4296
          4299
          4302
          4305
          4308
          4311
          4314
          4317
          4320
          4323
          4326
          4329
          4332
          4335
          4338
          4341
          4344
          4347
          4350
          4353
          4356
          4359
          4362
          4365
          4368
          4371
          4374
          4377
          4380
          4383
          4386
          4389
          4392
          4395
          4398
          4401
          4404
          4407
          4410
          4413
          4416
          4419
          4422
          4425
          4428
          4431
          4434
          4437
          4440
          4443
          4446
          4449
          4452
          4455
          4458
          4461
          4464
          4467
          4470
          4473
          4476
          4479
          4482
          4485
          4488
          4491
          4494
          4497
          4500
          4503
          4506
          4509
          4512
          4515
          4518
          4521
          4524
          4527
          4530
          4533
          4536
          4539
          4542
          4545
          4548
          4551
          4554
          4557
          4560
          4563
          4566
          4569
          4572
          4575
          4578
          4581
          4584
          4587
          4590
          4593
          4596
          4599
          4602
          4605
          4608
          4611
          4614
          4617
          4620
          4623
          4626
          4629
          4632
          4635
          4638
          4641
          4644
          4647
          4650
          4653
          4656
          4659
          4662
          4665
          4668
          4671
          4674
          4677
          4680
          4683
          4686
          4689
          4692
          4695
          4698
          4701
          4704
          4707
          4710
          4713
          4716
          4719
          4722
          4725
          4728
          4731
          4734
          4737
          4740
          4743
          4746
          4749
          4752
          4755
          4758
          4761
          4764
          4767
          4770
          4773
          4776
          4779
          4782
          4785
          4788
          4791
          4794
          4797
          4800
          4803
          4806
          4809
          4812
          4815
          4818
          4821
          4824
          4827
          4830
          4833
          4836
          4839
          4842
          4845
          4848
          4851
          4854
          4857
          4860
          4863
          4866
          4869
          4872
          4875
          4878
          4881
          4884
          4887
          4890
          4893
          4896
          4899
          4902
          4905
          4908
          4911
          4914
          4917
          4920
          4923
          4926
          4929
          4932
          4935
          4938
          4941
          4944
          4947
          4950
          4953
          4956
          4959
          4962
          4965
          4968
          4971
          4974
          4977
          4980
          4983
          4986
          4989
          4992
          4995
          4998
          5001
          5004
          5007
          5010
          5013
          5016
          5019
          5022
          5025
          5028
          5031
          5034
          5037
          5040
          5043
          5046
          5049
          5052
          5055
          5058
          5061
          5064
          5067
          5070
          5073
          5076
          5079
          5082
          5085
          5088
          5091
          5094
          5097
          5100
          5103
          5106
          5109
          5112
          5115
          5118
          5121
          5124
          5127
          5130
          5133
          5136
          5139
          5142
          5145
          5148
          5151
          5154
          5157
          5160
          5163
          5166
          5169
          5172
          5175
          5178
          5181
          5184
          5187
          5190
          5193
          5196
          5199
          5202
          5205
          5208
          5211
          5214
          5217
          5220
          5223
          5226
          5229
          5232
          5235
          5238
          5241
          5244
          5247
          5250
          5253
          5256
          5259
          5262
          5265
          5268
          5271
          5274
          5277
          5280
          5283
          5286
          5289
          5292
          5295
          5298
          5301
          5304
          5307
          5310
          5313
          5316
          5319
          5322
          5325
          5328
          5331
          5334
          5337
          5340
          5343
          5346
          5349
          5352
          5355
          5358
          5361
          5364
          5367
          5370
          5373
          5376
          5379
          5382
          5385
          5388
          5391
          5394
          5397
          5400
          5403
          5406
          5409
          5412
          5415
          5418
          5421
          5424
          5427
          5430
          5433
          5436
          5439
          5442
          5445
          5448
          5451
          5454
          5457
          5460
          5463
          5466
          5469
          5472
          5475
          5478
          5481
          5484
          5487
          5490
          5493
          5496
          5499
          5502
          5505
          5508
          5511
          5514
          5517
          5520
          5523
          5526
          5529
          5532
          5535
          5538
          5541
          5544
          5547
          5550
          5553
          5556
          5559
          5562
          5565
          5568
          5571
          5574
          5577
          5580
          5583
          5586
          5589
          5592
          5595
          5598
          5601
          5604
          5607
          5610
          5613
          5616
          5619
          5622
          5625
          5628
          5631
          5634
          5637
          5640
          5643
          5646
          5649
          5652
          5655
          5658
          5661
          5664
          5667
          5670
          5673
          5676
          5679
          5682
          5685
          5688
          5691
          5694
          5697
          5700
          5703
          5706
          5709
          5712
          5715
          5718
          5721
          5724
          5727
          5730
          5733
          5736
          5739
          5742
          5745
          5748
          5751
          5754
          5757
          5760
          5763
          5766
          5769
          5772
          5775
          5778
          5781
          5784
          5787
          5790
          5793
          5796
          5799
          5802
          5805
          5808
          5811
          5814
          5817
          5820
          5823
          5826
          5829
          5832
          5835
          5838
          5841
          5844
          5847
          5850
          5853
          5856
          5859
          5862
          5865
          5868
          5871
          5874
          5877
          5880
          5883
          5886
          5889
          5892
          5895
          5898
          5901
          5904
          5907
          5910
          5913
          5916
          5919
          5922
          5925
          5928
          5931
          5934
          5937
          5940
          5943
          5946
          5949
          5952
          5955
          5958
          5961
          5964
          5967
          5970
          5973
          5976
          5979
          5982
          5985
          5988
          5991
          5994
          5997
          6000
          6003
          6006
          6009
          6012
          6015
          6018
          6021
          6024
          6027
          6030
          6033
          6036
          6039
          6042
          6045
          6048
          6051
          6054
          6057
          6060
          6063
          6066
          6069
          6072
          6075
          6078
          6081
          6084
          6087
          6090
          6093
          6096
          6099
          6102
          6105
          6108
          6111
          6114
          6117
          6120
          6123
          6126
          6129
          6132
          6135
          6138
          6141
          6144
          6147
          6150
          6153
          6156
          6159
          6162
          6165
          6168
          6171
          6174
          6177
          6180
          6183
          6186
          6189
          6192
          6195
          6198
          6201
          6204
          6207
          6210
          6213
          6216
          6219
          6222
          6225
          6228
          6231
          6234
          6237
          6240
          6243
          6246
          6249
          6252
          6255
          6258
          6261
          6264
          6267
          6270
          6273
          6276
          6279
          6282
          6285
          6288
          6291
          6294
          6297
          6300
          6303
          6306
          6309
          6312
          6315
          6318
          6321
          6324
          6327
          6330
          6333
          6336
          6339
          6342
          6345
          6348
          6351
          6354
          6357
          6360
          6363
          6366
          6369
          6372
          6375
          6378
          6381
          6384
          6387
          6390
          6393
          6396
          6399
          6402
          6405
          6408
          6411
          6414
          6417
          6420
          6423
          6426
          6429
          6432
          6435
          6438
          6441
          6444
          6447
          6450
          6453
          6456
          6459
          6462
          6465
          6468
          6471
          6474
          6477
          6480
          6483
          6486
          6489
          6492
          6495
          6498
          6501
          6504
          6507
          6510
          6513
          6516
          6519
          6522
          6525
          6528
          6531
          6534
          6537
          6540
          6543
          6546
          6549
          6552
          6555
          6558
          6561
          6564
          6567
          6570
          6573
          6576
          6579
          6582
          6585
          6588
          6591
          6594
          6597
          6600
          6603
          6606
          6609
          6612
          6615
          6618
          6621
          6624
          6627
          6630
          6633
          6636
          6639
          6642
          6645
          6648
          6651
          6654
          6657
          6660
          6663
          6666
          6669
          6672
          6675
          6678
          6681
          6684
          6687
          6690
          6693
          6696
          6699
          6702
          6705
          6708
          6711
          6714
          6717
          6720
          6723
          6726
          6729
          6732
          6735
          6738
          6741
          6744
          6747
          6750
          6753
          6756
          6759
          6762
          6765
          6768
          6771
          6774
          6777
          6780
          6783
          6786
          6789
          6792
          6795
          6798
          6801
          6804
          6807
          6810
          6813
          6816
          6819
          6822
          6825
          6828
          6831
          6834
          6837
          6840
          6843
          6846
          6849
          6852
          6855
          6858
          6861
          6864
          6867
          6870
          6873
          6876
          6879
          6882
          6885
          6888
          6891
          6894
          6897
          6900
          6903
          6906
          6909
          6912
          6915
          6918
          6921
          6924
          6927
          6930
          6933
          6936
          6939
          6942
          6945
          6948
          6951
          6954
          6957
          6960
          6963
          6966
          6969
          6972
          6975
          6978
          6981
          6984
          6987
          6990
          6993
          6996
          6999
          7002
          7005
          7008
          7011
          7014
          7017
          7020
          7023
          7026
          7029
          7032
          7035
          7038
          7041
          7044
          7047
          7050
          7053
          7056
          7059
          7062
          7065
          7068
          7071
          7074
          7077
          7080
          7083
          7086
          7089
          7092
          7095
          7098
          7101
          7104
          7107
          7110
          7113
          7116
          7119
          7122
          7125
          7128
          7131
          7134
          7137
          7140
          7143
          7146
          7149
          7152
          7155
          7158
          7161
          7164
          7167
          7170
          7173
          7176
          7179
          7182
          7185
          7188
          7191
          7194
          7197
          7200
          7203
          7206
          7209
          7212
          7215
          7218
          7221
          7224
          7227
          7230
          7233
          7236
          7239
          7242
          7245
          7248
          7251
          7254
          7257
          7260
          7263
          7266
          7269
          7272
          7275
          7278
          7281
          7284
          7287
          7290
          7293
          7296
          7299
          7302
          7305
          7308
          7311
          7314
          7317
          7320
          7323
          7326
          7329
          7332
          7335
          7338
          7341
          7344
          7347
          7350
          7353
          7356
          7359
          7362
          7365
          7368
          7371
          7374
          7377
          7380
          7383
          7386
          7389
          7392
          7395
          7398
          7401
          7404
          7407
          7410
          7413
          7416
          7419
          7422
          7425
          7428
          7431
          7434
          7437
          7440
          7443
          7446
          7449
          7452
          7455
          7458
          7461
          7464
          7467
          7470
          7473
          7476
          7479
          7482
          7485
          7488
          7491
          7494
          7497
          7500
          7503
          7506
          7509
          7512
          7515
          7518
          7521
          7524
          7527
          7530
          7533
          7536
          7539
          7542
          7545
          7548
          7551
          7554
          7557
          7560
          7563
          7566
          7569
          7572
          7575
          7578
          7581
          7584
          7587
          7590
          7593
          7596
          7599
          7602
          7605
          7608
          7611
          7614
          7617
          7620
          7623
          7626
          7629
          7632
          7635
          7638
          7641
          7644
          7647
          7650
          7653
          7656
          7659
          7662
          7665
          7668
          7671
          7674
          7677
          7680
          7683
          7686
          7689
          7692
          7695
          7698
          7701
          7704
          7707
          7710
          7713
          7716
          7719
          7722
          7725
          7728
          7731
          7734
          7737
          7740
          7743
          7746
          7749
          7752
          7755
          7758
          7761
          7764
          7767
          7770
          7773
          7776
          7779
          7782
          7785
          7788
          7791
          7794
          7797
          7800
          7803
          7806
          7809
          7812
          7815
          7818
          7821
          7824
          7827
          7830
          7833
          7836
          7839
          7842
          7845
          7848
          7851
          7854
          7857
          7860
          7863
          7866
          7869
          7872
          7875
          7878
          7881
          7884
          7887
          7890
          7893
          7896
          7899
          7902
          7905
          7908
          7911
          7914
          7917
          7920
          7923
          7926
          7929
          7932
          7935
          7938
          7941
          7944
          7947
          7950
          7953
          7956
          7959
          7962
          7965
          7968
          7971
          7974
          7977
          7980
          7983
          7986
          7989
          7992
          7995
          7998
          8001
          8004
          8007
          8010
          8013
          8016
          8019
          8022
          8025
          8028
          8031
          8034
          8037
          8040
          8043
          8046
          8049
          8052
          8055
          8058
          8061
          8064
          8067
          8070
          8073
          8076
          8079
          8082
          8085
          8088
          8091
          8094
          8097
          8100
          8103
          8106
          8109
          8112
          8115
          8118
          8121
          8124
          8127
          8130
          8133
          8136
          8139
          8142
          8145
          8148
          8151
          8154
          8157
          8160
          8163
          8166
          8169
          8172
          8175
          8178
          8181
          8184
          8187
          8190
          8193
          8196
          8199
          8202
          8205
          8208
          8211
          8214
          8217
          8220
          8223
          8226
          8229
          8232
          8235
          8238
          8241
          8244
          8247
          8250
          8253
          8256
          8259
          8262
          8265
          8268
          8271
          8274
          8277
          8280
          8283
          8286
          8289
          8292
          8295
          8298
          8301
          8304
          8307
          8310
          8313
          8316
          8319
          8322
          8325
          8328
          8331
          8334
          8337
          8340
          8343
          8346
          8349
          8352
          8355
          8358
          8361
          8364
          8367
          8370
          8373
          8376
          8379
          8382
          8385
          8388
          8391
          8394
          8397
          8400
          8403
          8406
          8409
          8412
          8415
          8418
          8421
          8424
          8427
          8430
          8433
          8436
          8439
          8442
          8445
          8448
          8451
          8454
          8457
          8460
          8463
          8466
          8469
          8472
          8475
          8478
          8481
          8484
          8487
          8490
          8493
          8496
          8499
          8502
          8505
          8508
          8511
          8514
          8517
          8520
          8523
          8526
          8529
          8532
          8535
          8538
          8541
          8544
          8547
          8550
          8553
          8556
          8559
          8562
          8565
          8568
          8571
          8574
          8577
          8580
          8583
          8586
          8589
          8592
          8595
          8598
          8601
          8604
          8607
          8610
          8613
          8616
          8619
          8622
          8625
          8628
          8631
          8634
          8637
          8640
          8643
          8646
          8649
          8652
          8655
          8658
          8661
          8664
          8667
          8670
          8673
          8676
          8679
          8682
          8685
          8688
          8691
          8694
          8697
          8700
          8703
          8706
          8709
          8712
          8715
          8718
          8721
          8724
          8727
          8730
          8733
          8736
          8739
          8742
          8745
          8748
          8751
          8754
          8757
          8760
          8763
          8766
          8769
          8772
          8775
          8778
          8781
          8784
          8787
          8790
          8793
          8796
          8799
          8802
          8805
          8808
          8811
          8814
          8817
          8820
          8823
          8826
          8829
          8832
          8835
          8838
          8841
          8844
          8847
          8850
          8853
          8856
          8859
          8862
          8865
          8868
          8871
          8874
          8877
          8880
          8883
          8886
          8889
          8892
          8895
          8898
          8901
          8904
          8907
          8910
          8913
          8916
          8919
          8922
          8925
          8928
          8931
          8934
          8937
          8940
          8943
          8946
          8949
          8952
          8955
          8958
          8961
          8964
          8967
          8970
          8973
          8976
          8979
          8982
          8985
          8988
          8991
          8994
          8997
          9000
          9003
          9006
          9009
          9012
          9015
          9018
          9021
          9024
          9027
          9030
          9033
          9036
          9039
          9042
          9045
          9048
          9051
          9054
          9057
          9060
          9063
          9066
          9069
          9072
          9075
          9078
          9081
          9084
          9087
          9090
          9093
          9096
          9099
          9102
          9105
          9108
          9111
          9114
          9117
          9120
          9123
          9126
          9129
          9132
          9135
          9138
          9141
          9144
          9147
          9150
          9153
          9156
          9159
          9162
          9165
          9168
          9171
          9174
          9177
          9180
          9183
          9186
          9189
          9192
          9195
          9198
          9201
          9204
          9207
          9210
          9213
          9216
          9219
          9222
          9225
          9228
          9231
          9234
          9237
          9240
          9243
          9246
          9249
          9252
          9255
          9258
          9261
          9264
          9267
          9270
          9273
          9276
          9279
          9282
          9285
          9288
          9291
          9294
          9297
          9300
          9303
          9306
          9309
          9312
          9315
          9318
          9321
          9324
          9327
          9330
          9333
          9336
          9339
          9342
          9345
          9348
          9351
          9354
          9357
          9360
          9363
          9366
          9369
          9372
          9375
          9378
          9381
          9384
          9387
          9390
          9393
          9396
          9399
          9402
          9405
          9408
          9411
          9414
          9417
          9420
          9423
          9426
          9429
          9432
          9435
          9438
          9441
          9444
          9447
          9450
          9453
          9456
          9459
          9462
          9465
          9468
          9471
          9474
          9477
          9480
          9483
          9486
          9489
          9492
          9495
          9498
          9501
          9504
          9507
          9510
          9513
          9516
          9519
          9522
          9525
          9528
          9531
          9534
          9537
          9540
          9543
          9546
          9549
          9552
          9555
          9558
          9561
          9564
          9567
          9570
          9573
          9576
          9579
          9582
          9585
          9588
          9591
          9594
          9597
          9600
          9603
          9606
          9609
          9612
          9615
          9618
          9621
          9624
          9627
          9630
          9633
          9636
          9639
          9642
          9645
          9648
          9651
          9654
          9657
          9660
          9663
          9666
          9669
          9672
          9675
          9678
          9681
          9684
          9687
          9690
          9693
          9696
          9699
          9702
          9705
          9708
          9711
          9714
          9717
          9720
          9723
          9726
          9729
          9732
          9735
          9738
          9741
          9744
          9747
          9750
          9753
          9756
          9759
          9762
          9765
          9768
          9771
          9774
          9777
          9780
          9783
          9786
          9789
          9792
          9795
          9798
          9801
          9804
          9807
          9810
          9813
          9816
          9819
          9822
          9825
          9828
          9831
          9834
          9837
          9840
          9843
          9846
          9849
          9852
          9855
          9858
          9861
          9864
          9867
          9870
          9873
          9876
          9879
          9882
          9885
          9888
          9891
          9894
          9897
          9900
          9903
          9906
          9909
          9912
          9915
          9918
          9921
          9924
          9927
          9930
          9933
          9936
          9939
          9942
          9945
          9948
          9951
          9954
          9957
          9960
          9963
          9966
          9969
          9972
          9975
          9978
          9981
          9984
          9987
          9990
          9993
          9996
          9999
          10002
          10005
          10008
          10011
          10014
          10017
          10020
          10023
          10026
          10029
          10032
          10035
          10038
          10041
          10044
          10047
          10050
          10053
          10056
          10059
          10062
          10065
          10068
          10071
          10074
          10077
          10080
          10083
          10086
          10089
          10092
          10095
          10098
          10101
          10104
          10107
          10110
          10113
          10116
          10119
          10122
          10125
          10128
          10131
          10134
          10137
          10140
          10143
          10146
          10149
          10152
          10155
          10158
          10161
          10164
          10167
          10170
          10173
          10176
          10179
          10182
          10185
          10188
          10191
          10194
          10197
          10200
          10203
          10206
          10209
          10212
          10215
          10218
          10221
          10224
          10227
          10230
          10233
          10236
          10239
          10242
          10245
          10248
          10251
          10254
          10257
          10260
          10263
          10266
          10269
          10272
          10275
          10278
          10281
          10284
          10287
          10290
          10293
          10296
          10299
          10302
          10305
          10308
          10311
          10314
          10317
          10320
          10323
          10326
          10329
          10332
          10335
          10338
          10341
          10344
          10347
          10350
          10353
          10356
          10359
          10362
          10365
          10368
          10371
          10374
          10377
          10380
          10383
          10386
          10389
          10392
          10395
          10398
          10401
          10404
          10407
          10410
          10413
          10416
          10419
          10422
          10425
          10428
          10431
          10434
          10437
          10440
          10443
          10446
          10449
          10452
          10455
          10458
          10461
          10464
          10467
          10470
          10473
          10476
          10479
          10482
          10485
          10488
          10491
          10494
          10497
          10500
          10503
          10506
          10509
          10512
          10515
          10518
          10521
          10524
          10527
          10530
          10533
          10536
          10539
          10542
          10545
          10548
          10551
          10554
          10557
          10560
          10563
          10566
          10569
          10572
          10575
          10578
          10581
          10584
          10587
          10590
          10593
          10596
          10599
          10602
          10605
          10608
          10611
          10614
          10617
          10620
          10623
          10626
          10629
          10632
          10635
          10638
          10641
          10644
          10647
          10650
          10653
          10656
          10659
          10662
          10665
          10668
          10671
          10674
          10677
          10680
          10683
          10686
          10689
          10692
          10695
          10698
          10701
          10704
          10707
          10710
          10713
          10716
          10719
          10722
          10725
          10728
          10731
          10734
          10737
          10740
          10743
          10746
          10749
          10752
          10755
          10758
          10761
          10764
          10767
          10770
          10773
          10776
          10779
          10782
          10785
          10788
          10791
          10794
          10797
          10800
          10803
          10806
          10809
          10812
          10815
          10818
          10821
          10824
          10827
          10830
          10833
          10836
          10839
          10842
          10845
          10848
          10851
          10854
          10857
          10860
          10863
          10866
          10869
          10872
          10875
          10878
          10881
          10884
          10887
          10890
          10893
          10896
          10899
          10902
          10905
          10908
          10911
          10914
          10917
          10920
          10923
          10926
          10929
          10932
          10935
          10938
          10941
          10944
          10947
          10950
          10953
          10956
          10959
          10962
          10965
          10968
          10971
          10974
          10977
          10980
          10983
          10986
          10989
          10992
          10995
          10998
          11001
          11004
          11007
          11010
          11013
          11016
          11019
          11022
          11025
          11028
          11031
          11034
          11037
          11040
          11043
          11046
          11049
          11052
          11055
          11058
          11061
          11064
          11067
          11070
          11073
          11076
          11079
          11082
          11085
          11088
          11091
          11094
          11097
          11100
          11103
          11106
          11109
          11112
          11115
          11118
          11121
          11124
          11127
          11130
          11133
          11136
          11139
          11142
          11145
          11148
          11151
          11154
          11157
          11160
          11163
          11166
          11169
          11172
          11175
          11178
          11181
          11184
          11187
          11190
          11193
          11196
          11199
          11202
          11205
          11208
          11211
          11214
          11217
          11220
          11223
          11226
          11229
          11232
          11235
          11238
          11241
          11244
          11247
          11250
          11253
          11256
          11259
          11262
          11265
          11268
          11271
          11274
          11277
          11280
          11283
          11286
          11289
          11292
          11295
          11298
          11301
          11304
          11307
          11310
          11313
          11316
          11319
          11322
          11325
          11328
          11331
          11334
          11337
          11340
          11343
          11346
          11349
          11352
          11355
          11358
          11361
          11364
          11367
          11370
          11373
          11376
          11379
          11382
          11385
          11388
          11391
          11394
          11397
          11400
          11403
          11406
          11409
          11412
          11415
          11418
          11421
          11424
          11427
          11430
          11433
          11436
          11439
          11442
          11445
          11448
          11451
          11454
          11457
          11460
          11463
          11466
          11469
          11472
          11475
          11478
          11481
          11484
          11487
          11490
          11493
          11496
          11499
          11502
          11505
          11508
          11511
          11514
          11517
          11520
          11523
          11526
          11529
          11532
          11535
          11538
          11541
          11544
          11547
          11550
          11553
          11556
          11559
          11562
          11565
          11568
          11571
          11574
          11577
          11580
          11583
          11586
          11589
          11592
          11595
          11598
          11601
          11604
          11607
          11610
          11613
          11616
          11619
          11622
          11625
          11628
          11631
          11634
          11637
          11640
          11643
          11646
          11649
          11652
          11655
          11658
          11661
          11664
          11667
          11670
          11673
          11676
          11679
          11682
          11685
          11688
          11691
          11694
          11697
          11700
          11703
          11706
          11709
          11712
          11715
          11718
          11721
          11724
          11727
          11730
          11733
          11736
          11739
          11742
          11745
          11748
          11751
          11754
          11757
          11760
          11763
          11766
          11769
          11772
          11775
          11778
          11781
          11784
          11787
          11790
          11793
          11796
          11799
          11802
          11805
          11808
          11811
          11814
          11817
          11820
          11823
          11826
          11829
          11832
          11835
          11838
          11841
          11844
          11847
          11850
          11853
          11856
          11859
          11862
          11865
          11868
          11871
          11874
          11877
          11880
          11883
          11886
          11889
          11892
          11895
          11898
          11901
          11904
          11907
          11910
          11913
          11916
          11919
          11922
          11925
          11928
          11931
          11934
          11937
          11940
          11943
          11946
          11949
          11952
          11955
          11958
          11961
          11964
          11967
          11970
          11973
          11976
          11979
          11982
          11985
          11988
          11991
          11994
          11997
          12000
          12003
          12006
          12009
          12012
          12015
          12018
          12021
          12024
          12027
          12030
          12033
          12036
          12039
          12042
          12045
          12048
          12051
          12054
          12057
          12060
          12063
          12066
          12069
          12072
          12075
          12078
          12081
          12084
          12087
          12090
          12093
          12096
          12099
          12102
          12105
          12108
          12111
          12114
          12117
          12120
          12123
          12126
          12129
          12132
          12135
          12138
          12141
          12144
          12147
          12150
          12153
          12156
          12159
          12162
          12165
          12168
          12171
          12174
          12177
          12180
          12183
          12186
          12189
          12192
          12195
          12198
          12201
          12204
          12207
          12210
          12213
          12216
          12219
          12222
          12225
          12228
          12231
          12234
          12237
          12240
          12243
          12246
          12249
          12252
          12255
          12258
          12261
          12264
          12267
          12270
          12273
          12276
          12279
          12282
          12285
          12288
          12291
          12294
          12297
          12300
          12303
          12306
          12309
          12312
          12315
          12318
          12321
          12324
          12327
          12330
          12333
          12336
          12339
          12342
          12345
          12348
          12351
          12354
          12357
          12360
          12363
          12366
          12369
          12372
          12375
          12378
          12381
          12384
          12387
          12390
          12393
          12396
          12399
          12402
          12405
          12408
          12411
          12414
          12417
          12420
          12423
          12426
          12429
          12432
          12435
          12438
          12441
          12444
          12447
          12450
          12453
          12456
          12459
          12462
          12465
          12468
          12471
          12474
          12477
          12480
          12483
          12486
          12489
          12492
          12495
          12498
          12501
          12504
          12507
          12510
          12513
          12516
          12519
          12522
          12525
          12528
          12531
          12534
          12537
          12540
          12543
          12546
          12549
          12552
          12555
          12558
          12561
          12564
          12567
          12570
          12573
          12576
          12579
          12582
          12585
          12588
          12591
          12594
          12597
          12600
          12603
          12606
          12609
          12612
          12615
          12618
          12621
          12624
          12627
          12630
          12633
          12636
          12639
          12642
          12645
          12648
          12651
          12654
          12657
          12660
          12663
          12666
          12669
          12672
          12675
          12678
          12681
          12684
          12687
          12690
          12693
          12696
          12699
          12702
          12705
          12708
          12711
          12714
          12717
          12720
          12723
          12726
          12729
          12732
          12735
          12738
          12741
          12744
          12747
          12750
          12753
          12756
          12759
          12762
          12765
          12768
          12771
          12774
          12777
          12780
          12783
          12786
          12789
          12792
          12795
          12798
          12801
          12804
          12807
          12810
          12813
          12816
          12819
          12822
          12825
          12828
          12831
          12834
          12837
          12840
          12843
          12846
          12849
          12852
          12855
          12858
          12861
          12864
          12867
          12870
          12873
          12876
          12879
          12882
          12885
          12888
          12891
          12894
          12897
          12900
          12903
          12906
          12909
          12912
          12915
          12918
          12921
          12924
          12927
          12930
          12933
          12936
          12939
          12942
          12945
          12948
          12951
          12954
          12957
          12960
          12963
          12966
          12969
          12972
          12975
          12978
          12981
          12984
          12987
          12990
          12993
          12996
          12999
          13002
          13005
          13008
          13011
          13014
          13017
          13020
          13023
          13026
          13029
          13032
          13035
          13038
          13041
          13044
          13047
          13050
          13053
          13056
          13059
          13062
          13065
          13068
          13071
          13074
          13077
          13080
          13083
          13086
          13089
          13092
          13095
          13098
          13101
          13104
          13107
          13110
          13113
          13116
          13119
          13122
          13125
          13128
          13131
          13134
          13137
          13140
          13143
          13146
          13149
          13152
          13155
          13158
          13161
          13164
          13167
          13170
          13173
          13176
          13179
          13182
          13185
          13188
          13191
          13194
          13197
          13200
          13203
          13206
          13209
          13212
          13215
          13218
          13221
          13224
          13227
          13230
          13233
          13236
          13239
          13242
          13245
          13248
          13251
          13254
          13257
          13260
          13263
          13266
          13269
          13272
          13275
          13278
          13281
          13284
          13287
          13290
          13293
          13296
          13299
          13302
          13305
          13308
          13311
          13314
          13317
          13320
          13323
          13326
          13329
          13332
          13335
          13338
          13341
          13344
          13347
          13350
          13353
          13356
          13359
          13362
          13365
          13368
          13371
          13374
          13377
          13380
          13383
          13386
          13389
          13392
          13395
          13398
          13401
          13404
          13407
          13410
          13413
          13416
          13419
          13422
          13425
          13428
          13431
          13434
          13437
          13440
          13443
          13446
          13449
          13452
          13455
          13458
          13461
          13464
          13467
          13470
          13473
          13476
          13479
          13482
          13485
          13488
          13491
          13494
          13497
          13500
          13503
          13506
          13509
          13512
          13515
          13518
          13521
          13524
          13527
          13530
          13533
          13536
          13539
          13542
          13545
          13548
          13551
          13554
          13557
          13560
          13563
          13566
          13569
          13572
          13575
          13578
          13581
          13584
          13587
          13590
          13593
          13596
          13599
          13602
          13605
          13608
          13611
          13614
          13617
          13620
          13623
          13626
          13629
          13632
          13635
          13638
          13641
          13644
          13647
          13650
          13653
          13656
          13659
          13662
          13665
          13668
          13671
          13674
          13677
          13680
          13683
          13686
          13689
          13692
          13695
          13698
          13701
          13704
          13707
          13710
          13713
          13716
          13719
          13722
          13725
          13728
          13731
          13734
          13737
          13740
          13743
          13746
          13749
          13752
          13755
          13758
          13761
          13764
          13767
          13770
          13773
          13776
          13779
          13782
          13785
          13788
          13791
          13794
          13797
          13800
          13803
          13806
          13809
          13812
          13815
          13818
          13821
          13824
          13827
          13830
          13833
          13836
          13839
          13842
          13845
          13848
          13851
          13854
          13857
          13860
          13863
          13866
          13869
          13872
          13875
          13878
          13881
          13884
          13887
          13890
          13893
          13896
          13899
          13902
          13905
          13908
          13911
          13914
          13917
          13920
          13923
          13926
          13929
          13932
          13935
          13938
          13941
          13944
          13947
          13950
          13953
          13956
          13959
          13962
          13965
          13968
          13971
          13974
          13977
          13980
          13983
          13986
          13989
          13992
          13995
          13998
          14001
          14004
          14007
          14010
          14013
          14016
          14019
          14022
          14025
          14028
          14031
          14034
          14037
          14040
          14043
          14046
          14049
          14052
          14055
          14058
          14061
          14064
          14067
          14070
          14073
          14076
          14079
          14082
          14085
          14088
          14091
          14094
          14097
          14100
          14103
          14106
          14109
          14112
          14115
          14118
          14121
          14124
          14127
          14130
          14133
          14136
          14139
          14142
          14145
          14148
          14151
          14154
          14157
          14160
          14163
          14166
          14169
          14172
          14175
          14178
          14181
          14184
          14187
          14190
          14193
          14196
          14199
          14202
          14205
          14208
          14211
          14214
          14217
          14220
          14223
          14226
          14229
          14232
          14235
          14238
          14241
          14244
          14247
          14250
          14253
          14256
          14259
          14262
          14265
          14268
          14271
          14274
          14277
          14280
          14283
          14286
          14289
          14292
          14295
          14298
          14301
          14304
          14307
          14310
          14313
          14316
          14319
          14322
          14325
          14328
          14331
          14334
          14337
          14340
          14343
          14346
          14349
          14352
          14355
          14358
          14361
          14364
          14367
          14370
          14373
          14376
          14379
          14382
          14385
          14388
          14391
          14394
          14397
          14400
          14403
          14406
          14409
          14412
          14415
          14418
          14421
          14424
          14427
          14430
          14433
          14436
          14439
          14442
          14445
          14448
          14451
          14454
          14457
          14460
          14463
          14466
          14469
          14472
          14475
          14478
          14481
          14484
          14487
          14490
          14493
          14496
          14499
          14502
          14505
          14508
          14511
          14514
          14517
          14520
          14523
          14526
          14529
          14532
          14535
          14538
          14541
          14544
          14547
          14550
          14553
          14556
          14559
          14562
          14565
          14568
          14571
          14574
          14577
          14580
          14583
          14586
          14589
          14592
          14595
          14598
          14601
          14604
          14607
          14610
          14613
          14616
          14619
          14622
          14625
          14628
          14631
          14634
          14637
          14640
          14643
          14646
          14649
          14652
          14655
          14658
          14661
          14664
          14667
          14670
          14673
          14676
          14679
          14682
          14685
          14688
          14691
          14694
          14697
          14700
          14703
          14706
          14709
          14712
          14715
          14718
          14721
          14724
          14727
          14730
          14733
          14736
          14739
          14742
          14745
          14748
          14751
          14754
          14757
          14760
          14763
          14766
          14769
          14772
          14775
          14778
          14781
          14784
          14787
          14790
          14793
          14796
          14799
          14802
          14805
          14808
          14811
          14814
          14817
          14820
          14823
          14826
          14829
          14832
          14835
          14838
          14841
          14844
          14847
          14850
          14853
          14856
          14859
          14862
          14865
          14868
          14871
          14874
          14877
          14880
          14883
          14886
          14889
          14892
          14895
          14898
          14901
          14904
          14907
          14910
          14913
          14916
          14919
          14922
          14925
          14928
          14931
          14934
          14937
          14940
          14943
          14946
          14949
          14952
          14955
          14958
          14961
          14964
          14967
          14970
          14973
          14976
          14979
          14982
          14985
          14988
          14991
          14994
          14997
          15000
          15003
          15006
          15009
          15012
          15015
          15018
          15021
          15024
          15027
          15030
          15033
          15036
          15039
          15042
          15045
          15048
          15051
          15054
          15057
          15060
          15063
          15066
          15069
          15072
          15075
          15078
          15081
          15084
          15087
          15090
          15093
          15096
          15099
          15102
          15105
          15108
          15111
          15114
          15117
          15120
          15123
          15126
          15129
          15132
          15135
          15138
          15141
          15144
          15147
          15150
          15153
          15156
          15159
          15162
          15165
          15168
          15171
          15174
          15177
          15180
          15183
          15186
          15189
          15192
          15195
          15198
          15201
          15204
          15207
          15210
          15213
          15216
          15219
          15222
          15225
          15228
          15231
          15234
          15237
          15240
          15243
          15246
          15249
          15252
          15255
          15258
          15261
          15264
          15267
          15270
          15273
          15276
          15279
          15282
          15285
          15288
          15291
          15294
          15297
          15300
          15303
          15306
          15309
          15312
          15315
          15318
          15321
          15324
          15327
          15330
          15333
          15336
          15339
          15342
          15345
          15348
          15351
          15354
          15357
          15360
          15363
          15366
          15369
          15372
          15375
          15378
          15381
          15384
          15387
          15390
          15393
          15396
          15399
          15402
          15405
          15408
          15411
          15414
          15417
          15420
          15423
          15426
          15429
          15432
          15435
          15438
          15441
          15444
          15447
          15450
          15453
          15456
          15459
          15462
          15465
          15468
          15471
          15474
          15477
          15480
          15483
          15486
          15489
          15492
          15495
          15498
          15501
          15504
          15507
          15510
          15513
          15516
          15519
          15522
          15525
          15528
          15531
          15534
          15537
          15540
          15543
          15546
          15549
          15552
          15555
          15558
          15561
          15564
          15567
          15570
          15573
          15576
          15579
          15582
          15585
          15588
          15591
          15594
          15597
          15600
          15603
          15606
          15609
          15612
          15615
          15618
          15621
          15624
          15627
          15630
          15633
          15636
          15639
          15642
          15645
          15648
          15651
          15654
          15657
          15660
          15663
          15666
          15669
          15672
          15675
          15678
          15681
          15684
          15687
          15690
          15693
          15696
          15699
          15702
          15705
          15708
          15711
          15714
          15717
          15720
          15723
          15726
          15729
          15732
          15735
          15738
          15741
          15744
          15747
          15750
          15753
          15756
          15759
          15762
          15765
          15768
          15771
          15774
          15777
          15780
          15783
          15786
          15789
          15792
          15795
          15798
          15801
          15804
          15807
          15810
          15813
          15816
          15819
          15822
          15825
          15828
          15831
          15834
          15837
          15840
          15843
          15846
          15849
          15852
          15855
          15858
          15861
          15864
          15867
          15870
          15873
          15876
          15879
          15882
          15885
          15888
          15891
          15894
          15897
          15900
          15903
          15906
          15909
          15912
          15915
          15918
          15921
          15924
          15927
          15930
          15933
          15936
          15939
          15942
          15945
          15948
          15951
          15954
          15957
          15960
          15963
          15966
          15969
          15972
          15975
          15978
          15981
          15984
          15987
          15990
          15993
          15996
          15999
          16002
          16005
          16008
          16011
          16014
          16017
          16020
          16023
          16026
          16029
          16032
          16035
          16038
          16041
          16044
          16047
          16050
          16053
          16056
          16059
          16062
          16065
          16068
          16071
          16074
          16077
          16080
          16083
          16086
          16089
          16092
          16095
          16098
          16101
          16104
          16107
          16110
          16113
          16116
          16119
          16122
          16125
          16128
          16131
          16134
          16137
          16140
          16143
          16146
          16149
          16152
          16155
          16158
          16161
          16164
          16167
          16170
          16173
          16176
          16179
          16182
          16185
          16188
          16191
          16194
          16197
          16200
          16203
          16206
          16209
          16212
          16215
          16218
          16221
          16224
          16227
          16230
          16233
          16236
          16239
          16242
          16245
          16248
          16251
          16254
          16257
          16260
          16263
          16266
          16269
          16272
          16275
          16278
          16281
          16284
          16287
          16290
          16293
          16296
          16299
          16302
          16305
          16308
          16311
          16314
          16317
          16320
          16323
          16326
          16329
          16332
          16335
          16338
          16341
          16344
          16347
          16350
          16353
          16356
          16359
          16362
          16365
          16368
          16371
          16374
          16377
          16380
          16383
          16386
          16389
          16392
          16395
          16398
          16401
          16404
          16407
          16410
          16413
          16416
          16419
          16422
          16425
          16428
          16431
          16434
          16437
          16440
          16443
          16446
          16449
          16452
          16455
          16458
          16461
          16464
          16467
          16470
          16473
          16476
          16479
          16482
          16485
          16488
          16491
          16494
          16497
          16500
          16503
          16506
          16509
          16512
          16515
          16518
          16521
          16524
          16527
          16530
          16533
          16536
          16539
          16542
          16545
          16548
          16551
          16554
          16557
          16560
          16563
          16566
          16569
          16572
          16575
          16578
          16581
          16584
          16587
          16590
          16593
          16596
          16599
          16602
          16605
          16608
          16611
          16614
          16617
          16620
          16623
          16626
          16629
          16632
          16635
          16638
          16641
          16644
          16647
          16650
          16653
          16656
          16659
          16662
          16665
          16668
          16671
          16674
          16677
          16680
          16683
          16686
          16689
          16692
          16695
          16698
          16701
          16704
          16707
          16710
          16713
          16716
          16719
          16722
          16725
          16728
          16731
          16734
          16737
          16740
          16743
          16746
          16749
          16752
          16755
          16758
          16761
          16764
          16767
          16770
          16773
          16776
          16779
          16782
          16785
          16788
          16791
          16794
          16797
          16800
          16803
          16806
          16809
          16812
          16815
          16818
          16821
          16824
          16827
          16830
          16833
          16836
          16839
          16842
          16845
          16848
          16851
          16854
          16857
          16860
          16863
          16866
          16869
          16872
          16875
          16878
          16881
          16884
          16887
          16890
          16893
          16896
          16899
          16902
          16905
          16908
          16911
          16914
          16917
          16920
          16923
          16926
          16929
          16932
          16935
          16938
          16941
          16944
          16947
          16950
          16953
          16956
          16959
          16962
          16965
          16968
          16971
          16974
          16977
          16980
          16983
          16986
          16989
          16992
          16995
          16998
          17001
          17004
          17007
          17010
          17013
          17016
          17019
          17022
          17025
          17028
          17031
          17034
          17037
          17040
          17043
          17046
          17049
          17052
          17055
          17058
          17061
          17064
          17067
          17070
          17073
          17076
          17079
          17082
          17085
          17088
          17091
          17094
          17097
          17100
          17103
          17106
          17109
          17112
          17115
          17118
          17121
          17124
          17127
          17130
          17133
          17136
          17139
          17142
          17145
          17148
          17151
          17154
          17157
          17160
          17163
          17166
          17169
          17172
          17175
          17178
          17181
          17184
          17187
          17190
          17193
          17196
          17199
          17202
          17205
          17208
          17211
          17214
          17217
          17220
          17223
          17226
          17229
          17232
          17235
          17238
          17241
          17244
          17247
          17250
          17253
          17256
          17259
          17262
          17265
          17268
          17271
          17274
          17277
          17280
          17283
          17286
          17289
          17292
          17295
          17298
          17301
          17304
          17307
          17310
          17313
          17316
          17319
          17322
          17325
          17328
          17331
          17334
          17337
          17340
          17343
          17346
          17349
          17352
          17355
          17358
          17361
          17364
          17367
          17370
          17373
          17376
          17379
          17382
          17385
          17388
          17391
          17394
          17397
          17400
          17403
          17406
          17409
          17412
          17415
          17418
          17421
          17424
          17427
          17430
          17433
          17436
          17439
          17442
          17445
          17448
          17451
          17454
          17457
          17460
          17463
          17466
          17469
          17472
          17475
          17478
          17481
          17484
          17487
          17490
          17493
          17496
          17499
          17502
          17505
          17508
          17511
          17514
          17517
          17520
          17523
          17526
          17529
          17532
          17535
          17538
          17541
          17544
          17547
          17550
          17553
          17556
          17559
          17562
          17565
          17568
          17571
          17574
          17577
          17580
          17583
          17586
          17589
          17592
          17595
          17598
          17601
          17604
          17607
          17610
          17613
          17616
          17619
          17622
          17625
          17628
          17631
          17634
          17637
          17640
          17643
          17646
          17649
          17652
          17655
          17658
          17661
          17664
          17667
          17670
          17673
          17676
          17679
          17682
          17685
          17688
          17691
          17694
          17697
          17700
          17703
          17706
          17709
          17712
          17715
          17718
          17721
          17724
          17727
          17730
          17733
          17736
          17739
          17742
          17745
          17748
          17751
          17754
          17757
          17760
          17763
          17766
          17769
          17772
          17775
          17778
          17781
          17784
          17787
          17790
          17793
          17796
          17799
          17802
          17805
          17808
          17811
          17814
          17817
          17820
          17823
          17826
          17829
          17832
          17835
          17838
          17841
          17844
          17847
          17850
          17853
          17856
          17859
          17862
          17865
          17868
          17871
          17874
          17877
          17880
          17883
          17886
          17889
          17892
          17895
          17898
          17901
          17904
          17907
          17910
          17913
          17916
          17919
          17922
          17925
          17928
          17931
          17934
          17937
          17940
          17943
          17946
          17949
          17952
          17955
          17958
          17961
          17964
          17967
          17970
          17973
          17976
          17979
          17982
          17985
          17988
          17991
          17994
          17997
          18000
          18003
          18006
          18009
          18012
          18015
          18018
          18021
          18024
          18027
          18030
          18033
          18036
          18039
          18042
          18045
          18048
          18051
          18054
          18057
          18060
          18063
          18066
          18069
          18072
          18075
          18078
          18081
          18084
          18087
          18090
          18093
          18096
          18099
          18102
          18105
          18108
          18111
          18114
          18117
          18120
          18123
          18126
          18129
          18132
          18135
          18138
          18141
          18144
          18147
          18150
          18153
          18156
          18159
          18162
          18165
          18168
          18171
          18174
          18177
          18180
          18183
          18186
          18189
          18192
          18195
          18198
          18201
          18204
          18207
          18210
          18213
          18216
          18219
          18222
          18225
          18228
          18231
          18234
          18237
          18240
          18243
          18246
          18249
          18252
          18255
          18258
          18261
          18264
          18267
          18270
          18273
          18276
          18279
          18282
          18285
          18288
          18291
          18294
          18297
          18300
          18303
          18306
          18309
          18312
          18315
          18318
          18321
          18324
          18327
          18330
          18333
          18336
          18339
          18342
          18345
          18348
          18351
          18354
          18357
          18360
          18363
          18366
          18369
          18372
          18375
          18378
          18381
          18384
          18387
          18390
          18393
          18396
          18399
          18402
          18405
          18408
          18411
          18414
          18417
          18420
          18423
          18426
          18429
          18432
          18435
          18438
          18441
          18444
          18447
          18450
          18453
          18456
          18459
          18462
          18465
          18468
          18471
          18474
          18477
          18480
          18483
          18486
          18489
          18492
          18495
          18498
          18501
          18504
          18507
          18510
          18513
          18516
          18519
          18522
          18525
          18528
          18531
          18534
          18537
          18540
          18543
          18546
          18549
          18552
          18555
          18558
          18561
          18564
          18567
          18570
          18573
          18576
          18579
          18582
          18585
          18588
          18591
          18594
          18597
          18600
          18603
          18606
          18609
          18612
          18615
          18618
          18621
          18624
          18627
          18630
          18633
          18636
          18639
          18642
          18645
          18648
          18651
          18654
          18657
          18660
          18663
          18666
          18669
          18672
          18675
          18678
          18681
          18684
          18687
          18690
          18693
          18696
          18699
          18702
          18705
          18708
          18711
          18714
          18717
          18720
          18723
          18726
          18729
          18732
          18735
          18738
          18741
          18744
          18747
          18750
          18753
          18756
          18759
          18762
          18765
          18768
          18771
          18774
          18777
          18780
          18783
          18786
          18789
          18792
          18795
          18798
          18801
          18804
          18807
          18810
          18813
          18816
          18819
          18822
          18825
          18828
          18831
          18834
          18837
          18840
          18843
          18846
          18849
          18852
          18855
          18858
          18861
          18864
          18867
          18870
          18873
          18876
          18879
          18882
          18885
          18888
          18891
          18894
          18897
          18900
          18903
          18906
          18909
          18912
          18915
          18918
          18921
          18924
          18927
          18930
          18933
          18936
          18939
          18942
          18945
          18948
          18951
          18954
          18957
          18960
          18963
          18966
          18969
          18972
          18975
          18978
          18981
          18984
          18987
          18990
          18993
          18996
          18999
          19002
          19005
          19008
          19011
          19014
          19017
          19020
          19023
          19026
          19029
          19032
          19035
          19038
          19041
          19044
          19047
          19050
          19053
          19056
          19059
          19062
          19065
          19068
          19071
          19074
          19077
          19080
          19083
          19086
          19089
          19092
          19095
          19098
          19101
          19104
          19107
          19110
          19113
          19116
          19119
          19122
          19125
          19128
          19131
          19134
          19137
          19140
          19143
          19146
          19149
          19152
          19155
          19158
          19161
          19164
          19167
          19170
          19173
          19176
          19179
          19182
          19185
          19188
          19191
          19194
          19197
          19200
          19203
          19206
          19209
          19212
          19215
          19218
          19221
          19224
          19227
          19230
          19233
          19236
          19239
          19242
          19245
          19248
          19251
          19254
          19257
          19260
          19263
          19266
          19269
          19272
          19275
          19278
          19281
          19284
          19287
          19290
          19293
          19296
          19299
          19302
          19305
          19308
          19311
          19314
          19317
          19320
          19323
          19326
          19329
          19332
          19335
          19338
          19341
          19344
          19347
          19350
          19353
          19356
          19359
          19362
          19365
          19368
          19371
          19374
          19377
          19380
          19383
          19386
          19389
          19392
          19395
          19398
          19401
          19404
          19407
          19410
          19413
          19416
          19419
          19422
          19425
          19428
          19431
          19434
          19437
          19440
          19443
          19446
          19449
          19452
          19455
          19458
          19461
          19464
          19467
          19470
          19473
          19476
          19479
          19482
          19485
          19488
          19491
          19494
          19497
          19500
          19503
          19506
          19509
          19512
          19515
          19518
          19521
          19524
          19527
          19530
          19533
          19536
          19539
          19542
          19545
          19548
          19551
          19554
          19557
          19560
          19563
          19566
          19569
          19572
          19575
          19578
          19581
          19584
          19587
          19590
          19593
          19596
          19599
          19602
        </DataArray>
        <DataArray type="UInt8" Name="types" format="ascii">
          5
          5
          5
          5
          5
          5
          5
          5
          5
          5
          5
          5
          5
          5
          5
          5
          5
          5
          5
          5
          5
          5
          5
          5
          5
          5
          5
          5
          5
          5
          5
          5
          5
          5
          5
          5
          5
          5
          5
          5
          5
          5
          5
          5
          5
          5
          5
          5
          5
          5
          5
          5
          5
          5
          5
          5
          5
          5
          5
          5
          5
          5
          5
          5
          5
          5
          5
          5
          5
          5
          5
          5
          5
          5
          5
          5
          5
          5
          5
          5
          5
          5
          5
          5
          5
          5
          5
          5
          5
          5
          5
          5
          5
          5
          5
          5
          5
          5
          5
          5
          5
          5
          5
          5
          5
          5
          5
          5
          5
          5
          5
          5
          5
          5
          5
          5
          5
          5
          5
          5
          5
          5
          5
          5
          5
          5
          5
          5
          5
          5
          5
          5
          5
          5
          5
          5
          5
          5
          5
          5
          5
          5
          5
          5
          5
          5
          5
          5
          5
          5
          5
          5
          5
          5
          5
          5
          5
          5
          5
          5
          5
          5
          5
          5
          5
          5
          5
          5
          5
          5
          5
          5
          5
          5
          5
          5
          5
          5
          5
          5
          5
          5
          5
          5
          5
          5
          5
          5
          5
          5
          5
          5
          5
          5
          5
          5
          5
          5
          5
          5
          5
          5
          5
          5
          5
          5
          5
          5
          5
          5
          5
          5
          5
          5
          5
          5
          5
          5
          5
          5
          5
          5
          5
          5
          5
          5
          5
          5
          5
          5
          5
          5
          5
          5
          5
          5
          5
          5
          5
          5
          5
          5
          5
          5
          5
          5
          5
          5
          5
          5
          5
          5
          5
          5
          5
          5
          5
          5
          5
          5
          5
          5
          5
          5
          5
          5
          5
          5
          5
          5
          5
          5
          5
          5
          5
          5
          5
          5
          5
          5
          5
          5
          5
          5
          5
          5
          5
          5
          5
          5
          5
          5
          5
          5
          5
          5
          5
          5
          5
          5
          5
          5
          5
          5
          5
          5
          5
          5
          5
          5
          5
          5
          5
          5
          5
          5
          5
          5
          5
          5
          5
          5
          5
          5
          5
          5
          5
          5
          5
          5
          5
          5
          5
          5
          5
          5
          5
          5
          5
          5
          5
          5
          5
          5
          5
          5
          5
          5
          5
          5
          5
          5
          5
          5
          5
          5
          5
          5
          5
          5
          5
          5
          5
          5
          5
          5
          5
          5
          5
          5
          5
          5
          5
          5
          5
          5
          5
          5
          5
          5
          5
          5
          5
          5
          5
          5
          5
          5
          5
          5
          5
          5
          5
          5
          5
          5
          5
          5
          5
          5
          5
          5
          5
          5
          5
          5
          5
          5
          5
          5
          5
          5
          5
          5
          5
          5
          5
          5
          5
          5
          5
          5
          5
          5
          5
          5
          5
          5
          5
          5
          5
          5
          5
          5
          5
          5
          5
          5
          5
          5
          5
          5
          5
          5
          5
          5
          5
          5
          5
          5
          5
          5
          5
          5
          5
          5
          5
          5
          5
          5
          5
          5
          5
          5
          5
          5
          5
          5
          5
          5
          5
          5
          5
          5
          5
          5
          5
          5
          5
          5
          5
          5
          5
          5
          5
          5
          5
          5
          5
          5
          5
          5
          5
          5
          5
          5
          5
          5
          5
          5
          5
          5
          5
          5
          5
          5
          5
          5
          5
          5
          5
          5
          5
          5
          5
          5
          5
          5
          5
          5
          5
          5
          5
          5
          5
          5
          5
          5
          5
          5
          5
          5
          5
          5
          5
          5
          5
          5
          5
          5
          5
          5
          5
          5
          5
          5
          5
          5
          5
          5
          5
          5
          5
          5
          5
          5
          5
          5
          5
          5
          5
          5
          5
          5
          5
          5
          5
          5
          5
          5
          5
          5
          5
          5
          5
          5
          5
          5
          5
          5
          5
          5
          5
          5
          5
          5
          5
          5
          5
          5
          5
          5
          5
          5
          5
          5
          5
          5
          5
          5
          5
          5
          5
          5
          5
          5
          5
          5
          5
          5
          5
          5
          5
          5
          5
          5
          5
          5
          5
          5
          5
          5
          5
          5
          5
          5
          5
          5
          5
          5
          5
          5
          5
          5
          5
          5
          5
          5
          5
          5
          5
          5
          5
          5
          5
          5
          5
          5
          5
          5
          5
          5
          5
          5
          5
          5
          5
          5
          5
          5
          5
          5
          5
          5
          5
          5
          5
          5
          5
          5
          5
          5
          5
          5
          5
          5
          5
          5
          5
          5
          5
          5
          5
          5
          5
          5
          5
          5
          5
          5
          5
          5
          5
          5
          5
          5
          5
          5
          5
          5
          5
          5
          5
          5
          5
          5
          5
          5
          5
          5
          5
          5
          5
          5
          5
          5
          5
          5
          5
          5
          5
          5
          5
          5
          5
          5
          5
          5
          5
          5
          5
          5
          5
          5
          5
          5
          5
          5
          5
          5
          5
          5
          5
          5
          5
          5
          5
          5
          5
          5
          5
          5
          5
          5
          5
          5
          5
          5
          5
          5
          5
          5
          5
          5
          5
          5
          5
          5
          5
          5
          5
          5
          5
          5
          5
          5
          5
          5
          5
          5
          5
          5
          5
          5
          5
          5
          5
          5
          5
          5
          5
          5
          5
          5
          5
          5
          5
          5
          5
          5
          5
          5
          5
          5
          5
          5
          5
          5
          5
          5
          5
          5
          5
          5
          5
          5
          5
          5
          5
          5
          5
          5
          5
          5
          5
          5
          5
          5
          5
          5
          5
          5
          5
          5
          5
          5
          5
          5
          5
          5
          5
          5
          5
          5
          5
          5
          5
          5
          5
          5
          5
          5
          5
          5
          5
          5
          5
          5
          5
          5
          5
          5
          5
          5
          5
          5
          5
          5
          5
          5
          5
          5
          5
          5
          5
          5
          5
          5
          5
          5
          5
          5
          5
          5
          5
          5
          5
          5
          5
          5
          5
          5
          5
          5
          5
          5
          5
          5
          5
          5
          5
          5
          5
          5
          5
          5
          5
          5
          5
          5
          5
          5
          5
          5
          5
          5
          5
          5
          5
          5
          5
          5
          5
          5
          5
          5
          5
          5
          5
          5
          5
          5
          5
          5
          5
          5
          5
          5
          5
          5
          5
          5
          5
          5
          5
          5
          5
          5
          5
          5
          5
          5
          5
          5
          5
          5
          5
          5
          5
          5
          5
          5
          5
          5
          5
          5
          5
          5
          5
          5
          5
          5
          5
          5
          5
          5
          5
          5
          5
          5
          5
          5
          5
          5
          5
          5
          5
          5
          5
          5
          5
          5
          5
          5
          5
          5
          5
          5
          5
          5
          5
          5
          5
          5
          5
          5
          5
          5
          5
          5
          5
          5
          5
          5
          5
          5
          5
          5
          5
          5
          5
          5
          5
          5
          5
          5
          5
          5
          5
          5
          5
          5
          5
          5
          5
          5
          5
          5
          5
          5
          5
          5
          5
          5
          5
          5
          5
          5
          5
          5
          5
          5
          5
          5
          5
          5
          5
          5
          5
          5
          5
          5
          5
          5
          5
          5
          5
          5
          5
          5
          5
          5
          5
          5
          5
          5
          5
          5
          5
          5
          5
          5
          5
          5
          5
          5
          5
          5
          5
          5
          5
          5
          5
          5
          5
          5
          5
          5
          5
          5
          5
          5
          5
          5
          5
          5
          5
          5
          5
          5
          5
          5
          5
          5
          5
          5
          5
          5
          5
          5
          5
          5
          5
          5
          5
          5
          5
          5
          5
          5
          5
          5
          5
          5
          5
          5
          5
          5
          5
          5
          5
          5
          5
          5
          5
          5
          5
          5
          5
          5
          5
          5
          5
          5
          5
          5
          5
          5
          5
          5
          5
          5
          5
          5
          5
          5
          5
          5
          5
          5
          5
          5
          5
          5
          5
          5
          5
          5
          5
          5
          5
          5
          5
          5
          5
          5
          5
          5
          5
          5
          5
          5
          5
          5
          5
          5
          5
          5
          5
          5
          5
          5
          5
          5
          5
          5
          5
          5
          5
          5
          5
          5
          5
          5
          5
          5
          5
          5
          5
          5
          5
          5
          5
          5
          5
          5
          5
          5
          5
          5
          5
          5
          5
          5
          5
          5
          5
          5
          5
          5
          5
          5
          5
          5
          5
          5
          5
          5
          5
          5
          5
          5
          5
          5
          5
          5
          5
          5
          5
          5
          5
          5
          5
          5
          5
          5
          5
          5
          5
          5
          5
          5
          5
          5
          5
          5
          5
          5
          5
          5
          5
          5
          5
          5
          5
          5
          5
          5
          5
          5
          5
          5
          5
          5
          5
          5
          5
          5
          5
          5
          5
          5
          5
          5
          5
          5
          5
          5
          5
          5
          5
          5
          5
          5
          5
          5
          5
          5
          5
          5
          5
          5
          5
          5
          5
          5
          5
          5
          5
          5
          5
          5
          5
          5
          5
          5
          5
          5
          5
          5
          5
          5
          5
          5
          5
          5
          5
          5
          5
          5
          5
          5
          5
          5
          5
          5
          5
          5
          5
          5
          5
          5
          5
          5
          5
          5
          5
          5
          5
          5
          5
          5
          5
          5
          5
          5
          5
          5
          5
          5
          5
          5
          5
          5
          5
          5
          5
          5
          5
          5
          5
          5
          5
          5
          5
          5
          5
          5
          5
          5
          5
          5
          5
          5
          5
          5
          5
          5
          5
          5
          5
          5
          5
          5
          5
          5
          5
          5
          5
          5
          5
          5
          5
          5
          5
          5
          5
          5
          5
          5
          5
          5
          5
          5
          5
          5
          5
          5
          5
          5
          5
          5
          5
          5
          5
          5
          5
          5
          5
          5
          5
          5
          5
          5
          5
          5
          5
          5
          5
          5
          5
          5
          5
          5
          5
          5
          5
          5
          5
          5
          5
          5
          5
          5
          5
          5
          5
          5
          5
          5
          5
          5
          5
          5
          5
          5
          5
          5
          5
          5
          5
          5
          5
          5
          5
          5
          5
          5
          5
          5
          5
          5
          5
          5
          5
          5
          5
          5
          5
          5
          5
          5
          5
          5
          5
          5
          5
          5
          5
          5
          5
          5
          5
          5
          5
          5
          5
          5
          5
          5
          5
          5
          5
          5
          5
          5
          5
          5
          5
          5
          5
          5
          5
          5
          5
          5
          5
          5
          5
          5
          5
          5
          5
          5
          5
          5
          5
          5
          5
          5
          5
          5
          5
          5
          5
          5
          5
          5
          5
          5
          5
          5
          5
          5
          5
          5
          5
          5
          5
          5
          5
          5
          5
          5
          5
          5
          5
          5
          5
          5
          5
          5
          5
          5
          5
          5
          5
          5
          5
          5
          5
          5
          5
          5
          5
          5
          5
          5
          5
          5
          5
          5
          5
          5
          5
          5
          5
          5
          5
          5
          5
          5
          5
          5
          5
          5
          5
          5
          5
          5
          5
          5
          5
          5
          5
          5
          5
          5
          5
          5
          5
          5
          5
          5
          5
          5
          5
          5
          5
          5
          5
          5
          5
          5
          5
          5
          5
          5
          5
          5
          5
          5
          5
          5
          5
          5
          5
          5
          5
          5
          5
          5
          5
          5
          5
          5
          5
          5
          5
          5
          5
          5
          5
          5
          5
          5
          5
          5
          5
          5
          5
          5
          5
          5
          5
          5
          5
          5
          5
          5
          5
          5
          5
          5
          5
          5
          5
          5
          5
          5
          5
          5
          5
          5
          5
          5
          5
          5
          5
          5
          5
          5
          5
          5
          5
          5
          5
          5
          5
          5
          5
          5
          5
          5
          5
          5
          5
          5
          5
          5
          5
          5
          5
          5
          5
          5
          5
          5
          5
          5
          5
          5
          5
          5
          5
          5
          5
          5
          5
          5
          5
          5
          5
          5
          5
          5
          5
          5
          5
          5
          5
          5
          5
          5
          5
          5
          5
          5
          5
          5
          5
          5
          5
          5
          5
          5
          5
          5
          5
          5
          5
          5
          5
          5
          5
          5
          5
          5
          5
          5
          5
          5
          5
          5
          5
          5
          5
          5
          5
          5
          5
          5
          5
          5
          5
          5
          5
          5
          5
          5
          5
          5
          5
          5
          5
          5
          5
          5
          5
          5
          5
          5
          5
          5
          5
          5
          5
          5
          5
          5
          5
          5
          5
          5
          5
          5
          5
          5
          5
          5
          5
          5
          5
          5
          5
          5
          5
          5
          5
          5
          5
          5
          5
          5
          5
          5
          5
          5
          5
          5
          5
          5
          5
          5
          5
          5
          5
          5
          5
          5
          5
          5
          5
          5
          5
          5
          5
          5
          5
          5
          5
          5
          5
          5
          5
          5
          5
          5
          5
          5
          5
          5
          5
          5
          5
          5
          5
          5
          5
          5
          5
          5
          5
          5
          5
          5
          5
          5
          5
          5
          5
          5
          5
          5
          5
          5
          5
          5
          5
          5
          5
          5
          5
          5
          5
          5
          5
          5
          5
          5
          5
          5
          5
          5
          5
          5
          5
          5
          5
          5
          5
          5
          5
          5
          5
          5
          5
          5
          5
          5
          5
          5
          5
          5
          5
          5
          5
          5
          5
          5
          5
          5
          5
          5
          5
          5
          5
          5
          5
          5
          5
          5
          5
          5
          5
          5
          5
          5
          5
          5
          5
          5
          5
          5
          5
          5
          5
          5
          5
          5
          5
          5
          5
          5
          5
          5
          5
          5
          5
          5
          5
          5
          5
          5
          5
          5
          5
          5
          5
          5
          5
          5
          5
          5
          5
          5
          5
          5
          5
          5
          5
          5
          5
          5
          5
          5
          5
          5
          5
          5
          5
          5
          5
          5
          5
          5
          5
          5
          5
          5
          5
          5
          5
          5
          5
          5
          5
          5
          5
          5
          5
          5
          5
          5
          5
          5
          5
          5
          5
          5
          5
          5
          5
          5
          5
          5
          5
          5
          5
          5
          5
          5
          5
          5
          5
          5
          5
          5
          5
          5
          5
          5
          5
          5
          5
          5
          5
          5
          5
          5
          5
          5
          5
          5
          5
          5
          5
          5
          5
          5
          5
          5
          5
          5
          5
          5
          5
          5
          5
          5
          5
          5
          5
          5
          5
          5
          5
          5
          5
          5
          5
          5
          5
          5
          5
          5
          5
          5
          5
          5
          5
          5
          5
          5
          5
          5
          5
          5
          5
          5
          5
          5
          5
          5
          5
          5
          5
          5
          5
          5
          5
          5
          5
          5
          5
          5
          5
          5
          5
          5
          5
          5
          5
          5
          5
          5
          5
          5
          5
          5
          5
          5
          5
          5
          5
          5
          5
          5
          5
          5
          5
          5
          5
          5
          5
          5
          5
          5
          5
          5
          5
          5
          5
          5
          5
          5
          5
          5
          5
          5
          5
          5
          5
          5
          5
          5
          5
          5
          5
          5
          5
          5
          5
          5
          5
          5
          5
          5
          5
          5
          5
          5
          5
          5
          5
          5
          5
          5
          5
          5
          5
          5
          5
          5
          5
          5
          5
          5
          5
          5
          5
          5
          5
          5
          5
          5
          5
          5
          5
          5
          5
          5
          5
          5
          5
          5
          5
          5
          5
          5
          5
          5
          5
          5
          5
          5
          5
          5
          5
          5
          5
          5
          5
          5
          5
          5
          5
          5
          5
          5
          5
          5
          5
          5
          5
          5
          5
          5
          5
          5
          5
          5
          5
          5
          5
          5
          5
          5
          5
          5
          5
          5
          5
          5
          5
          5
          5
          5
          5
          5
          5
          5
          5
          5
          5
          5
          5
          5
          5
          5
          5
          5
          5
          5
          5
          5
          5
          5
          5
          5
          5
          5
          5
          5
          5
          5
          5
          5
          5
          5
          5
          5
          5
          5
          5
          5
          5
          5
          5
          5
          5
          5
          5
          5
          5
          5
          5
          5
          5
          5
          5
          5
          5
          5
          5
          5
          5
          5
          5
          5
          5
          5
          5
          5
          5
          5
          5
          5
          5
          5
          5
          5
          5
          5
          5
          5
          5
          5
          5
          5
          5
          5
          5
          5
          5
          5
          5
          5
          5
          5
          5
          5
          5
          5
          5
          5
          5
          5
          5
          5
          5
          5
          5
          5
          5
          5
          5
          5
          5
          5
          5
          5
          5
          5
          5
          5
          5
          5
          5
          5
          5
          5
          5
          5
          5
          5
          5
          5
          5
          5
          5
          5
          5
          5
          5
          5
          5
          5
          5
          5
          5
          5
          5
          5
          5
          5
          5
          5
          5
          5
          5
          5
          5
          5
          5
          5
          5
          5
          5
          5
          5
          5
          5
          5
          5
          5
          5
          5
          5
          5
          5
          5
          5
          5
          5
          5
          5
          5
          5
          5
          5
          5
          5
          5
          5
          5
          5
          5
          5
          5
          5
          5
          5
          5
          5
          5
          5
          5
          5
          5
          5
          5
          5
          5
          5
          5
          5
          5
          5
          5
          5
          5
          5
          5
          5
          5
          5
          5
          5
          5
          5
          5
          5
          5
          5
          5
          5
          5
          5
          5
          5
          5
          5
          5
          5
          5
          5
          5
          5
          5
          5
          5
          5
          5
          5
          5
          5
          5
          5
          5
          5
          5
          5
          5
          5
          5
          5
          5
          5
          5
          5
          5
          5
          5
          5
          5
          5
          5
          5
          5
          5
          5
          5
          5
          5
          5
          5
          5
          5
          5
          5
          5
          5
          5
          5
          5
          5
          5
          5
          5
          5
          5
          5
          5
          5
          5
          5
          5
          5
          5
          5
          5
          5
          5
          5
          5
          5
          5
          5
          5
          5
          5
          5
          5
          5
          5
          5
          5
          5
          5
          5
          5
          5
          5
          5
          5
          5
          5
          5
          5
          5
          5
          5
          5
          5
          5
          5
          5
          5
          5
          5
          5
          5
          5
          5
          5
          5
          5
          5
          5
          5
          5
          5
          5
          5
          5
          5
          5
          5
          5
          5
          5
          5
          5
          5
          5
          5
          5
          5
          5
          5
          5
          5
          5
          5
          5
          5
          5
          5
          5
          5
          5
          5
          5
          5
          5
          5
          5
          5
          5
          5
          5
          5
          5
          5
          5
          5
          5
          5
          5
          5
          5
          5
          5
          5
          5
          5
          5
          5
          5
          5
          5
          5
          5
          5
          5
          5
          5
          5
          5
          5
          5
          5
          5
          5
          5
          5
          5
          5
          5
          5
          5
          5
          5
          5
          5
          5
          5
          5
          5
          5
          5
          5
          5
          5
          5
          5
          5
          5
          5
          5
          5
          5
          5
          5
          5
          5
          5
          5
          5
          5
          5
          5
          5
          5
          5
          5
          5
          5
          5
          5
          5
          5
          5
          5
          5
          5
          5
          5
          5
          5
          5
          5
          5
          5
          5
          5
          5
          5
          5
          5
          5
          5
          5
          5
          5
          5
          5
          5
          5
          5
          5
          5
          5
          5
          5
          5
          5
          5
          5
          5
          5
          5
          5
          5
          5
          5
          5
          5
          5
          5
          5
          5
          5
          5
          5
          5
          5
          5
          5
          5
          5
          5
          5
          5
          5
          5
          5
          5
          5
          5
          5
          5
          5
          5
          5
          5
          5
          5
          5
          5
          5
          5
          5
          5
          5
          5
          5
          5
          5
          5
          5
          5
          5
          5
          5
          5
          5
          5
          5
          5
          5
          5
          5
          5
          5
          5
          5
          5
          5
          5
          5
          5
          5
          5
          5
          5
          5
          5
          5
          5
          5
          5
          5
          5
          5
          5
          5
          5
          5
          5
          5
          5
          5
          5
          5
          5
          5
          5
          5
          5
          5
          5
          5
          5
          5
          5
          5
          5
          5
          5
          5
          5
          5
          5
          5
          5
          5
          5
          5
          5
          5
          5
          5
          5
          5
          5
          5
          5
          5
          5
          5
          5
          5
          5
          5
          5
          5
          5
          5
          5
          5
          5
          5
          5
          5
          5
          5
          5
          5
          5
          5
          5
          5
          5
          5
          5
          5
          5
          5
          5
          5
          5
          5
          5
          5
          5
          5
          5
          5
          5
          5
          5
          5
          5
          5
          5
          5
          5
          5
          5
          5
          5
          5
          5
          5
          5
          5
          5
          5
          5
          5
          5
          5
          5
          5
          5
          5
          5
          5
          5
          5
          5
          5
          5
          5
          5
          5
          5
          5
          5
          5
          5
          5
          5
          5
          5
          5
          5
          5
          5
          5
          5
          5
          5
          5
          5
          5
          5
          5
          5
          5
          5
          5
          5
          5
          5
          5
          5
          5
          5
          5
          5
          5
          5
          5
          5
          5
          5
          5
          5
          5
          5
          5
          5
          5
          5
          5
          5
          5
          5
          5
          5
          5
          5
          5
          5
          5
          5
          5
          5
          5
          5
          5
          5
          5
          5
          5
          5
          5
          5
          5
          5
          5
          5
          5
          5
          5
          5
          5
          5
          5
          5
          5
          5
          5
          5
          5
          5
          5
          5
          5
          5
          5
          5
          5
          5
          5
          5
          5
          5
          5
          5
          5
          5
          5
          5
          5
          5
          5
          5
          5
          5
          5
          5
          5
          5
          5
          5
          5
          5
          5
          5
          5
          5
          5
          5
          5
          5
          5
          5
          5
          5
          5
          5
          5
          5
          5
          5
          5
          5
          5
          5
          5
          5
          5
          5
          5
          5
          5
          5
          5
          5
          5
          5
          5
          5
          5
          5
          5
          5
          5
          5
          5
          5
          5
          5
          5
          5
          5
          5
          5
          5
          5
          5
          5
          5
          5
          5
          5
          5
          5
          5
          5
          5
          5
          5
          5
          5
          5
          5
          5
          5
          5
          5
          5
          5
          5
          5
          5
          5
          5
          5
          5
          5
          5
          5
          5
          5
          5
          5
          5
          5
          5
          5
          5
          5
          5
          5
          5
          5
          5
          5
          5
          5
          5
          5
          5
          5
          5
          5
          5
          5
          5
          5
          5
          5
          5
          5
          5
          5
          5
          5
          5
          5
          5
          5
          5
          5
          5
          5
          5
          5
          5
          5
          5
          5
          5
          5
          5
          5
          5
          5
          5
          5
          5
          5
          5
          5
          5
          5
          5
          5
          5
          5
          5
          5
          5
          5
          5
          5
          5
          5
          5
          5
          5
          5
          5
          5
          5
          5
          5
          5
          5
          5
          5
          5
          5
          5
          5
          5
          5
          5
          5
          5
          5
          5
          5
          5
          5
          5
          5
          5
          5
          5
          5
          5
          5
          5
          5
          5
          5
          5
          5
          5
          5
          5
          5
          5
          5
          5
          5
          5
          5
          5
          5
          5
          5
          5
          5
          5
          5
          5
          5
          5
          5
          5
          5
          5
          5
          5
          5
          5
          5
          5
          5
          5
          5
          5
          5
          5
          5
          5
          5
          5
          5
          5
          5
          5
          5
          5
          5
          5
          5
          5
          5
          5
          5
          5
          5
          5
          5
          5
          5
          5
          5
          5
          5
          5
          5
          5
          5
          5
          5
          5
          5
          5
          5
          5
          5
          5
          5
          5
          5
          5
          5
          5
          5
          5
          5
          5
          5
          5
          5
          5
          5
          5
          5
          5
          5
          5
          5
          5
          5
          5
          5
          5
          5
          5
          5
          5
          5
          5
          5
          5
          5
          5
          5
          5
          5
          5
          5
          5
          5
          5
          5
          5
          5
          5
          5
          5
          5
          5
          5
          5
          5
          5
          5
          5
          5
          5
          5
          5
          5
          5
          5
          5
          5
          5
          5
          5
          5
          5
          5
          5
          5
          5
          5
          5
          5
          5
          5
          5
          5
          5
          5
          5
          5
          5
          5
          5
          5
          5
          5
          5
          5
          5
          5
          5
          5
          5
          5
          5
          5
          5
          5
          5
          5
          5
          5
          5
          5
          5
          5
          5
          5
          5
          5
          5
          5
          5
          5
          5
          5
          5
          5
          5
          5
          5
          5
          5
          5
          5
          5
          5
          5
          5
          5
          5
          5
          5
          5
          5
          5
          5
          5
          5
          5
          5
          5
          5
          5
          5
          5
          5
          5
          5
          5
          5
          5
          5
          5
          5
          5
          5
          5
          5
          5
          5
          5
          5
          5
          5
          5
          5
          5
          5
          5
          5
          5
          5
          5
          5
          5
          5
          5
          5
          5
          5
          5
          5
          5
          5
          5
          5
          5
          5
          5
          5
          5
          5
          5
          5
          5
          5
          5
          5
          5
          5
          5
          5
          5
          5
          5
          5
          5
          5
          5
          5
          5
          5
          5
          5
          5
          5
          5
          5
          5
          5
          5
          5
          5
          5
          5
          5
          5
          5
          5
          5
          5
          5
          5
          5
          5
          5
          5
          5
          5
          5
          5
          5
          5
          5
          5
          5
          5
          5
          5
          5
          5
          5
          5
          5
          5
          5
          5
          5
          5
          5
          5
          5
          5
          5
          5
          5
          5
          5
          5
          5
          5
          5
          5
          5
          5
          5
          5
          5
          5
          5
          5
          5
          5
          5
          5
          5
          5
          5
          5
          5
          5
          5
          5
          5
          5
          5
          5
          5
          5
          5
          5
          5
          5
          5
          5
          5
          5
          5
          5
          5
          5
          5
          5
          5
          5
          5
          5
          5
          5
          5
          5
          5
          5
          5
          5
          5
          5
          5
          5
          5
          5
          5
          5
          5
          5
          5
          5
          5
          5
          5
          5
          5
          5
          5
          5
          5
          5
          5
          5
          5
          5
          5
          5
          5
          5
          5
          5
          5
          5
          5
          5
          5
          5
          5
          5
          5
          5
          5
          5
          5
          5
          5
          5
          5
          5
          5
          5
          5
          5
          5
          5
          5
          5
          5
          5
          5
          5
          5
          5
          5
          5
          5
          5
          5
          5
          5
          5
          5
          5
          5
          5
          5
          5
          5
          5
          5
          5
          5
          5
          5
          5
          5
          5
          5
          5
          5
          5
          5
          5
          5
          5
          5
          5
          5
          5
          5
          5
          5
          5
          5
          5
          5
          5
          5
          5
          5
          5
          5
          5
          5
          5
          5
          5
          5
          5
          5
          5
          5
          5
          5
          5
          5
          5
          5
          5
          5
          5
          5
          5
          5
          5
          5
          5
          5
          5
          5
          5
          5
          5
          5
          5
          5
          5
          5
          5
          5
          5
          5
          5
          5
          5
          5
          5
          5
          5
          5
          5
          5
          5
          5
          5
          5
          5
          5
          5
          5
          5
          5
          5
          5
          5
          5
          5
          5
          5
          5
          5
          5
          5
          5
          5
          5
          5
          5
          5
          5
          5
          5
          5
          5
          5
          5
          5
          5
          5
          5
          5
          5
          5
          5
          5
          5
          5
          5
          5
          5
          5
          5
          5
          5
          5
          5
          5
          5
          5
          5
          5
          5
          5
          5
          5
          5
          5
          5
          5
          5
          5
          5
          5
          5
          5
          5
          5
          5
          5
          5
          5
          5
          5
          5
          5
          5
          5
          5
          5
          5
          5
          5
          5
          5
          5
          5
          5
          5
          5
          5
          5
          5
          5
          5
          5
          5
          5
          5
          5
          5
          5
          5
          5
          5
          5
          5
          5
          5
          5
          5
          5
          5
          5
          5
          5
          5
          5
          5
          5
          5
          5
          5
          5
          5
          5
          5
          5
          5
          5
          5
          5
          5
          5
          5
          5
          5
          5
          5
          5
          5
          5
          5
          5
          5
          5
          5
          5
          5
          5
          5
          5
          5
          5
          5
          5
          5
          5
          5
          5
          5
          5
          5
          5
          5
          5
          5
          5
          5
          5
          5
          5
          5
          5
          5
          5
          5
          5
          5
          5
          5
          5
          5
          5
          5
          5
          5
          5
          5
          5
          5
          5
          5
          5
          5
          5
          5
          5
          5
          5
          5
          5
          5
          5
          5
          5
          5
          5
          5
          5
          5
          5
          5
          5
          5
          5
          5
          5
          5
          5
          5
          5
          5
          5
          5
          5
          5
          5
          5
          5
          5
          5
          5
          5
          5
          5
          5
          5
          5
          5
          5
          5
          5
          5
          5
          5
          5
          5
          5
          5
          5
          5
          5
          5
          5
          5
          5
          5
          5
          5
          5
          5
          5
          5
          5
          5
          5
          5
          5
          5
          5
          5
          5
          5
          5
          5
          5
          5
          5
          5
          5
          5
          5
          5
          5
          5
          5
          5
          5
          5
          5
          5
          5
          5
          5
          5
          5
          5
          5
          5
          5
          5
          5
          5
          5
          5
          5
          5
          5
          5
          5
          5
          5
          5
          5
          5
          5
          5
          5
          5
          5
          5
          5
          5
          5
          5
          5
          5
          5
          5
          5
          5
          5
          5
          5
          5
          5
          5
          5
          5
          5
          5
          5
          5
          5
          5
          5
          5
          5
          5
          5
          5
          5
          5
          5
          5
          5
          5
          5
          5
          5
          5
          5
          5
          5
          5
          5
          5
          5
          5
          5
          5
          5
          5
          5
          5
          5
          5
          5
          5
          5
          5
          5
          5
          5
          5
          5
          5
          5
          5
          5
          5
          5
          5
          5
          5
          5
          5
          5
          5
          5
          5
          5
          5
          5
          5
          5
          5
          5
          5
          5
          5
          5
          5
          5
          5
          5
          5
          5
          5
          5
          5
          5
          5
          5
          5
          5
          5
          5
          5
          5
          5
          5
          5
          5
          5
          5
          5
          5
          5
          5
          5
          5
          5
          5
          5
          5
          5
          5
          5
          5
          5
          5
          5
          5
          5
          5
          5
          5
          5
          5
          5
          5
          5
          5
          5
          5
          5
          5
          5
          5
          5
          5
          5
          5
          5
          5
          5
          5
          5
          5
          5
          5
          5
          5
          5
          5
          5
          5
          5
          5
          5
          5
          5
          5
          5
          5
          5
          5
          5
          5
          5
          5
          5
          5
          5
          5
          5
          5
          5
          5
          5
          5
          5
          5
          5
          5
          5
          5
          5
          5
          5
          5
          5
          5
          5
          5
          5
          5
          5
          5
          5
          5
          5
          5
          5
          5
          5
          5
          5
          5
          5
          5
          5
          5
          5
          5
          5
          5
          5
          5
          5
          5
          5
          5
          5
          5
          5
          5
          5
          5
          5
          5
          5
          5
          5
          5
          5
          5
          5
          5
          5
          5
          5
          5
          5
          5
          5
          5
          5
          5
          5
          5
          5
          5
          5
          5
          5
          5
          5
          5
          5
          5
          5
          5
          5
          5
          5
          5
          5
          5
          5
          5
          5
          5
          5
          5
          5
          5
          5
          5
          5
          5
          5
          5
          5
          5
          5
          5
          5
          5
          5
          5
          5
          5
          5
          5
          5
          5
          5
          5
          5
          5
          5
          5
          5
          5
          5
          5
          5
          5
          5
          5
          5
          5
          5
          5
          5
          5
          5
          5
          5
          5
          5
          5
          5
          5
          5
          5
          5
          5
          5
          5
          5
          5
          5
          5
          5
          5
          5
          5
          5
          5
          5
          5
          5
          5
          5
          5
          5
          5
          5
          5
          5
          5
          5
          5
          5
          5
          5
          5
          5
          5
          5
          5
          5
          5
          5
          5
          5
          5
          5
          5
          5
          5
          5
          5
          5
          5
          5
          5
          5
          5
          5
          5
          5
          5
          5
          5
          5
          5
          5
          5
          5
          5
          5
          5
          5
          5
          5
          5
          5
          5
          5
          5
          5
          5
          5
          5
          5
          5
          5
          5
          5
          5
          5
          5
          5
          5
          5
          5
          5
          5
          5
          5
          5
          5
          5
          5
          5
          5
          5
          5
          5
          5
          5
          5
          5
          5
          5
          5
          5
          5
          5
          5
          5
          5
          5
          5
          5
          5
          5
          5
          5
          5
          5
          5
          5
          5
          5
          5
          5
          5
          5
          5
          5
          5
          5
          5
          5
          5
          5
          5
          5
          5
          5
          5
          5
          5
          5
          5
          5
          5
          5
          5
          5
          5
          5
          5
          5
          5
          5
          5
          5
          5
          5
          5
          5
          5
          5
          5
          5
          5
          5
          5
          5
          5
          5
          5
          5
          5
          5
          5
          5
          5
          5
          5
          5
          5
          5
          5
          5
          5
          5
          5
          5
          5
          5
          5
          5
          5
          5
          5
          5
          5
          5
          5
          5
          5
          5
          5
          5
          5
          5
          5
          5
          5
          5
          5
          5
          5
          5
          5
          5
          5
          5
          5
          5
          5
          5
          5
          5
          5
          5
          5
          5
          5
          5
          5
          5
          5
          5
          5
          5
          5
          5
          5
          5
          5
          5
          5
          5
          5
          5
          5
          5
          5
          5
          5
          5
          5
          5
          5
          5
          5
          5
          5
          5
          5
          5
          5
          5
          5
          5
          5
          5
          5
          5
          5
          5
          5
          5
          5
          5
          5
          5
          5
          5
          5
          5
          5
          5
          5
          5
          5
          5
          5
          5
          5
          5
          5
          5
          5
          5
          5
          5
          5
          5
          5
          5
          5
          5
          5
          5
          5
          5
          5
          5
          5
          5
          5
          5
          5
          5
          5
          5
          5
          5
          5
          5
          5
          5
          5
          5
          5
          5
          5
          5
          5
          5
          5
          5
          5
          5
          5
          5
          5
          5
          5
          5
          5
          5
          5
          5
          5
          5
          5
          5
          5
          5
          5
          5
          5
          5
          5
          5
          5
          5
          5
          5
          5
          5
          5
          5
          5
          5
          5
          5
          5
          5
          5
          5
          5
          5
          5
          5
          5
          5
          5
          5
          5
          5
          5
          5
          5
          5
          5
          5
          5
          5
          5
          5
          5
          5
          5
          5
          5
          5
          5
          5
          5
          5
          5
          5
          5
          5
          5
          5
          5
          5
          5
          5
          5
          5
          5
          5
          5
          5
          5
          5
          5
          5
          5
          5
          5
          5
          5
          5
          5
          5
          5
          5
          5
          5
          5
          5
          5
          5
          5
          5
          5
          5
          5
          5
          5
          5
          5
          5
          5
          5
          5
          5
          5
          5
          5
          5
          5
          5
          5
          5
          5
          5
          5
          5
          5
          5
          5
          5
          5
          5
          5
          5
          5
          5
          5
          5
          5
          5
          5
          5
          5
          5
          5
          5
          5
          5
          5
          5
          5
          5
          5
          5
          5
          5
          5
          5
          5
          5
          5
          5
          5
          5
          5
          5
          5
          5
          5
          5
          5
          5
          5
          5
          5
          5
          5
          5
          5
          5
          5
          5
          5
          5
          5
          5
          5
          5
          5
          5
          5
          5
          5
          5
          5
          5
          5
          5
          5
          5
          5
          5
          5
          5
          5
          5
          5
          5
          5
          5
          5
          5
          5
          5
          5
          5
          5
          5
          5
          5
          5
          5
          5
          5
          5
          5
          5
          5
          5
          5
          5
          5
          5
          5
          5
          5
          5
          5
          5
          5
          5
          5
          5
          5
          5
          5
          5
          5
          5
          5
          5
          5
          5
          5
          5
          5
          5
          5
          5
          5
          5
          5
          5
          5
          5
          5
          5
          5
          5
          5
          5
          5
          5
          5
          5
          5
          5
          5
          5
          5
          5
          5
          5
          5
          5
          5
          5
          5
          5
          5
          5
          5
          5
          5
          5
          5
          5
          5
          5
          5
          5
          5
          5
          5
          5
          5
          5
          5
          5
          5
          5
          5
          5
          5
          5
          5
          5
          5
          5
          5
          5
          5
          5
          5
          5
          5
          5
          5
          5
          5
          5
          5
          5
          5
          5
          5
          5
          5
          5
          5
          5
          5
          5
          5
          5
          5
          5
          5
          5
          5
          5
          5
          5
          5
          5
          5
          5
          5
          5
          5
          5
          5
          5
          5
          5
          5
          5
          5
          5
          5
          5
          5
          5
          5
          5
          5
          5
          5
          5
          5
          5
          5
          5
          5
          5
          5
          5
          5
          5
          5
          5
          5
          5
          5
          5
          5
          5
          5
          5
          5
          5
          5
          5
          5
          5
          5
          5
          5
          5
          5
          5
          5
          5
          5
          5
          5
          5
          5
          5
          5
          5
          5
          5
          5
          5
          5
          5
          5
          5
          5
          5
          5
          5
          5
          5
          5
          5
          5
          5
          5
          5
          5
          5
          5
          5
          5
          5
          5
          5
          5
          5
          5
          5
          5
          5
          5
          5
          5
          5
          5
          5
          5
          5
          5
          5
          5
          5
          5
          5
          5
          5
          5
          5
          5
          5
          5
          5
          5
          5
          5
          5
          5
          5
          5
          5
          5
          5
          5
          5
          5
          5
          5
          5
          5
          5
          5
          5
          5
          5
          5
          5
          5
          5
          5
          5
          5
          5
          5
          5
          5
          5
          5
          5
          5
          5
          5
          5
          5
          5
          5
          5
          5
          5
          5
          5
          5
          5
          5
          5
          5
          5
          5
          5
          5
          5
          5
          5
          5
          5
          5
          5
          5
          5
          5
          5
          5
          5
          5
          5
          5
          5
          5
          5
          5
          5
          5
          5
          5
          5
          5
          5
          5
          5
          5
          5
          5
          5
          5
          5
          5
          5
          5
          5
          5
          5
          5
          5
          5
          5
          5
          5
          5
          5
          5
          5
          5
          5
          5
          5
          5
          5
          5
          5
          5
          5
          5
          5
          5
          5
          5
          5
          5
          5
          5
          5
          5
          5
          5
          5
          5
          5
          5
          5
          5
          5
          5
          5
          5
          5
          5
          5
          5
          5
          5
          5
          5
          5
          5
          5
          5
          5
          5
          5
          5
          5
          5
          5
          5
          5
          5
          5
          5
          5
          5
          5
          5
          5
          5
          5
          5
          5
          5
          5
          5
          5
          5
          5
          5
          5
          5
          5
          5
          5
          5
          5
          5
          5
          5
          5
          5
          5
          5
          5
          5
          5
          5
          5
          5
          5
          5
          5
          5
          5
          5
          5
          5
          5
          5
          5
          5
          5
          5
          5
          5
          5
          5
          5
          5
          5
          5
          5
          5
          5
          5
          5
          5
          5
          5
          5
          5
          5
          5
          5
          5
          5
          5
          5
          5
          5
          5
          5
          5
          5
          5
          5
          5
          5
          5
          5
          5
          5
          5
          5
          5
          5
          5
          5
          5
          5
          5
          5
          5
          5
          5
          5
          5
          5
          5
          5
          5
          5
          5
          5
          5
          5
          5
          5
          5
          5
          5
          5
          5
          5
          5
          5
          5
          5
          5
          5
          5
          5
          5
          5
          5
          5
          5
          5
          5
          5
          5
          5
          5
          5
          5
          5
          5
          5
          5
          5
          5
          5
          5
          5
          5
          5
          5
          5
          5
          5
          5
          5
          5
          5
          5
          5
          5
          5
          5
          5
          5
          5
          5
          5
          5
          5
          5
          5
          5
          5
          5
          5
          5
          5
          5
          5
          5
          5
          5
          5
          5
          5
          5
          5
          5
          5
          5
          5
          5
          5
          5
          5
          5
          5
          5
          5
          5
          5
          5
          5
          5
          5
          5
          5
          5
          5
          5
          5
          5
          5
          5
          5
          5
          5
          5
          5
          5
          5
          5
          5
          5
          5
          5
          5
          5
          5
          5
          5
          5
          5
          5
          5
          5
          5
          5
          5
          5
          5
          5
          5
          5
          5
          5
          5
          5
          5
          5
          5
          5
          5
          5
          5
          5
          5
          5
          5
          5
          5
          5
          5
          5
          5
          5
          5
          5
          5
          5
          5
          5
          5
          5
          5
          5
          5
          5
          5
          5
          5
          5
          5
          5
          5
          5
          5
          5
          5
          5
          5
          5
          5
          5
          5
          5
          5
          5
          5
          5
          5
          5
          5
          5
          5
          5
          5
          5
          5
          5
          5
          5
          5
          5
          5
          5
          5
          5
          5
          5
          5
          5
          5
          5
          5
          5
          5
          5
          5
          5
          5
          5
          5
          5
          5
          5
          5
          5
          5
          5
          5
          5
          5
          5
          5
          5
          5
          5
          5
          5
          5
          5
          5
          5
          5
          5
          5
          5
          5
          5
          5
          5
          5
          5
          5
          5
          5
          5
          5
          5
          5
          5
          5
          5
          5
          5
          5
          5
          5
          5
          5
          5
          5
          5
          5
          5
          5
          5
          5
          5
          5
          5
          5
          5
          5
          5
          5
          5
          5
          5
          5
          5
          5
          5
          5
          5
          5
          5
          5
          5
          5
          5
          5
          5
          5
          5
          5
          5
          5
          5
          5
          5
          5
          5
          5
          5
          5
          5
          5
          5
          5
          5
          5
          5
          5
          5
          5
          5
          5
          5
          5
          5
          5
          5
          5
          5
          5
          5
          5
          5
          5
          5
          5
          5
          5
          5
          5
          5
          5
          5
          5
          5
          5
          5
          5
          5
          5
          5
          5
          5
          5
          5
          5
          5
          5
          5
          5
          5
          5
          5
          5
          5
          5
          5
          5
          5
          5
          5
          5
          5
          5
          5
          5
          5
          5
          5
          5
          5
          5
          5
          5
          5
          5
          5
          5
          5
          5
          5
          5
          5
          5
          5
          5
          5
          5
          5
          5
          5
          5
          5
          5
          5
          5
          5
          5
          5
          5
          5
          5
          5
          5
          5
          5
          5
          5
          5
          5
          5
          5
          5
          5
          5
          5
          5
          5
          5
          5
          5
          5
          5
          5
          5
          5
          5
          5
          5
          5
          5
          5
          5
          5
          5
          5
          5
          5
          5
          5
          5
          5
          5
          5
          5
          5
          5
          5
          5
          5
          5
          5
          5
          5
          5
          5
          5
          5
          5
          5
          5
          5
          5
          5
          5
          5
          5
          5
          5
          5
          5
          5
          5
          5
          5
          5
          5
          5
          5
          5
          5
          5
          5
          5
          5
          5
          5
          5
          5
          5
          5
          5
          5
          5
          5
          5
          5
          5
          5
          5
          5
          5
          5
          5
          5
          5
          5
          5
          5
          5
          5
          5
          5
          5
          5
          5
          5
          5
          5
          5
          5
          5
          5
          5
          5
          5
          5
          5
          5
          5
          5
          5
          5
          5
          5
          5
          5
          5
          5
          5
          5
          5
          5
          5
          5
          5
          5
          5
          5
          5
          5
          5
          5
          5
          5
          5
          5
          5
          5
          5
          5
          5
          5
          5
          5
          5
          5
          5
          5
          5
          5
          5
          5
          5
          5
          5
          5
          5
          5
          5
          5
          5
          5
          5
          5
          5
          5
          5
          5
          5
          5
          5
          5
          5
          5
          5
          5
          5
          5
          5
          5
          5
          5
          5
          5
          5
          5
          5
          5
          5
          5
          5
          5
          5
          5
          5
          5
          5
          5
          5
          5
          5
          5
          5
          5
          5
          5
          5
          5
          5
          5
          5
          5
          5
          5
          5
          5
          5
          5
          5
          5
          5
          5
          5
          5
          5
          5
          5
          5
          5
          5
          5
          5
          5
          5
          5
          5
          5
          5
          5
          5
          5
          5
          5
          5
          5
          5
          5
          5
          5
          5
          5
          5
          5
          5
          5
          5
          5
          5
          5
          5
          5
          5
          5
          5
          5
          5
          5
          5
          5
          5
          5
          5
          5
          5
          5
          5
          5
          5
          5
          5
          5
          5
          5
          5
          5
          5
          5
          5
          5
          5
          5
          5
          5
          5
          5
          5
          5
          5
          5
          5
          5
          5
          5
          5
          5
          5
          5
          5
          5
          5
          5
          5
          5
          5
          5
          5
          5
          5
          5
          5
          5
          5
          5
          5
          5
          5
          5
          5
          5
          5
          5
          5
          5
          5
          5
          5
          5
          5
          5
          5
          5
          5
          5
          5
          5
          5
          5
          5
          5
          5
          5
          5
          5
          5
          5
          5
          5
          5
          5
          5
          5
          5
          5
          5
          5
          5
          5
          5
          5
          5
          5
          5
          5
          5
          5
          5
          5
          5
          5
          5
          5
          5
          5
          5
          5
          5
          5
          5
        </DataArray>
      </Cells>
      <PointData Scalars="numerical_solution">
        <DataArray type="Float64" Name="numerical_solution" format="ascii">
          14.552137
          15.192112
          15.926633
          13.995072
          13.511307
          15.294252
          14.680959
          13.092843
          12.733068
          16.769979
          17.739795
          15.998195
          16.805963
          12.426550
          12.168842
          11.956334
          11.786131
          14.147547
          13.685096
          16.635955
          15.940998
          15.335593
          13.286157
          12.944558
          11.655992
          11.564243
          11.509666
          11.491754
          18.857910
          20.151421
          17.733812
          18.801827
          17.432909
          18.347218
          12.655227
          12.414025
          12.217644
          12.063502
          14.809549
          14.354374
          18.063867
          17.281646
          16.599235
          16.004928
          13.962941
          13.629352
          11.510008
          11.564549
          11.949645
          11.874604
          11.837460
          11.837760
          20.034880
          21.654258
          21.463912
          23.409356
          19.397849
          20.608174
          18.960293
          19.988624
          19.578836
          11.656301
          11.786342
          13.348771
          13.117266
          12.931741
          12.789863
          15.489098
          15.043733
          18.704140
          17.940184
          17.273549
          16.693259
          14.662150
          14.338837
          11.874960
          11.950013
          12.689930
          12.630679
          12.611331
          12.631224
          22.007092
          23.127805
          23.630630
          25.471649
          25.075960
          27.912292
          21.170547
          22.532707
          20.580649
          21.729491
          20.207951
          21.179542
          11.956447
          12.168976
          12.063681
          12.217363
          12.426823
          12.733631
          14.069243
          13.849635
          13.677124
          13.549653
          16.190263
          15.757099
          19.358458
          18.615995
          17.968097
          17.404500
          15.387654
          15.076878
          12.690564
          12.790605
          13.465791
          13.424470
          13.424886
          13.466724
          24.108055
          25.524165
          25.937727
          27.371817
          27.745367
          30.824904
          30.098018
          34.334862
          23.049638
          24.570863
          22.291362
          23.565287
          20.851652
          21.789646
          22.861010
          13.093846
          13.512797
          12.413469
          12.654627
          12.931734
          13.116801
          12.944258
          13.286550
          14.820501
          14.614956
          14.457556
          14.346545
          16.916778
          16.498120
          20.030590
          19.312658
          18.686285
          18.141885
          16.143058
          15.847038
          13.550728
          13.677781
          14.280781
          14.259368
          14.281688
          14.347830
          26.330019
          28.073540
          28.373104
          30.368366
          30.581175
          33.364152
          33.490138
          38.612979
          37.318139
          43.896241
          25.027888
          26.711794
          24.085281
          25.485784
          21.511807
          22.412969
          23.440710
          24.612357
          13.686364
          13.996942
          14.149589
          14.554144
          13.348072
          13.628702
          13.849601
          14.069412
          13.963272
          14.356297
          15.606030
          15.416602
          15.276308
          15.183727
          17.671754
          17.269824
          20.722322
          20.031941
          19.429777
          18.906919
          16.931328
          16.652196
          14.458740
          14.615942
          15.138008
          15.138474
          15.184783
          15.277446
          22.187097
          28.657373
          30.757655
          30.914518
          33.545073
          33.556313
          37.240161
          37.076273
          42.162927
          41.794008
          50.521200
          48.182255
          58.979797
          27.090894
          28.935666
          25.947924
          27.471281
          23.048271
          24.029087
          26.412843
          25.145018
          14.813184
          14.683416
          15.340599
          15.194042
          15.296690
          15.928486
          14.338720
          14.662890
          14.821880
          15.078709
          15.046204
          15.493726
          16.428539
          16.257060
          16.135709
          16.063462
          18.456591
          18.073389
          21.432470
          20.772885
          20.197227
          19.698032
          17.753469
          17.493295
          15.418000
          15.608582
          16.039713
          16.064033
          16.136433
          16.257954
          23.692073
          22.873623
          31.063098
          33.545085
          33.525558
          36.862767
          36.627119
          41.323400
          40.800412
          47.392952
          46.487377
          55.783106
          54.375110
          70.014703
          65.567149
          84.789158
          29.212423
          31.208608
          27.851891
          29.487438
          24.623540
          25.680385
          28.230052
          26.878620
          16.012120
          15.946636
          16.608344
          16.000373
          16.641564
          16.772023
          16.808023
          15.389648
          15.760805
          15.851264
          16.148330
          16.195609
          16.701946
          17.288808
          17.136910
          17.036237
          16.986190
          19.269517
          18.906372
          22.157417
          21.531571
          20.510289
          20.983903
          18.607090
          18.368061
          16.430781
          16.657281
          16.986332
          17.036480
          17.136874
          17.289461
          25.223993
          24.337157
          23.569387
          33.504251
          36.387598
          36.152605
          40.261383
          39.730302
          45.533469
          44.579775
          52.843126
          51.281735
          63.227049
          60.774401
          78.453892
          74.669776
          105.210592
          95.904329
          134.593909
          31.351767
          33.482293
          29.760016
          31.492088
          26.214088
          27.351662
          30.038365
          28.601292
          17.742405
          17.285689
          17.291656
          17.954704
          17.438284
          18.074117
          17.736262
          18.352773
          16.504156
          16.923805
          16.939329
          17.279447
          17.413439
          17.981817
          18.184715
          18.053999
          17.975738
          17.949725
          20.105463
          19.762453
          22.888007
          22.299795
          21.332612
          21.768559
          19.486044
          19.270805
          17.497142
          17.761748
          18.053167
          17.975517
          18.369548
          18.183511
          26.706581
          25.822828
          24.952992
          24.270768
          35.923237
          39.218191
          38.726980
          43.657549
          42.780980
          49.755370
          48.303344
          58.342418
          56.015104
          70.830096
          67.124630
          89.805718
          83.815260
          120.356143
          110.384863
          179.141126
          156.135611
          251.629189
          33.461945
          35.700158
          31.627847
          33.458612
          27.816509
          28.941570
          31.736022
          30.321931
          18.861262
          18.805227
          20.155316
          18.633881
          18.720123
          19.380209
          18.970633
          19.595324
          19.404461
          19.999599
          17.681819
          18.152584
          18.084803
          18.469114
          18.700079
          19.332063
          19.110133
          19.002804
          18.949754
          18.950190
          20.941605
          20.629349
          23.064669
          23.595276
          22.154553
          22.544350
          20.383512
          20.197016
          18.918482
          18.614352
          19.110165
          19.003491
          19.492800
          19.271993
          26.186218
          28.032776
          27.318712
          24.736823
          25.689604
          38.257786
          41.952250
          41.173407
          46.942988
          45.674746
          53.839137
          51.832642
          63.659548
          60.483758
          78.203299
          73.093251
          100.942416
          92.400298
          139.317776
          124.094771
          211.539258
          181.720888
          382.126197
          304.175623
          656.728299
          35.482153
          37.824685
          33.451035
          35.254135
          30.362278
          29.381298
          33.252812
          31.956496
          20.039323
          20.616522
          21.658278
          21.468906
          20.055536
          20.231394
          20.881668
          20.597410
          21.203156
          21.183039
          21.747104
          18.919872
          19.444685
          19.283246
          19.712616
          20.052023
          20.749856
          20.057406
          19.979295
          19.952492
          19.983317
          21.772968
          21.520550
          23.603185
          24.412422
          22.770071
          23.436274
          21.140510
          21.290118
          20.120379
          19.776056
          20.200962
          20.063767
          20.653260
          20.391516
          27.106111
          28.890691
          28.441218
          25.692488
          26.859266
          23.413166
          40.441406
          44.496989
          43.430038
          49.992089
          48.305500
          57.607748
          55.015741
          68.518816
          64.461924
          84.865746
          78.308283
          110.908841
          99.725045
          156.298901
          135.487934
          247.180273
          202.570762
          477.227638
          355.015271
          1409.360257
          864.929746
          4868.978439
          37.407933
          39.731763
          36.872503
          35.143510
          31.116672
          30.408719
          33.888822
          32.856458
          22.016941
          22.547074
          23.132701
          23.640976
          25.080400
          21.546650
          21.820983
          22.452887
          22.315284
          22.893017
          23.068598
          23.589678
          20.213106
          20.793360
          20.527804
          21.003637
          21.462579
          22.228264
          20.980520
          21.022040
          20.980940
          21.042084
          22.220027
          22.753177
          24.600373
          25.627111
          23.781188
          24.678807
          21.898596
          22.327118
          21.360394
          20.972350
          21.314571
          21.156257
          21.842620
          21.554444
          28.153057
          29.855902
          29.350992
          26.794469
          27.829590
          25.475140
          42.434830
          46.761001
          45.342781
          52.687073
          50.607219
          60.877414
          57.713096
          72.634587
          67.731623
          90.318478
          82.415719
          118.687575
          105.136192
          168.743815
          143.113365
          271.354612
          214.443308
          547.007574
          376.407654
          2150.062040
          909.416742
          7215.076356
          4035.409107
          7213.141451
          41.427632
          39.133941
          37.302001
          35.870275
          31.951850
          31.224388
          34.558015
          33.535831
          24.123644
          24.591083
          27.375864
          25.534109
          25.953401
          27.754774
          23.097784
          23.481925
          24.084018
          24.116963
          24.654933
          25.052745
          25.516930
          21.552263
          22.190536
          21.813215
          22.332935
          22.924751
          23.756591
          21.807467
          22.126629
          21.932999
          22.147512
          23.259457
          24.016882
          25.754006
          26.640527
          24.963754
          25.728989
          22.955918
          23.618619
          22.628002
          22.213415
          22.273827
          22.381446
          22.883189
          22.867610
          29.370234
          30.992443
          28.071197
          30.041873
          30.102009
          27.915572
          44.079769
          48.682128
          46.992835
          54.933610
          52.454561
          63.500169
          59.859414
          75.760486
          70.134845
          94.144189
          85.158377
          123.474838
          108.195526
          174.724329
          146.131102
          277.518271
          215.384809
          535.585670
          362.509743
          1444.258445
          749.480841
          4554.629017
          1934.374740
          4857.938110
          4026.147468
          1400.041791
          41.511233
          39.563245
          37.737929
          36.368208
          32.983169
          35.406598
          26.350776
          26.736966
          30.377889
          33.500769
          28.088772
          28.393703
          30.596712
          24.694654
          25.204002
          25.763503
          25.990031
          26.475738
          27.122241
          27.515407
          22.931825
          23.636958
          23.142877
          23.679509
          24.436336
          25.319901
          22.886845
          23.438414
          23.017169
          23.477673
          24.480956
          25.097963
          27.068873
          26.323984
          24.200757
          24.723266
          23.748382
          23.606967
          23.381850
          23.730094
          24.026837
          24.248339
          31.408876
          33.095850
          28.960811
          31.898051
          30.778108
          37.252695
          33.368488
          30.828231
          44.029004
          46.607473
          50.147533
          56.641168
          53.988178
          65.387702
          61.362288
          77.768327
          71.640145
          96.121790
          86.456586
          124.935612
          108.813622
          173.811839
          144.611687
          266.248907
          206.705754
          467.797328
          325.768376
          965.914329
          576.057098
          1930.433637
          1063.430556
          2137.100698
          1435.089561
          859.211732
          652.225542
          41.573024
          39.785790
          38.320657
          35.137059
          37.564213
          28.682448
          28.966893
          33.562713
          37.097821
          30.778650
          30.940003
          33.579938
          26.323181
          26.971730
          27.474561
          27.919287
          28.338161
          29.258370
          29.564325
          41.349736
          25.102086
          24.368956
          24.898228
          24.609834
          25.988370
          26.883850
          24.153370
          24.565521
          24.300371
          24.617390
          25.853707
          28.137570
          27.556963
          25.598771
          24.895537
          25.022599
          24.691584
          24.890421
          25.362439
          25.432532
          33.288404
          34.989213
          33.583340
          29.886888
          32.509977
          31.587705
          41.809248
          37.323287
          34.338577
          43.853803
          46.152073
          49.396336
          52.842051
          57.623827
          66.461023
          62.493448
          78.663103
          72.335549
          96.294852
          86.404881
          123.295214
          107.255564
          167.138888
          139.421494
          243.697823
          191.760361
          386.806026
          281.379359
          649.274446
          435.067414
          961.747233
          648.048468
          901.818096
          744.088172
          473.678524
          542.313616
          301.607826
          379.197861
          41.776488
          40.410916
          37.019824
          39.383983
          31.094491
          31.255101
          36.891973
          40.837271
          33.573313
          33.559522
          36.661776
          28.002293
          28.761522
          29.173886
          29.884337
          30.219978
          31.434343
          31.638205
          46.519412
          45.578566
          26.435135
          25.962402
          26.072631
          26.049041
          28.323222
          27.671515
          25.562357
          25.738042
          27.208091
          29.216922
          28.767913
          27.081568
          26.252831
          26.221370
          26.152319
          26.821559
          34.986534
          36.656802
          35.000429
          34.197896
          30.836500
          33.256214
          32.431167
          47.413046
          42.169774
          38.617580
          45.820871
          48.649092
          51.595488
          55.795778
          60.296181
          66.606250
          78.373303
          72.574769
          94.950418
          85.414371
          119.212736
          104.044303
          156.685683
          131.817574
          216.671569
          174.053997
          313.529651
          238.836112
          453.414529
          332.309328
          573.136471
          433.814961
          530.999208
          464.451908
          351.841369
          372.990197
          244.765241
          209.478777
          249.404898
          43.692491
          47.422930
          42.094517
          38.637304
          40.900605
          33.553087
          33.570688
          40.305767
          44.635272
          36.428032
          36.206957
          39.781475
          29.821072
          30.590804
          30.748033
          31.857646
          32.061636
          33.618885
          33.701400
          52.884573
          51.336272
          49.822268
          27.632207
          27.441486
          27.453139
          27.270483
          29.518018
          29.158354
          27.175291
          27.492689
          28.543570
          30.289135
          29.947927
          28.547108
          27.734536
          28.030175
          28.806453
          36.338699
          38.061396
          35.926824
          34.830228
          31.784464
          33.971220
          33.267284
          54.404890
          48.192759
          43.902702
          50.500559
          54.227583
          57.948772
          63.217515
          68.968107
          76.924886
          92.208968
          84.042279
          113.603912
          100.092922
          144.459930
          122.998036
          189.903106
          156.199965
          254.388006
          202.190788
          331.925319
          259.882480
          384.790612
          312.493156
          359.479126
          323.522494
          268.734869
          274.979861
          179.711392
          200.410876
          51.578918
          137.562517
          154.376735
          177.300165
          45.131915
          48.476640
          52.049501
          43.419256
          40.002127
          42.119799
          60.833560
          36.017026
          35.875083
          43.721987
          48.381585
          39.283267
          38.825721
          42.861653
          31.326199
          31.934376
          32.525825
          33.839029
          33.765837
          35.775342
          35.676246
          58.412371
          56.096538
          53.933664
          29.021599
          28.669326
          28.942662
          30.903010
          30.383899
          28.769767
          29.193755
          29.838301
          31.325987
          31.057049
          29.976624
          29.846327
          29.838495
          30.714620
          37.601265
          39.302268
          37.252256
          36.389731
          35.468313
          32.714450
          34.708896
          34.097052
          63.273535
          55.800551
          50.531354
          55.806878
          60.562681
          65.133750
          71.495578
          78.585386
          88.257960
          106.893650
          96.315661
          132.133470
          114.559960
          165.870738
          139.635281
          208.908769
          172.295927
          253.939742
          208.787991
          279.944331
          238.028547
          264.096564
          242.108693
          212.292733
          213.430353
          154.413713
          166.844070
          122.403006
          56.055122
          108.820485
          118.808029
          132.998850
          46.156953
          55.729539
          49.056130
          52.025571
          44.399773
          41.134785
          43.057555
          70.917933
          67.222668
          38.429065
          38.122707
          47.039874
          51.946412
          42.068324
          41.347164
          45.814729
          32.520951
          33.283833
          33.991873
          34.874087
          35.873588
          37.886145
          37.508583
          63.765784
          60.602565
          57.748092
          30.476357
          31.164951
          32.339621
          30.308331
          30.841302
          31.089167
          32.285160
          31.994874
          31.360744
          31.835644
          31.569094
          32.510395
          38.650542
          40.349929
          37.855230
          36.940550
          36.119998
          33.616050
          35.446738
          34.917379
          83.941380
          74.739271
          65.595025
          58.996006
          61.610092
          67.464901
          72.904724
          80.179180
          88.595751
          99.545079
          120.219077
          107.542588
          145.548737
          125.625382
          174.523737
          148.402629
          201.841943
          172.227372
          215.638677
          189.370271
          205.117721
          190.625416
          172.940993
          172.278935
          133.756900
          141.447444
          99.409686
          109.313261
          60.693545
          82.419962
          88.397461
          94.520714
          103.797323
          46.792798
          59.345996
          54.971172
          49.226201
          51.640257
          45.067149
          42.062747
          43.780169
          41.379000
          78.344995
          73.241340
          92.599449
          40.743157
          40.213216
          50.151604
          55.194030
          44.706625
          43.746414
          48.571197
          34.616981
          35.114803
          36.129733
          37.250789
          38.509267
          40.010026
          68.676557
          64.644514
          61.102687
          32.783881
          33.217807
          34.735759
          31.809003
          32.408104
          32.323964
          33.243121
          32.768301
          33.675620
          33.190132
          34.181627
          39.639500
          38.393702
          37.483639
          36.743479
          34.519879
          36.174376
          35.753364
          101.115477
          89.901749
          78.493836
          70.038370
          67.665588
          74.527509
          80.632374
          88.482288
          97.598506
          108.548607
          128.538120
          115.113908
          148.628376
          129.813699
          165.735379
          145.440996
          173.402045
          156.048224
          165.976452
          155.986897
          144.644971
          143.436236
          117.111408
          122.020473
          90.929191
          98.238499
          76.848456
          65.223919
          62.655680
          69.552741
          73.389879
          77.201997
          83.518683
          47.113801
          57.707286
          60.038120
          53.956350
          49.086524
          51.106762
          45.448722
          42.943919
          44.261047
          42.309420
          41.132649
          85.073916
          78.523335
          111.181103
          100.009662
          37.055493
          42.959785
          42.181353
          52.983597
          58.020284
          47.173097
          45.936828
          51.122216
          37.339557
          38.248116
          39.630932
          41.231205
          42.967213
          72.878352
          68.039959
          63.878651
          34.871530
          35.073640
          36.821548
          33.266126
          33.836125
          33.689522
          34.364455
          34.152126
          35.340632
          34.720216
          35.643708
          39.838038
          38.770351
          37.944698
          37.302273
          35.434943
          36.892797
          36.550514
          135.860569
          124.332144
          110.513211
          95.956561
          84.819987
          73.516626
          81.148498
          87.499849
          94.971641
          103.635469
          113.132029
          128.895467
          117.014783
          140.013297
          125.567586
          144.290771
          132.296177
          138.689902
          131.665923
          123.737226
          122.512692
          103.720668
          106.980168
          83.476206
          88.961934
          65.874223
          71.800447
          69.292286
          65.400020
          57.181673
          59.597098
          62.052582
          64.420883
          68.857415
          47.124243
          61.809892
          55.943949
          57.504745
          52.726712
          48.827091
          50.514440
          45.460887
          43.788964
          42.484570
          41.092986
          90.607587
          82.733012
          119.067929
          105.514360
          143.614758
          39.107620
          39.815555
          45.156201
          60.406383
          55.491435
          49.466524
          48.011642
          53.361336
          40.606955
          42.028882
          43.842608
          46.090515
          76.157682
          70.673012
          66.087157
          36.704025
          36.709804
          38.595951
          40.759243
          34.642773
          35.048307
          35.073690
          35.446545
          36.797889
          36.848610
          36.155150
          39.985518
          38.179965
          39.042470
          37.924028
          36.273993
          37.162370
          37.680761
          169.257445
          156.638673
          139.499185
          120.425900
          105.249576
          78.549306
          86.325265
          92.061497
          98.327916
          105.341690
          111.982146
          121.299404
          112.663660
          123.475483
          114.689213
          118.987539
          113.904213
          107.966997
          106.946080
          92.933611
          95.219868
          77.024364
          81.231801
          62.454250
          67.308110
          54.883881
          72.435968
          67.262401
          50.194552
          51.749183
          53.288207
          54.723049
          57.913140
          62.831469
          46.961822
          58.634262
          54.080784
          55.248723
          51.375071
          48.825671
          45.270002
          43.973581
          43.095349
          42.165590
          41.076674
          94.544389
          85.635530
          123.957164
          108.687511
          175.366986
          146.727156
          43.033970
          41.799891
          48.451258
          62.417665
          57.654901
          51.619496
          55.393058
          44.464995
          46.527924
          48.911875
          46.597555
          78.386703
          72.474685
          67.613966
          38.273058
          38.047008
          40.078174
          43.059012
          41.988621
          36.055328
          36.297564
          36.477992
          38.045608
          37.519704
          37.257414
          40.107528
          38.802738
          39.522080
          38.640073
          37.269776
          38.033232
          38.631644
          216.167366
          215.135128
          203.068283
          181.997834
          156.240398
          134.649003
          81.972331
          89.084373
          93.577038
          98.011829
          102.271045
          105.492913
          108.332479
          103.449147
          104.325488
          100.350472
          95.862935
          95.078245
          84.218690
          85.924181
          71.489989
          74.803387
          59.338771
          63.359717
          48.683684
          52.749537
          74.214131
          68.016401
          62.966937
          43.553642
          44.503980
          45.460795
          46.378454
          47.193907
          49.529020
          59.069546
          58.822597
          46.603840
          55.847608
          52.390077
          53.527222
          49.964116
          47.789512
          45.011560
          43.907022
          43.091153
          42.080244
          41.005331
          96.681089
          87.136700
          125.524705
          109.462710
          174.514000
          145.291396
          207.491407
          45.060657
          45.044622
          48.062780
          51.998302
          64.139643
          59.590882
          55.241017
          48.919075
          51.854616
          50.362693
          79.477392
          73.258624
          68.128032
          39.564786
          39.123351
          41.269993
          44.021787
          45.912026
          43.071115
          37.298900
          37.360121
          39.327651
          38.602238
          38.373943
          38.135989
          40.232518
          39.539261
          39.311677
          39.272382
          38.445253
          38.932796
          267.158308
          278.403876
          272.062763
          247.606076
          211.706973
          179.228911
          83.243117
          89.114915
          91.817224
          93.953354
          95.150812
          95.531786
          93.318105
          91.550964
          86.383247
          85.609880
          77.138360
          78.479531
          66.772398
          69.455303
          56.546282
          59.924111
          47.257340
          50.806578
          42.643313
          74.366723
          67.575501
          62.207110
          39.269602
          39.815057
          40.349587
          40.837883
          41.233944
          42.966265
          57.907164
          55.869277
          55.444660
          45.943372
          53.335786
          51.058447
          48.534229
          46.737561
          44.291888
          43.102437
          42.406378
          41.683675
          40.931086
          97.059440
          87.292454
          124.036789
          108.118257
          167.883996
          140.242239
          244.550866
          192.541008
          47.539764
          50.831995
          55.094079
          63.427264
          59.228072
          53.884118
          54.114795
          79.418077
          73.097101
          68.018351
          40.600685
          40.514813
          47.967288
          42.394152
          45.344777
          43.940971
          38.476594
          39.660808
          39.163489
          40.857916
          40.353515
          40.011301
          39.820072
          39.676014
          39.273131
          39.565420
          282.290314
          326.808989
          363.610687
          377.383849
          355.650974
          304.437949
          251.770882
          82.146885
          86.198833
          86.808214
          87.025638
          85.821882
          83.937486
          78.992803
          79.220160
          71.339000
          72.356148
          62.759818
          64.986066
          54.075564
          56.951766
          45.942147
          49.064098
          38.739455
          41.794518
          72.886587
          65.983452
          60.590645
          56.359310
          35.416761
          35.663000
          35.911971
          36.143499
          36.330167
          36.437400
          37.734525
          54.520921
          53.132138
          53.013707
          53.038657
          45.173220
          50.930450
          48.858636
          47.109483
          45.876457
          43.922114
          42.128012
          42.944618
          41.464540
          40.936164
          95.916605
          86.467180
          120.194308
          105.147607
          157.543928
          132.869907
          217.463936
          174.906840
          239.610766
          50.754827
          53.872636
          58.969385
          63.302707
          57.556013
          58.235280
          78.847967
          72.584999
          67.501755
          41.873895
          50.332482
          47.628768
          43.681831
          45.520602
          39.714270
          40.565674
          42.015264
          40.574343
          40.366195
          40.251541
          40.250732
          40.694897
          40.148014
          40.388402
          314.462511
          387.971265
          469.157623
          536.960437
          547.993458
          477.636386
          382.352431
          78.875205
          81.085803
          80.087748
          78.673911
          75.749348
          72.708482
          66.584055
          67.920133
          59.330965
          61.184845
          51.905174
          54.384449
          44.749570
          47.513770
          38.241564
          41.019000
          35.187991
          69.967531
          63.411503
          58.279842
          54.407716
          51.431774
          32.574212
          32.605475
          32.634567
          32.645425
          32.616977
          32.522469
          33.498567
          51.666255
          50.624479
          50.494948
          49.431223
          44.624062
          48.640264
          47.060631
          45.760595
          43.381922
          41.832631
          42.527580
          41.296835
          40.951220
          41.102882
          93.327208
          85.240779
          114.848890
          101.353339
          145.527730
          124.315332
          190.699856
          157.179744
          255.100752
          202.872191
          52.597058
          54.006834
          56.669934
          60.091988
          63.815583
          62.006840
          78.688107
          70.493251
          43.473860
          49.692159
          47.283395
          45.242763
          40.882330
          43.275221
          41.920191
          40.797122
          40.673995
          40.925861
          41.147123
          40.965561
          40.973643
          51.559848
          54.278925
          260.495791
          333.202880
          436.289389
          577.641662
          751.375626
          911.228460
          865.667089
          657.129167
          73.984863
          74.501872
          72.174432
          69.783745
          66.090982
          62.619258
          56.420414
          58.259880
          49.994197
          52.170979
          43.681410
          46.154226
          37.790709
          40.328578
          32.554538
          34.992810
          66.003474
          60.106339
          55.570422
          52.167812
          49.616376
          30.273262
          30.130818
          29.997537
          29.861748
          29.709910
          29.525770
          29.288535
          30.023261
          49.369153
          48.018472
          48.328270
          47.475413
          43.742414
          44.507293
          46.668759
          45.485314
          42.812427
          41.530504
          42.025666
          41.212067
          40.996165
          41.067156
          40.988011
          89.518608
          108.342631
          97.802713
          133.356438
          115.932228
          166.690337
          140.703414
          209.426374
          172.860626
          209.134465
          62.270895
          56.001326
          58.284918
          64.560028
          67.495690
          82.002140
          74.104075
          66.118198
          44.882908
          49.030645
          46.826632
          41.889065
          44.476149
          43.069548
          40.990224
          41.232196
          41.509633
          41.604934
          41.757799
          50.849909
          57.114775
          53.401305
          55.754509
          254.442160
          332.726408
          454.591693
          650.940588
          968.157007
          1447.067516
          2152.585469
          1410.437214
          68.066827
          67.248928
          64.280935
          61.457591
          57.653363
          54.107642
          48.339253
          50.341755
          42.730604
          44.979965
          37.400078
          39.732528
          32.559759
          34.840097
          30.432943
          61.376031
          56.412173
          52.614428
          49.736380
          47.485521
          45.983210
          28.287435
          28.020385
          27.760809
          27.500127
          27.227211
          26.929013
          26.589467
          27.139596
          41.091818
          47.287944
          46.192481
          46.447137
          45.343747
          43.411980
          44.145074
          44.893146
          42.100447
          42.501644
          41.256132
          41.536486
          41.036465
          41.032248
          90.530986
          101.155837
          121.478887
          108.985146
          146.314418
          126.600300
          174.821990
          148.788330
          202.032713
          172.281033
          64.533501
          60.608512
          70.546496
          83.142934
          76.925330
          68.588368
          46.159273
          48.363182
          45.526251
          50.070693
          42.809631
          44.080157
          41.259250
          41.576590
          41.961376
          42.385547
          52.484613
          59.250827
          55.748982
          189.427502
          238.420878
          313.169279
          434.843740
          649.618532
          1065.722463
          1937.369973
          4038.388016
          4870.981180
          61.869421
          60.207884
          57.052528
          54.105636
          50.484246
          47.134446
          41.886429
          43.893871
          37.060201
          39.227213
          32.593795
          34.730817
          28.566167
          30.607996
          56.593192
          52.594040
          49.547985
          47.228063
          45.500460
          44.092657
          26.924708
          26.552155
          26.188876
          25.832463
          25.476658
          25.112827
          24.730401
          24.316679
          24.723359
          41.205103
          45.601748
          44.838812
          44.743064
          43.766353
          43.003530
          43.593227
          43.735711
          41.710312
          42.042225
          40.822333
          40.995957
          41.136756
          40.872335
          41.009054
          40.651632
          90.643070
          84.008773
          99.211159
          109.675306
          129.143352
          115.912480
          148.697499
          129.966312
          165.560934
          145.187862
          155.656135
          65.916802
          63.172741
          75.963367
          70.414829
          47.225984
          48.805942
          45.133749
          46.374159
          50.289874
          52.283900
          43.628826
          41.533653
          42.021236
          42.683689
          63.031552
          55.221777
          58.777139
          54.298800
          173.358309
          215.918197
          280.475969
          385.598049
          574.402789
          963.814705
          1933.468486
          4557.442515
          7216.088230
          55.923027
          53.752052
          50.690470
          47.829926
          44.519745
          41.397381
          36.750833
          38.651525
          32.648171
          34.664734
          28.854225
          30.801888
          27.303599
          51.961688
          48.896425
          46.551562
          44.780871
          43.399515
          42.330784
          42.404557
          25.481617
          25.032320
          24.593128
          24.161872
          23.733418
          23.300869
          22.855835
          22.387976
          22.681563
          41.337390
          43.820142
          43.406961
          42.312822
          42.512867
          42.480115
          41.154422
          41.415865
          40.602691
          40.645125
          40.712823
          40.414130
          40.666362
          41.007422
          40.246955
          40.246136
          80.878158
          88.575001
          96.304053
          104.447682
          113.368778
          128.715044
          116.792628
          139.393877
          124.875200
          143.823230
          131.389543
          68.121761
          75.110782
          66.806741
          44.835540
          48.013388
          46.326431
          51.650481
          49.800409
          43.563004
          41.858542
          42.578283
          62.722818
          58.098791
          55.862518
          53.460121
          51.424078
          131.123500
          155.846643
          190.781201
          242.478165
          324.090195
          465.315748
          745.540745
          1437.575038
          4029.415085
          7214.648329
          50.454808
          48.077015
          45.221647
          42.495364
          39.543265
          36.736772
          32.669921
          34.428432
          29.150763
          31.024236
          25.940198
          27.699876
          47.644752
          45.415502
          43.701165
          42.411149
          41.443064
          41.116333
          40.801941
          24.727475
          24.209479
          23.698385
          23.198487
          22.708560
          22.224178
          21.739458
          21.247613
          20.740114
          20.943443
          41.510976
          42.162165
          41.250980
          41.449893
          41.366525
          40.566576
          40.743942
          40.154816
          40.245907
          39.889752
          39.892632
          40.982811
          40.535451
          39.969799
          39.774759
          39.667801
          81.669943
          87.829246
          92.888319
          98.404881
          104.868480
          111.204619
          120.217927
          111.399642
          122.624609
          113.512024
          112.972823
          73.357581
          67.739764
          44.448986
          45.992456
          47.747503
          49.441667
          43.189852
          42.247513
          62.590298
          58.410490
          55.309530
          52.690449
          50.332698
          118.427594
          138.474190
          166.014229
          205.330615
          264.448084
          359.991300
          531.803016
          903.185573
          2139.349953
          4860.983371
          45.614828
          43.148466
          40.563750
          38.038395
          35.473406
          32.985089
          29.440934
          31.073031
          26.405588
          28.132294
          25.262879
          43.735666
          42.219896
          41.058828
          40.219666
          39.626851
          40.052558
          39.555141
          39.147655
          23.657447
          23.086391
          22.524990
          21.976365
          21.439981
          20.912097
          20.387500
          19.860449
          19.323845
          19.454355
          41.658800
          40.446704
          40.259088
          39.887724
          39.291088
          39.567653
          39.276139
          40.966477
          40.267888
          39.589164
          39.315392
          39.125749
          39.087964
          82.806050
          89.047401
          92.751833
          96.628950
          100.630042
          103.986974
          107.089233
          101.763004
          103.384640
          99.002771
          74.147112
          67.403168
          43.845486
          45.214602
          47.018308
          48.454949
          42.612726
          43.316675
          62.003331
          57.696928
          54.314895
          51.540912
          49.342684
          94.159693
          106.397842
          122.273445
          143.407836
          172.385033
          213.629620
          275.258386
          373.362822
          542.806616
          859.663252
          1400.723028
          41.399231
          38.963889
          36.671705
          34.397091
          32.194907
          29.986707
          26.876036
          28.368652
          24.246108
          25.835238
          40.267475
          39.350251
          38.671799
          38.227490
          39.263105
          37.912737
          38.705950
          37.888444
          23.357468
          22.715660
          22.096219
          21.491704
          20.903179
          20.329605
          19.767569
          19.212265
          18.658570
          18.100488
          18.171616
          41.683314
          38.831706
          38.858870
          38.544056
          38.644657
          40.943733
          40.275998
          39.532472
          38.848961
          38.483357
          38.413217
          82.535233
          87.520112
          89.598580
          91.504475
          92.839564
          93.453001
          91.967474
          89.568904
          84.306772
          73.133807
          66.021214
          44.392583
          45.658543
          46.713145
          47.799257
          43.439576
          42.438623
          60.514579
          56.257128
          52.914889
          50.194167
          48.162629
          85.568530
          95.364990
          107.750205
          123.707904
          144.719307
          173.075343
          212.465728
          268.920319
          352.012884
          473.791002
          652.349001
          37.791882
          35.466503
          33.477916
          31.449639
          29.535994
          27.573947
          24.837112
          26.201318
          24.029749
          37.248548
          36.828518
          36.565896
          36.456872
          38.031631
          37.493759
          36.455291
          37.179590
          36.420742
          22.560526
          21.883430
          21.223149
          20.581765
          19.959728
          19.355814
          18.766542
          18.187362
          17.613408
          17.039388
          17.061571
          41.437285
          37.561854
          37.652413
          37.711413
          37.800872
          40.451766
          39.517716
          38.633415
          37.761699
          37.453851
          80.111518
          83.476905
          83.732912
          83.847091
          82.920182
          81.775545
          77.810469
          77.418858
          70.561241
          63.591296
          45.001000
          46.497951
          43.461773
          42.264946
          58.344078
          46.781515
          54.333203
          51.204419
          48.363835
          71.289169
          77.773951
          85.494488
          95.041402
          106.983098
          122.117015
          141.584999
          167.000946
          200.557297
          244.862673
          301.639668
          379.212656
          34.752053
          32.585985
          30.872333
          29.044140
          27.376308
          25.633857
          23.234051
          24.485711
          34.675210
          34.653956
          34.731257
          34.900892
          36.667356
          36.284390
          35.114206
          35.572943
          22.584408
          21.851476
          21.142733
          20.451371
          19.780309
          19.130217
          18.500998
          17.889507
          17.291362
          16.701839
          16.115950
          16.097370
          40.986423
          36.560091
          36.706147
          36.754369
          39.710364
          38.545939
          37.555366
          36.660321
          36.731187
          36.254444
          75.700349
          77.352793
          76.113907
          75.075955
          72.915918
          70.794552
          66.479301
          66.785992
          60.426828
          45.026035
          43.425783
          42.002338
          55.680796
          46.012108
          52.057824
          49.186922
          47.134194
          65.676837
          70.767289
          76.796373
          84.080995
          92.962069
          103.843279
          117.270572
          133.925826
          154.568587
          179.815614
          209.511770
          249.411031
          32.231128
          30.224501
          28.734290
          27.084878
          25.636350
          24.090215
          23.113216
          32.504813
          35.378747
          32.802196
          33.159229
          33.580829
          35.290772
          35.017408
          34.020073
          34.318501
          21.958743
          21.219299
          20.487519
          19.770611
          19.074968
          18.401457
          17.750769
          17.120649
          16.506952
          15.905107
          15.310264
          15.257366
          40.258573
          35.716009
          35.895990
          35.553113
          38.622519
          37.260087
          36.344020
          35.676438
          35.600643
          35.198905
          70.035609
          70.304956
          68.233789
          66.464425
          63.638684
          60.996284
          62.331294
          56.823950
          44.210471
          42.490684
          41.288906
          52.724358
          45.179530
          49.607748
          47.194570
          57.076699
          60.331576
          64.496589
          69.189712
          74.694473
          81.263566
          89.082762
          98.397893
          109.479458
          122.555344
          137.673231
          154.422905
          177.320503
          34.754148
          30.145306
          28.281349
          26.986438
          25.512649
          24.257562
          22.876423
          30.690652
          34.317481
          31.236915
          31.815206
          32.396141
          33.861419
          32.984198
          22.066860
          21.466885
          20.674703
          19.914391
          19.173591
          18.456164
          17.762473
          17.093296
          16.447068
          15.820138
          15.208084
          14.606198
          14.524026
          40.174475
          39.245223
          34.714048
          34.346595
          37.466265
          38.099613
          36.077264
          36.399779
          35.117761
          34.573735
          34.331306
          63.920786
          63.190457
          60.619663
          58.484007
          55.467235
          57.594340
          53.052586
          43.043184
          41.523807
          43.622419
          49.656960
          44.999300
          47.043088
          52.736678
          55.665184
          58.834458
          62.491313
          66.668925
          71.507552
          77.118631
          83.608076
          91.069055
          99.537431
          108.916823
          118.854994
          133.028029
          33.737786
          28.421169
          26.702721
          25.591535
          24.276290
          23.190512
          29.179251
          32.987496
          29.929843
          30.681386
          31.436761
          32.247387
          21.955829
          20.996394
          20.200701
          19.416842
          18.653311
          17.915730
          17.204062
          16.518649
          15.858124
          15.219458
          14.598495
          13.990664
          13.883139
          40.163416
          39.044637
          33.197434
          33.169856
          36.918685
          37.650498
          35.241314
          35.620005
          34.054971
          33.747682
          33.175689
          57.828191
          56.415174
          53.714376
          51.488027
          52.894639
          49.316064
          41.801507
          43.020679
          46.620664
          44.567948
          48.562768
          49.330391
          51.444748
          53.915501
          56.662818
          59.803495
          63.354384
          67.368993
          71.893954
          76.951295
          82.514222
          88.468802
          94.557856
          103.824704
          32.415063
          27.029503
          25.454161
          24.504681
          23.323241
          27.962238
          31.608006
          28.882076
          29.791054
          30.696042
          22.377459
          21.278304
          20.621556
          19.789614
          18.985438
          18.202585
          17.446382
          16.718344
          16.018305
          15.344834
          14.695371
          14.066209
          13.452927
          13.323102
          40.217390
          31.898469
          38.751533
          31.955953
          31.975639
          37.285134
          36.200147
          34.927071
          34.229538
          33.178740
          32.844551
          32.385032
          31.921291
          52.129853
          50.335798
          47.731591
          48.478885
          45.779679
          41.059303
          42.225922
          43.749403
          45.545010
          45.926869
          47.678768
          49.556799
          51.626133
          53.942885
          56.520138
          59.372674
          62.515362
          65.944030
          69.617610
          73.438660
          77.227685
          83.539339
          31.127107
          25.929945
          24.483252
          23.667255
          27.005627
          30.139157
          28.064254
          29.107896
          22.615015
          21.279402
          20.281704
          19.438546
          18.616800
          17.815585
          17.042076
          16.298637
          15.584973
          14.899473
          14.239804
          13.602737
          12.984081
          12.834330
          39.247936
          30.820908
          37.633539
          30.778558
          30.835590
          36.123301
          34.872216
          33.712960
          32.828947
          32.038275
          31.511085
          31.097798
          47.053495
          45.106106
          44.480174
          42.531204
          40.029758
          41.092245
          42.699266
          42.862356
          43.021396
          44.347009
          45.758029
          47.259265
          48.932377
          50.768308
          52.765508
          54.923272
          57.228111
          59.640701
          62.085359
          64.438036
          68.871947
          29.748837
          25.077814
          23.750414
          26.282363
          28.621890
          27.462470
          23.042818
          21.780682
          20.727029
          20.022095
          19.150003
          18.307505
          17.488334
          16.697977
          15.939450
          15.212562
          14.515492
          13.845896
          13.200925
          12.576695
          12.408859
          38.061719
          29.566894
          36.286478
          29.570239
          29.734803
          34.742442
          33.395839
          32.282477
          31.353926
          30.641234
          30.102467
          42.656601
          40.922768
          39.619575
          38.704016
          40.668251
          40.609781
          40.412130
          41.328159
          42.362519
          43.452253
          44.627804
          45.899010
          47.261150
          48.708448
          50.225385
          51.778314
          53.310071
          54.734416
          57.923489
          28.334458
          24.457211
          25.783501
          27.072216
          23.251070
          22.124522
          20.833087
          19.803085
          18.915342
          18.054664
          17.217358
          16.410136
          15.636331
          14.896095
          14.187468
          13.507922
          12.854786
          12.224556
          12.040056
          36.585774
          28.249038
          34.734551
          28.341679
          28.627536
          33.142313
          31.796730
          30.684813
          29.796048
          29.112444
          38.879464
          37.814675
          37.066793
          38.480470
          38.222426
          37.956839
          38.715416
          39.402981
          40.125950
          40.913086
          41.752173
          42.638885
          43.567504
          44.523824
          45.480061
          46.392858
          47.201163
          49.536290
          26.888894
          24.092833
          25.500130
          22.708560
          21.469579
          20.405140
          19.649422
          18.738957
          17.855799
          16.999780
          16.175314
          15.385726
          14.631582
          13.910986
          13.221172
          12.559411
          11.922520
          11.722403
          34.855525
          26.900062
          32.965492
          27.106579
          27.512380
          31.368781
          30.044804
          28.972749
          28.130967
          36.898812
          35.662233
          35.159915
          36.544515
          35.985681
          36.307897
          36.755612
          37.217119
          37.697520
          38.203334
          38.730818
          39.275916
          39.827152
          40.362096
          40.847369
          41.238472
          42.971114
          25.423846
          23.012715
          23.921337
          21.913953
          20.621189
          19.545198
          18.610682
          17.708542
          16.833195
          15.990871
          15.184813
          14.415898
          13.682526
          12.981796
          12.310772
          11.666389
          11.451354
          32.908186
          25.545595
          31.019641
          25.870664
          26.407511
          29.451599
          28.181752
          27.171655
          34.950478
          33.752117
          32.975006
          34.425228
          33.909391
          34.274177
          34.455587
          34.668679
          34.906352
          35.153420
          35.407169
          35.665254
          35.919258
          36.151657
          36.336526
          36.440392
          37.737753
          23.949866
          22.556755
          22.946128
          21.339618
          20.295509
          19.487167
          18.534722
          17.610639
          16.715517
          15.854613
          15.031293
          14.246603
          13.499348
          12.786711
          12.105550
          11.452722
          11.223185
          30.746335
          24.199545
          28.917144
          24.633350
          25.307933
          27.422595
          26.237109
          33.180947
          32.054160
          31.165847
          32.392036
          32.328884
          32.389141
          32.432309
          32.476157
          32.521241
          32.564964
          32.606271
          32.639401
          32.651112
          32.621393
          32.524585
          33.500844
          23.099509
          22.592197
          21.865413
          20.603576
          19.491117
          18.506267
          17.561196
          16.645240
          15.764769
          14.923237
          14.121716
          13.359323
          12.633520
          11.941075
          11.278701
          11.034864
          29.051400
          29.683301
          23.457646
          22.868082
          27.328898
          27.769293
          23.304281
          24.018526
          24.855789
          24.008748
          25.942799
          26.198054
          24.979098
          31.327715
          30.441978
          30.648391
          30.722946
          30.587545
          30.467225
          30.354563
          30.240160
          30.121535
          29.998015
          29.865600
          29.714397
          29.529145
          29.290110
          30.024938
          22.033625
          21.395360
          20.375920
          19.525959
          18.529340
          17.559797
          16.621583
          15.720137
          14.859117
          14.039589
          13.260750
          12.520370
          11.815282
          11.142072
          10.883943
          28.215052
          28.816515
          22.406381
          21.683753
          26.418006
          26.791458
          22.151120
          22.988899
          23.855459
          22.878448
          24.978043
          25.156214
          23.879542
          29.503721
          29.173289
          28.966662
          28.733951
          28.496565
          28.255607
          28.010536
          27.760881
          27.503628
          27.231242
          26.932048
          26.590846
          27.140925
          20.782538
          19.632101
          18.598234
          17.606167
          16.644284
          15.720160
          14.837980
          13.998982
          13.202294
          12.445833
          11.726595
          11.041100
          10.768495
          28.021824
          27.162050
          20.664248
          21.172891
          21.164221
          25.916559
          25.297135
          21.783069
          24.239667
          21.906222
          22.653571
          23.815586
          22.913430
          27.895816
          27.544579
          27.203234
          26.864089
          26.522597
          26.178438
          25.831538
          25.479561
          25.116562
          24.733374
          24.318112
          24.724600
          19.764715
          18.722513
          17.701244
          16.713585
          15.764837
          14.859524
          13.999220
          13.183056
          12.408903
          11.673870
          10.974498
          10.687062
          26.644060
          25.631565
          19.979177
          20.209600
          20.541713
          24.646438
          23.849144
          20.886913
          23.060373
          21.345078
          21.816420
          22.432974
          26.261420
          25.847643
          25.426475
          25.004300
          24.581889
          24.159401
          23.735006
          23.303864
          22.858537
          22.389430
          22.682848
          18.891701
          17.845230
          16.830069
          15.854596
          14.923983
          14.040248
          13.202670
          12.409028
          11.656414
          10.941412
          10.638613
          25.132613
          24.123280
          19.116959
          19.390952
          19.731424
          23.240692
          22.442067
          20.125111
          21.743768
          20.590990
          21.124427
          24.645346
          24.158049
          23.670812
          23.186003
          22.704201
          22.223932
          21.741144
          21.249632
          20.741379
          20.944734
          18.039054
          16.994619
          15.990297
          15.032045
          14.122547
          13.261326
          12.446139
          11.673985
          10.941430
          10.622533
          23.582146
          22.641081
          18.284446
          18.585776
          18.945995
          21.808302
          21.072937
          19.369650
          20.426249
          19.860803
          23.038465
          22.497886
          21.962750
          21.433866
          20.909994
          20.387644
          19.861503
          19.324719
          19.455543
          17.208741
          16.173314
          15.184935
          14.247101
          13.359741
          12.520658
          11.726773
          10.974563
          10.638636
          22.050145
          21.177864
          17.475054
          17.797016
          18.178672
          20.408896
          19.732713
          18.624754
          19.140577
          21.465434
          20.889209
          20.322458
          19.764094
          19.211018
          18.658587
          18.100847
          18.172584
          16.405708
          15.384484
          14.415472
          13.499168
          12.633513
          11.815402
          11.041208
          10.687138
          20.556305
          19.755974
          16.690340
          17.030834
          17.431596
          19.052425
          18.435801
          17.897877
          19.946137
          19.348535
          18.762520
          18.185237
          17.612546
          17.039214
          17.062211
          15.633160
          14.629837
          13.681438
          12.786180
          11.940983
          11.142162
          10.768622
          19.117278
          18.389158
          15.934093
          16.291136
          16.708984
          17.750829
          17.193323
          18.494162
          17.885673
          17.289069
          16.700537
          16.115399
          16.097677
          14.892969
          13.908961
          12.980687
          12.105169
          11.278703
          10.884081
          17.744441
          17.087245
          15.208259
          15.579812
          16.012622
          16.512727
          17.117297
          16.504997
          15.903882
          15.309624
          15.257477
          14.184735
          13.219612
          12.310133
          11.452609
          11.034972
          16.444083
          15.855233
          14.512398
          14.896333
          15.341828
          15.818606
          15.207194
          14.605700
          14.524125
          13.506138
          12.558588
          11.666162
          11.223244
          15.218150
          14.694022
          13.844133
          14.238239
          14.597882
          13.990354
          13.883325
          12.853884
          11.922191
          11.451367
          14.065660
          13.602067
          13.200087
          13.452714
          13.323348
          12.224184
          11.722398
          12.983846
          12.576374
          12.834556
          12.040096
          12.408997
        </DataArray>
        <DataArray type="Float64" Name="x_coordinate" format="ascii">
          0.891007
          0.872496
          0.852640
          0.908143
          0.923880
          0.852340
          0.869566
          0.938192
          0.951057
          0.831470
          0.809017
          0.833803
          0.813985
          0.962456
          0.972372
          0.980788
          0.987691
          0.885451
          0.899965
          0.814731
          0.832001
          0.847993
          0.913088
          0.924802
          0.993070
          0.996918
          0.999229
          1.000000
          0.785317
          0.760406
          0.792915
          0.770622
          0.796213
          0.776472
          0.935096
          0.943954
          0.951361
          0.957300
          0.862677
          0.876025
          0.778067
          0.795335
          0.811384
          0.826189
          0.888018
          0.898642
          0.999229
          0.996918
          0.961758
          0.964729
          0.966222
          0.966187
          0.747136
          0.734323
          0.722489
          0.707107
          0.755532
          0.733418
          0.759603
          0.739965
          0.742242
          0.993070
          0.987691
          0.907888
          0.915742
          0.922190
          0.927214
          0.839722
          0.851958
          0.759475
          0.775538
          0.790412
          0.804078
          0.862876
          0.872464
          0.964715
          0.961743
          0.930800
          0.932944
          0.933647
          0.932924
          0.710161
          0.696721
          0.685796
          0.678801
          0.669872
          0.649448
          0.719174
          0.697261
          0.723857
          0.704344
          0.724335
          0.707162
          0.980788
          0.972372
          0.957292
          0.951378
          0.962456
          0.951057
          0.880713
          0.887613
          0.893152
          0.897310
          0.816512
          0.827686
          0.740380
          0.755281
          0.769026
          0.781601
          0.837579
          0.846179
          0.930798
          0.927167
          0.900074
          0.901443
          0.901428
          0.900043
          0.674259
          0.660363
          0.650202
          0.641990
          0.633906
          0.619094
          0.613121
          0.587785
          0.683731
          0.662049
          0.688884
          0.669528
          0.705848
          0.689849
          0.672765
          0.938192
          0.923880
          0.943991
          0.935139
          0.922202
          0.915785
          0.924833
          0.913088
          0.853478
          0.859472
          0.864151
          0.867497
          0.792984
          0.803146
          0.720744
          0.734526
          0.747186
          0.758715
          0.812063
          0.819721
          0.897278
          0.893145
          0.869492
          0.870142
          0.869463
          0.867462
          0.639328
          0.625130
          0.615606
          0.606473
          0.599092
          0.583311
          0.578113
          0.555570
          0.552604
          0.522498
          0.649123
          0.627699
          0.654624
          0.635456
          0.686794
          0.671933
          0.656006
          0.639040
          0.899931
          0.908143
          0.885393
          0.891007
          0.907947
          0.898703
          0.887679
          0.880720
          0.888039
          0.875988
          0.826117
          0.831253
          0.835122
          0.837707
          0.769093
          0.778289
          0.700576
          0.713277
          0.724896
          0.735424
          0.786278
          0.793045
          0.864134
          0.859478
          0.838990
          0.838977
          0.837684
          0.835115
          0.667259
          0.605289
          0.590927
          0.581934
          0.572140
          0.565342
          0.548869
          0.544316
          0.521041
          0.518776
          0.488621
          0.488675
          0.453990
          0.615294
          0.594165
          0.621069
          0.602134
          0.653507
          0.638706
          0.606063
          0.622877
          0.862587
          0.869503
          0.847873
          0.872496
          0.852287
          0.852640
          0.872524
          0.862913
          0.853484
          0.846187
          0.851932
          0.839630
          0.798589
          0.802918
          0.806030
          0.807904
          0.744841
          0.753119
          0.679961
          0.691618
          0.702242
          0.711821
          0.760230
          0.766157
          0.831255
          0.826097
          0.808527
          0.807903
          0.806045
          0.802948
          0.634730
          0.647397
          0.572106
          0.557685
          0.549165
          0.538901
          0.532593
          0.515657
          0.511640
          0.487880
          0.486197
          0.455557
          0.456231
          0.418659
          0.421741
          0.382683
          0.582265
          0.561490
          0.588325
          0.569705
          0.621021
          0.606289
          0.574071
          0.590609
          0.826034
          0.831878
          0.811194
          0.833767
          0.814626
          0.831470
          0.813960
          0.837632
          0.827610
          0.819662
          0.811985
          0.816433
          0.803920
          0.770906
          0.774488
          0.776897
          0.778111
          0.720329
          0.727752
          0.659064
          0.669705
          0.688081
          0.679412
          0.734041
          0.739166
          0.798592
          0.792975
          0.778119
          0.776928
          0.774544
          0.770959
          0.603122
          0.615765
          0.627388
          0.539840
          0.525389
          0.517351
          0.506695
          0.500819
          0.483587
          0.480020
          0.455982
          0.454779
          0.423882
          0.425063
          0.387273
          0.390881
          0.346116
          0.352209
          0.309017
          0.550209
          0.529842
          0.556686
          0.538424
          0.589445
          0.574816
          0.543317
          0.559463
          0.809017
          0.790172
          0.795143
          0.775263
          0.796128
          0.777891
          0.792885
          0.776394
          0.803056
          0.792888
          0.786134
          0.778116
          0.781509
          0.768749
          0.743169
          0.746066
          0.747827
          0.748422
          0.695730
          0.702408
          0.638162
          0.647586
          0.664148
          0.656893
          0.707896
          0.712233
          0.766151
          0.760126
          0.746149
          0.747858
          0.739266
          0.743312
          0.572423
          0.585275
          0.596776
          0.607433
          0.508622
          0.494067
          0.486592
          0.475489
          0.470041
          0.452597
          0.449428
          0.425266
          0.424470
          0.393494
          0.395101
          0.357282
          0.361326
          0.316606
          0.323137
          0.271439
          0.280516
          0.233438
          0.519312
          0.499362
          0.526253
          0.508327
          0.558941
          0.544173
          0.513628
          0.529803
          0.785317
          0.770570
          0.760406
          0.754963
          0.759197
          0.740012
          0.759446
          0.741984
          0.755438
          0.739812
          0.768935
          0.758575
          0.752940
          0.744651
          0.746994
          0.734230
          0.715544
          0.717819
          0.718955
          0.718968
          0.671506
          0.677350
          0.626630
          0.617098
          0.641842
          0.634355
          0.681958
          0.685629
          0.727636
          0.734012
          0.715691
          0.717889
          0.707962
          0.712387
          0.571855
          0.547562
          0.553993
          0.592631
          0.576233
          0.478584
          0.463834
          0.457059
          0.445313
          0.440400
          0.422669
          0.419899
          0.395689
          0.395253
          0.364335
          0.366302
          0.328608
          0.333015
          0.288500
          0.295391
          0.243988
          0.253413
          0.195076
          0.207070
          0.156417
          0.489646
          0.470158
          0.497125
          0.479192
          0.520072
          0.528224
          0.489318
          0.499306
          0.747063
          0.733296
          0.734323
          0.722412
          0.720390
          0.723964
          0.705353
          0.723623
          0.706831
          0.719009
          0.704121
          0.735262
          0.724729
          0.720181
          0.711693
          0.713032
          0.700209
          0.688280
          0.689897
          0.690400
          0.689855
          0.648085
          0.652687
          0.610226
          0.595004
          0.623548
          0.610314
          0.659769
          0.655950
          0.695623
          0.702310
          0.685712
          0.688284
          0.677180
          0.682058
          0.549282
          0.526347
          0.525986
          0.569017
          0.546836
          0.707107
          0.449799
          0.434879
          0.428864
          0.416289
          0.412049
          0.393825
          0.391518
          0.367225
          0.367138
          0.336355
          0.338629
          0.301190
          0.305896
          0.261720
          0.268906
          0.217919
          0.227629
          0.169824
          0.182066
          0.117521
          0.132315
          0.078448
          0.461538
          0.442050
          0.455846
          0.468140
          0.500365
          0.502252
          0.471000
          0.475580
          0.710023
          0.697078
          0.696654
          0.685667
          0.669821
          0.686311
          0.689418
          0.671415
          0.688586
          0.672386
          0.683508
          0.669254
          0.702131
          0.691438
          0.687941
          0.679306
          0.679622
          0.666757
          0.662669
          0.661180
          0.661962
          0.661522
          0.632904
          0.621588
          0.585464
          0.564073
          0.598343
          0.578419
          0.638686
          0.628750
          0.664261
          0.671230
          0.656724
          0.658916
          0.647060
          0.652359
          0.522553
          0.500958
          0.503115
          0.541101
          0.522734
          0.678801
          0.422193
          0.407344
          0.402464
          0.388553
          0.385095
          0.366152
          0.364452
          0.339885
          0.340240
          0.309515
          0.312110
          0.274973
          0.279933
          0.236197
          0.243623
          0.193156
          0.203093
          0.145920
          0.158359
          0.094615
          0.109559
          0.039256
          0.056787
          0.000000
          0.418616
          0.433264
          0.438790
          0.445706
          0.477372
          0.480782
          0.449829
          0.455610
          0.674075
          0.661826
          0.641952
          0.660257
          0.650040
          0.633823
          0.652903
          0.655576
          0.638089
          0.654287
          0.638578
          0.648869
          0.635166
          0.669657
          0.658797
          0.656323
          0.647583
          0.646836
          0.634006
          0.640182
          0.632243
          0.637883
          0.631854
          0.606982
          0.588571
          0.555599
          0.538981
          0.568361
          0.552183
          0.612138
          0.594836
          0.633728
          0.640924
          0.632252
          0.627780
          0.621696
          0.619534
          0.493058
          0.473027
          0.510132
          0.468928
          0.613092
          0.649448
          0.395742
          0.381231
          0.379474
          0.362142
          0.359332
          0.339828
          0.338690
          0.313805
          0.314719
          0.283858
          0.286875
          0.249922
          0.255165
          0.211874
          0.219509
          0.169638
          0.179758
          0.123315
          0.135903
          0.073058
          0.088112
          0.018880
          0.036470
          -0.039256
          -0.019064
          -0.078448
          0.403584
          0.413017
          0.419449
          0.427329
          0.450303
          0.424864
          0.639121
          0.627469
          0.606406
          0.578052
          0.624999
          0.615430
          0.598984
          0.620220
          0.622299
          0.605461
          0.620716
          0.605543
          0.615040
          0.601820
          0.637982
          0.626760
          0.625121
          0.617002
          0.614641
          0.602076
          0.613190
          0.597657
          0.611137
          0.597104
          0.574681
          0.561482
          0.524005
          0.534540
          0.579325
          0.567041
          0.607864
          0.607577
          0.605110
          0.593182
          0.594789
          0.584914
          0.452010
          0.432267
          0.482883
          0.430704
          0.444407
          0.548810
          0.583288
          0.619094
          0.377687
          0.366174
          0.355727
          0.336790
          0.337411
          0.314850
          0.314116
          0.289098
          0.290608
          0.259480
          0.262986
          0.226060
          0.231661
          0.188726
          0.196583
          0.147336
          0.157619
          0.101983
          0.114695
          0.052816
          0.067956
          -0.000172
          0.017461
          -0.056986
          -0.036825
          -0.094818
          -0.117521
          0.386726
          0.396424
          0.396786
          0.409748
          0.384665
          0.605091
          0.593950
          0.572036
          0.544206
          0.590779
          0.581766
          0.565202
          0.588339
          0.589777
          0.573647
          0.587873
          0.573174
          0.581972
          0.569135
          0.515544
          0.595419
          0.606297
          0.590841
          0.592191
          0.582728
          0.571217
          0.579845
          0.569541
          0.578037
          0.568815
          0.541280
          0.493976
          0.502019
          0.545097
          0.581551
          0.572938
          0.572300
          0.564778
          0.561197
          0.556561
          0.414081
          0.394431
          0.395616
          0.455732
          0.407392
          0.418690
          0.518718
          0.552581
          0.587785
          0.363051
          0.351506
          0.340153
          0.326315
          0.313360
          0.291176
          0.293633
          0.265730
          0.268133
          0.236452
          0.240460
          0.203466
          0.209532
          0.166777
          0.174942
          0.126260
          0.136699
          0.081923
          0.094738
          0.033868
          0.049081
          -0.017925
          -0.000260
          -0.073427
          -0.053298
          -0.132498
          -0.109913
          -0.169972
          -0.156417
          0.366115
          0.357173
          0.371925
          0.347198
          0.571925
          0.561228
          0.538749
          0.511470
          0.557528
          0.548994
          0.532420
          0.557238
          0.558032
          0.542943
          0.555663
          0.541597
          0.549668
          0.537289
          0.486085
          0.483412
          0.568793
          0.572626
          0.564332
          0.558201
          0.544855
          0.549773
          0.545791
          0.543308
          0.506958
          0.464575
          0.470680
          0.508800
          0.548517
          0.544926
          0.537072
          0.527346
          0.379459
          0.359078
          0.367118
          0.372098
          0.428458
          0.382430
          0.393071
          0.487813
          0.521015
          0.555570
          0.333197
          0.327478
          0.314217
          0.300557
          0.284696
          0.268667
          0.243498
          0.248316
          0.214809
          0.219347
          0.182287
          0.188813
          0.146138
          0.154773
          0.106422
          0.117109
          0.063125
          0.076030
          0.016195
          0.031464
          -0.034401
          -0.016718
          -0.088597
          -0.068510
          -0.146225
          -0.123760
          -0.182316
          -0.207192
          -0.195076
          0.327654
          0.296164
          0.320203
          0.336429
          0.311914
          0.539588
          0.529310
          0.506494
          0.479801
          0.525202
          0.517090
          0.500603
          0.523598
          0.526927
          0.516168
          0.524255
          0.511312
          0.518157
          0.506221
          0.455860
          0.454610
          0.452378
          0.543098
          0.538991
          0.532243
          0.530393
          0.519561
          0.517506
          0.507437
          0.502761
          0.473882
          0.435831
          0.440790
          0.473658
          0.514644
          0.495209
          0.484620
          0.346653
          0.325681
          0.339352
          0.348540
          0.401814
          0.358580
          0.367598
          0.456139
          0.488638
          0.522498
          0.298286
          0.289937
          0.274985
          0.259033
          0.241162
          0.223600
          0.194352
          0.201189
          0.162594
          0.169599
          0.126974
          0.136103
          0.087940
          0.099004
          0.045585
          0.058704
          -0.000231
          0.015105
          -0.049631
          -0.031943
          -0.102529
          -0.082496
          -0.158736
          -0.136395
          -0.218140
          -0.193477
          0.262471
          -0.253639
          -0.244104
          -0.233438
          0.291666
          0.261081
          0.229180
          0.285494
          0.302599
          0.278069
          0.424910
          0.508103
          0.498122
          0.475247
          0.449176
          0.493789
          0.486092
          0.469746
          0.491989
          0.492024
          0.493943
          0.493221
          0.484905
          0.487380
          0.476789
          0.425087
          0.424254
          0.422416
          0.510352
          0.511833
          0.498382
          0.488815
          0.490644
          0.470337
          0.464472
          0.442415
          0.408416
          0.413719
          0.439782
          0.470936
          0.455710
          0.444304
          0.316347
          0.293198
          0.308160
          0.316924
          0.324833
          0.375697
          0.333830
          0.342596
          0.423755
          0.455501
          0.488621
          0.261555
          0.250614
          0.234072
          0.215829
          0.195861
          0.176271
          0.144270
          0.152366
          0.109302
          0.118978
          0.070946
          0.082372
          0.029414
          0.042801
          -0.015409
          0.000075
          -0.063637
          -0.045930
          -0.115246
          -0.095255
          -0.170054
          -0.147820
          -0.227929
          -0.203455
          -0.262030
          0.227750
          -0.288743
          -0.280644
          -0.271439
          0.257653
          0.196167
          0.228574
          0.198489
          0.252589
          0.269612
          0.246083
          0.393297
          0.394883
          0.477511
          0.467891
          0.445002
          0.419583
          0.463329
          0.456093
          0.439888
          0.466482
          0.461591
          0.463883
          0.462382
          0.461610
          0.456956
          0.451082
          0.395453
          0.394989
          0.393503
          0.479250
          0.454210
          0.457416
          0.435367
          0.427973
          0.412685
          0.382484
          0.391218
          0.408212
          0.430159
          0.418288
          0.406222
          0.285044
          0.259857
          0.284361
          0.291297
          0.299840
          0.350917
          0.308780
          0.317434
          0.361097
          0.390725
          0.421662
          0.453990
          0.223136
          0.209492
          0.191123
          0.171114
          0.149415
          0.127029
          0.092517
          0.102802
          0.055251
          0.067323
          0.014628
          0.028239
          -0.029277
          -0.013559
          -0.076404
          -0.058619
          -0.126735
          -0.106773
          -0.180168
          -0.158024
          -0.236547
          -0.212245
          -0.295720
          -0.269272
          0.191518
          -0.328944
          -0.323393
          -0.316744
          -0.309017
          0.226132
          0.162147
          0.167439
          0.198633
          0.170756
          0.222046
          0.237709
          0.216475
          0.226056
          0.364065
          0.366016
          0.332712
          0.448099
          0.439096
          0.415799
          0.391062
          0.433895
          0.427267
          0.411069
          0.432774
          0.439569
          0.433953
          0.433206
          0.429475
          0.426764
          0.366925
          0.366784
          0.365682
          0.435067
          0.413430
          0.413363
          0.401087
          0.392879
          0.381588
          0.358753
          0.374770
          0.391809
          0.382583
          0.370127
          0.248338
          0.256405
          0.265428
          0.275014
          0.326153
          0.283968
          0.291829
          0.328372
          0.357117
          0.387185
          0.418659
          0.183248
          0.167077
          0.147564
          0.125492
          0.102311
          0.078422
          0.040615
          0.053210
          0.001198
          0.015074
          -0.041776
          -0.025851
          -0.087904
          -0.069946
          -0.136984
          -0.117028
          -0.189082
          -0.166999
          -0.244001
          -0.219862
          -0.301572
          -0.275372
          -0.333388
          0.153914
          0.126819
          -0.361650
          -0.357537
          -0.352351
          -0.346116
          0.196637
          0.135387
          0.102016
          0.140923
          0.171161
          0.145978
          0.192217
          0.205949
          0.191176
          0.197095
          0.207047
          0.336014
          0.338278
          0.300884
          0.305528
          0.389397
          0.418516
          0.413813
          0.387660
          0.363705
          0.405447
          0.399082
          0.382892
          0.405810
          0.410148
          0.401711
          0.399561
          0.393534
          0.339475
          0.339648
          0.339135
          0.394416
          0.375057
          0.373211
          0.367311
          0.360010
          0.349659
          0.329251
          0.340762
          0.355809
          0.347949
          0.336370
          0.219764
          0.229201
          0.240812
          0.251999
          0.300572
          0.258308
          0.266970
          0.268611
          0.295166
          0.322982
          0.352126
          0.382683
          0.142297
          0.123722
          0.102907
          0.079159
          0.054407
          0.029280
          -0.011252
          0.002833
          -0.052862
          -0.036637
          -0.097942
          -0.079708
          -0.145954
          -0.125790
          -0.196781
          -0.174688
          -0.250297
          -0.226263
          -0.306291
          -0.280312
          -0.364669
          -0.336706
          0.115546
          0.090345
          -0.395376
          -0.393783
          -0.391122
          -0.387412
          -0.382683
          0.169612
          0.068126
          0.109688
          0.079603
          0.116289
          0.145353
          0.123707
          0.167594
          0.173646
          0.169170
          0.182590
          0.309120
          0.311651
          0.274606
          0.279518
          0.243272
          0.349694
          0.362744
          0.388600
          0.337688
          0.360034
          0.377398
          0.374293
          0.355129
          0.376238
          0.377957
          0.367992
          0.363172
          0.313094
          0.313515
          0.313061
          0.356447
          0.338592
          0.336167
          0.314716
          0.334353
          0.333034
          0.312879
          0.308119
          0.322065
          0.308714
          0.313558
          0.194228
          0.226121
          0.205412
          0.227761
          0.278214
          0.250055
          0.232610
          0.235915
          0.261501
          0.288352
          0.316530
          0.346116
          0.100331
          0.079578
          0.057700
          0.032465
          0.006354
          -0.020610
          -0.062977
          -0.047332
          -0.106589
          -0.087830
          -0.153485
          -0.133201
          -0.203181
          -0.180967
          -0.255367
          -0.231362
          -0.309854
          -0.284036
          -0.366584
          -0.338889
          -0.395895
          0.075668
          0.053282
          -0.425473
          -0.425300
          -0.424094
          -0.421871
          -0.418659
          0.033385
          0.142555
          0.047755
          0.088305
          0.060417
          0.096618
          0.111316
          0.141564
          0.142604
          0.138330
          0.147339
          0.157997
          0.283370
          0.286147
          0.249509
          0.254662
          0.211551
          0.219118
          0.333103
          0.322292
          0.355009
          0.311370
          0.332307
          0.347268
          0.330878
          0.344494
          0.343290
          0.330674
          0.303500
          0.287838
          0.288306
          0.288214
          0.321260
          0.307173
          0.302159
          0.292137
          0.283323
          0.301836
          0.281412
          0.283255
          0.290426
          0.285343
          0.279279
          0.169788
          0.200060
          0.177681
          0.198732
          0.249220
          0.221719
          0.197508
          0.179486
          0.202836
          0.227415
          0.253263
          0.280439
          0.309017
          0.057792
          0.035094
          0.012368
          -0.014412
          -0.041594
          -0.070271
          -0.114283
          -0.096774
          -0.159695
          -0.139203
          -0.208201
          -0.185924
          -0.259164
          -0.235144
          -0.312234
          -0.286535
          -0.367394
          -0.339930
          -0.424607
          -0.395336
          0.035883
          0.016282
          -0.001069
          -0.452683
          -0.454927
          -0.456163
          -0.456404
          -0.455671
          -0.453990
          0.015542
          -0.016243
          0.110939
          0.029455
          0.066585
          0.041818
          0.073004
          0.080808
          0.112066
          0.120851
          0.116788
          0.119157
          0.134878
          0.258762
          0.261855
          0.225558
          0.230926
          0.188381
          0.196105
          0.157341
          0.291994
          0.269331
          0.272304
          0.323666
          0.289150
          0.304699
          0.313744
          0.310267
          0.305053
          0.272783
          0.263982
          0.265583
          0.267829
          0.288602
          0.280600
          0.268905
          0.263804
          0.246926
          0.251792
          0.266000
          0.254608
          0.261244
          0.266197
          0.256781
          0.252155
          0.148531
          0.165156
          0.169566
          0.172155
          0.216617
          0.190266
          0.147134
          0.169432
          0.192967
          0.217774
          0.243909
          0.271439
          0.015142
          -0.009619
          -0.033379
          -0.061542
          -0.088981
          -0.118445
          -0.165202
          -0.146305
          -0.211976
          -0.189331
          -0.261719
          -0.237843
          -0.313433
          -0.287838
          -0.367085
          -0.339804
          -0.422682
          -0.393667
          -0.449407
          -0.003787
          -0.020609
          -0.035477
          -0.480090
          -0.483702
          -0.486336
          -0.488016
          -0.488766
          -0.488621
          -0.048729
          -0.000033
          -0.029079
          0.083930
          0.014597
          0.036373
          0.046595
          0.054365
          0.092007
          0.091439
          0.088044
          0.101115
          0.112350
          0.235315
          0.238870
          0.202694
          0.208269
          0.166354
          0.174154
          0.126048
          0.136346
          0.251292
          0.243199
          0.289715
          0.273638
          0.281799
          0.272185
          0.239076
          0.241418
          0.243296
          0.247080
          0.255837
          0.237584
          0.221032
          0.239587
          0.229187
          0.225801
          0.231145
          0.237870
          0.227507
          0.216226
          0.125552
          0.135973
          0.145322
          0.158111
          0.197666
          0.174456
          0.094554
          0.114551
          0.135764
          0.158218
          0.181948
          0.207000
          0.233438
          -0.027815
          -0.054177
          -0.077734
          -0.107168
          -0.136401
          -0.167746
          -0.215257
          -0.194669
          -0.263210
          -0.239511
          -0.313482
          -0.288129
          -0.365617
          -0.338576
          -0.419670
          -0.390872
          -0.475476
          -0.445086
          -0.043868
          -0.057651
          -0.069670
          -0.080856
          -0.500843
          -0.506782
          -0.511754
          -0.515779
          -0.518888
          -0.521114
          -0.522498
          -0.060882
          -0.015107
          -0.041930
          -0.089056
          0.058635
          -0.002231
          0.012387
          0.022633
          0.034139
          0.060653
          0.067807
          0.062950
          0.076234
          0.087788
          0.213054
          0.217506
          0.180858
          0.186609
          0.145371
          0.153181
          0.106117
          0.116382
          0.075719
          0.213771
          0.209315
          0.257556
          0.250466
          0.206079
          0.230908
          0.219271
          0.219308
          0.227944
          0.217210
          0.187385
          0.195050
          0.206611
          0.199746
          0.199462
          0.199883
          0.188590
          0.099308
          0.110611
          0.125509
          0.139146
          0.107110
          0.171115
          0.148269
          0.062926
          0.081796
          0.101886
          0.123222
          0.145836
          0.169769
          0.195076
          -0.070413
          -0.098124
          -0.122801
          -0.153345
          -0.183189
          -0.214576
          -0.264005
          -0.242128
          -0.312571
          -0.287503
          -0.363079
          -0.336398
          -0.415594
          -0.387046
          -0.469873
          -0.439781
          -0.493956
          -0.083156
          -0.093969
          -0.104108
          -0.111087
          -0.116605
          -0.525447
          -0.532706
          -0.539034
          -0.544447
          -0.548976
          -0.552667
          -0.555570
          -0.068081
          -0.037042
          -0.096657
          -0.121357
          0.027939
          -0.021112
          -0.005969
          0.007937
          0.032734
          0.041188
          0.035991
          0.047868
          0.065369
          0.039033
          0.191381
          0.197533
          0.160022
          0.166071
          0.125316
          0.133116
          0.087216
          0.097324
          0.045223
          0.057923
          0.154344
          0.178590
          0.185393
          0.175009
          0.221097
          0.196778
          0.189793
          0.201365
          0.181606
          0.161709
          0.167761
          0.174068
          0.167437
          0.154915
          0.162088
          0.071918
          0.092738
          0.082425
          0.086655
          0.115893
          0.139211
          0.130022
          0.125629
          0.014700
          0.031240
          0.048941
          0.067865
          0.088039
          0.109497
          0.132275
          0.156417
          -0.112505
          -0.142178
          -0.167753
          -0.198681
          -0.228594
          -0.260750
          -0.311269
          -0.288238
          -0.359693
          -0.333198
          -0.410572
          -0.382313
          -0.463344
          -0.433577
          -0.517256
          -0.486146
          -0.121885
          -0.128937
          -0.136701
          -0.141452
          -0.144751
          -0.539721
          -0.549223
          -0.557805
          -0.565484
          -0.572282
          -0.578229
          -0.583377
          -0.587785
          -0.074915
          -0.054659
          -0.107628
          -0.141265
          0.007323
          -0.005847
          -0.038871
          -0.022962
          0.003794
          0.015177
          0.010389
          0.018481
          0.042471
          0.020977
          0.044868
          0.169715
          0.139821
          0.147352
          0.106205
          0.114063
          0.069229
          0.079152
          0.028569
          0.041065
          -0.000795
          0.147820
          0.142508
          0.157968
          0.164901
          0.182687
          0.154999
          0.168664
          0.141109
          0.148241
          0.134954
          0.141036
          0.134187
          0.121579
          0.127515
          0.061963
          0.063095
          0.066822
          0.085395
          0.108758
          0.103491
          0.115199
          0.098447
          0.099993
          -0.015800
          -0.000447
          0.016054
          0.033773
          0.052744
          0.073003
          0.094583
          0.117521
          -0.154486
          -0.185168
          -0.209950
          -0.241978
          -0.272807
          -0.305215
          -0.355675
          -0.331821
          -0.404724
          -0.376796
          -0.455855
          -0.426468
          -0.508129
          -0.477352
          -0.529317
          -0.160609
          -0.165556
          -0.169026
          -0.170345
          -0.168399
          -0.169267
          -0.561338
          -0.572123
          -0.582023
          -0.591050
          -0.599228
          -0.606592
          -0.613190
          -0.619094
          0.034375
          -0.088074
          -0.068510
          -0.121746
          -0.153108
          -0.018934
          -0.036522
          -0.057451
          -0.016733
          -0.032116
          -0.005560
          -0.019385
          -0.007177
          0.013110
          0.136930
          0.118296
          0.087667
          0.096022
          0.052167
          0.062201
          0.012857
          0.025184
          -0.030134
          -0.015368
          0.126605
          0.120936
          0.146033
          0.124587
          0.140938
          0.120187
          0.116085
          0.105105
          0.090021
          0.081642
          0.099331
          0.092990
          0.039266
          0.044602
          0.055354
          0.074797
          0.070773
          0.086933
          0.073605
          -0.059431
          -0.046278
          -0.032122
          -0.016835
          -0.000343
          0.017395
          0.036416
          0.056756
          0.078448
          -0.194988
          -0.226673
          -0.252249
          -0.284543
          -0.314630
          -0.347365
          -0.398403
          -0.373738
          -0.447518
          -0.418543
          -0.498093
          -0.467749
          -0.549724
          -0.518121
          -0.198041
          -0.199945
          -0.200090
          -0.198260
          -0.195180
          -0.187847
          -0.569308
          -0.582096
          -0.594124
          -0.605318
          -0.615683
          -0.625235
          -0.634009
          -0.642057
          -0.649448
          0.009898
          -0.101376
          -0.086511
          -0.131280
          -0.164646
          -0.051486
          -0.063827
          -0.088952
          -0.045227
          -0.065901
          -0.035205
          -0.034909
          -0.054086
          -0.023805
          -0.016729
          -0.049566
          0.106333
          0.098925
          0.087553
          0.068358
          0.035874
          0.046188
          -0.001852
          0.010260
          -0.043559
          -0.029057
          -0.071665
          0.102011
          0.087338
          0.110406
          0.094963
          0.083661
          0.074865
          0.060948
          0.064413
          0.053048
          0.032512
          0.058525
          0.017031
          0.026242
          0.039197
          0.060579
          0.041190
          0.050882
          0.010302
          -0.088677
          -0.076738
          -0.063789
          -0.049720
          -0.034461
          -0.017972
          -0.000213
          0.018850
          0.039256
          -0.234241
          -0.266987
          -0.291744
          -0.324100
          -0.354794
          -0.388130
          -0.438972
          -0.413718
          -0.487392
          -0.457056
          -0.537458
          -0.506438
          -0.555921
          -0.234005
          -0.232841
          -0.229969
          -0.225427
          -0.219176
          -0.196442
          -0.216059
          -0.587984
          -0.601958
          -0.615205
          -0.627668
          -0.639348
          -0.650262
          -0.660437
          -0.669927
          -0.678801
          -0.013334
          -0.117997
          -0.147140
          -0.172277
          -0.087374
          -0.119104
          -0.078005
          -0.099529
          -0.059552
          -0.067187
          -0.079402
          -0.103335
          -0.052001
          -0.043088
          -0.083178
          -0.078406
          0.083221
          0.077353
          0.058885
          0.039861
          0.019170
          -0.015949
          -0.003803
          -0.056074
          -0.041645
          -0.099668
          -0.082924
          0.069667
          0.075492
          0.041965
          0.028538
          0.050215
          0.035583
          -0.000553
          0.020108
          0.017412
          -0.004371
          0.005639
          0.029174
          0.013817
          -0.010938
          -0.017770
          -0.026039
          -0.127538
          -0.117828
          -0.107140
          -0.095416
          -0.082572
          -0.068553
          -0.053322
          -0.036844
          -0.019082
          0.000000
          -0.272330
          -0.305375
          -0.330332
          -0.362669
          -0.393357
          -0.426710
          -0.476895
          -0.451347
          -0.524913
          -0.493774
          -0.573399
          -0.542023
          -0.268597
          -0.264339
          -0.258556
          -0.251420
          -0.243485
          -0.203940
          -0.230876
          -0.589999
          -0.605721
          -0.620878
          -0.635338
          -0.649049
          -0.662021
          -0.674276
          -0.685838
          -0.696758
          -0.707107
          -0.036317
          -0.151618
          -0.182890
          -0.123007
          -0.145843
          -0.114245
          -0.127755
          -0.091564
          -0.096207
          -0.129657
          -0.119116
          -0.068028
          -0.073296
          -0.104254
          -0.107828
          -0.113138
          0.058001
          0.049654
          0.030554
          0.012678
          -0.007731
          -0.030142
          -0.067715
          -0.053830
          -0.109679
          -0.092839
          -0.136324
          0.037899
          0.012505
          -0.006177
          0.000673
          0.008713
          -0.018776
          -0.017338
          -0.027308
          -0.004443
          -0.021124
          -0.035560
          -0.043695
          -0.047992
          -0.155172
          -0.146788
          -0.137389
          -0.126925
          -0.115333
          -0.102570
          -0.088612
          -0.073430
          -0.056988
          -0.039256
          -0.308555
          -0.342358
          -0.367199
          -0.399499
          -0.429674
          -0.462235
          -0.511746
          -0.485076
          -0.558337
          -0.527596
          -0.573989
          -0.301651
          -0.294335
          -0.285675
          -0.275964
          -0.263920
          -0.206755
          -0.234397
          -0.257461
          -0.605727
          -0.622534
          -0.638840
          -0.654494
          -0.669435
          -0.683676
          -0.697249
          -0.710177
          -0.722509
          -0.734323
          -0.059548
          -0.179843
          -0.158439
          -0.147190
          -0.156338
          -0.123630
          -0.145228
          -0.091666
          -0.104254
          -0.127211
          -0.131921
          -0.137718
          -0.139681
          0.023529
          0.007259
          -0.013582
          -0.033174
          -0.054989
          -0.078332
          -0.118862
          -0.102732
          -0.162698
          -0.144058
          -0.001886
          -0.021031
          -0.038906
          -0.030733
          -0.031339
          -0.052447
          -0.055088
          -0.068255
          -0.037287
          -0.051035
          -0.061485
          -0.068267
          -0.072660
          -0.188865
          -0.182506
          -0.175478
          -0.167396
          -0.158227
          -0.147918
          -0.136442
          -0.123784
          -0.109919
          -0.094816
          -0.078448
          -0.343070
          -0.377601
          -0.402457
          -0.433496
          -0.462324
          -0.494186
          -0.542958
          -0.516301
          -0.588678
          -0.556967
          -0.333148
          -0.322594
          -0.311042
          -0.298776
          -0.212497
          -0.286061
          -0.237342
          -0.269068
          -0.602083
          -0.620472
          -0.638396
          -0.655832
          -0.672652
          -0.688801
          -0.704287
          -0.719150
          -0.733420
          -0.747147
          -0.760406
          -0.085876
          -0.203968
          -0.181441
          -0.177537
          -0.161540
          -0.110018
          -0.122486
          -0.138868
          -0.155329
          -0.164919
          -0.165035
          -0.016774
          -0.035901
          -0.057710
          -0.079282
          -0.102206
          -0.127351
          -0.169708
          -0.152306
          -0.194347
          -0.038580
          -0.056129
          -0.062618
          -0.055886
          -0.066565
          -0.076845
          -0.091880
          -0.088386
          -0.069934
          -0.080819
          -0.088800
          -0.094284
          -0.096124
          -0.214807
          -0.209689
          -0.203885
          -0.197100
          -0.189241
          -0.180246
          -0.170089
          -0.158762
          -0.146243
          -0.132504
          -0.117521
          -0.375779
          -0.410329
          -0.433941
          -0.464076
          -0.492182
          -0.523498
          -0.571193
          -0.544576
          -0.583004
          -0.362556
          -0.348813
          -0.334425
          -0.319489
          -0.234524
          -0.237563
          -0.303970
          -0.266732
          -0.292118
          -0.614823
          -0.634226
          -0.653268
          -0.671825
          -0.689790
          -0.707120
          -0.723826
          -0.739950
          -0.755535
          -0.770632
          -0.785317
          -0.113425
          -0.223469
          -0.208570
          -0.197275
          -0.189448
          -0.136639
          -0.156118
          -0.175152
          -0.194181
          -0.200030
          -0.058208
          -0.079712
          -0.102753
          -0.125366
          -0.149192
          -0.176044
          -0.219392
          -0.200706
          -0.077393
          -0.091561
          -0.088160
          -0.094716
          -0.119986
          -0.119577
          -0.102659
          -0.116193
          -0.110941
          -0.116511
          -0.123297
          -0.243611
          -0.240477
          -0.236619
          -0.231988
          -0.226466
          -0.219917
          -0.212253
          -0.203441
          -0.193472
          -0.182327
          -0.169983
          -0.156417
          -0.406086
          -0.439864
          -0.462153
          -0.492051
          -0.519434
          -0.549773
          -0.595553
          -0.569280
          -0.389476
          -0.372781
          -0.355627
          -0.338076
          -0.265000
          -0.260883
          -0.320612
          -0.299094
          -0.606149
          -0.626832
          -0.647102
          -0.667150
          -0.686785
          -0.705878
          -0.724366
          -0.742266
          -0.759624
          -0.776492
          -0.792930
          -0.809017
          -0.146957
          -0.243085
          -0.230376
          -0.223364
          -0.171075
          -0.192486
          -0.209198
          -0.231110
          -0.223873
          -0.237513
          -0.100607
          -0.123677
          -0.147482
          -0.170942
          -0.195604
          -0.222617
          -0.247847
          -0.115999
          -0.127051
          -0.123843
          -0.144735
          -0.152349
          -0.135447
          -0.142988
          -0.141327
          -0.144918
          -0.151961
          -0.268122
          -0.265405
          -0.263025
          -0.259708
          -0.255469
          -0.250233
          -0.243910
          -0.236457
          -0.227862
          -0.218112
          -0.207190
          -0.195076
          -0.433306
          -0.466646
          -0.488127
          -0.517195
          -0.543418
          -0.572645
          -0.590801
          -0.413893
          -0.274226
          -0.394407
          -0.374557
          -0.353810
          -0.291725
          -0.290525
          -0.334565
          -0.319346
          -0.617127
          -0.637889
          -0.659096
          -0.680047
          -0.700700
          -0.720882
          -0.740506
          -0.759575
          -0.778141
          -0.796263
          -0.814009
          -0.831470
          -0.183235
          -0.261066
          -0.250903
          -0.258001
          -0.209885
          -0.231458
          -0.245925
          -0.259996
          -0.256657
          -0.266716
          -0.142162
          -0.166929
          -0.191000
          -0.215555
          -0.241049
          -0.268628
          -0.154043
          -0.162318
          -0.157543
          -0.169953
          -0.181998
          -0.168157
          -0.172445
          -0.171921
          -0.176290
          -0.293565
          -0.291295
          -0.289787
          -0.288965
          -0.287008
          -0.284089
          -0.280179
          -0.275203
          -0.269116
          -0.261904
          -0.253560
          -0.244075
          -0.233438
          -0.285666
          -0.457874
          -0.490883
          -0.511652
          -0.539182
          -0.564129
          -0.592073
          -0.435770
          -0.304120
          -0.413725
          -0.391591
          -0.370217
          -0.321069
          -0.349294
          -0.608091
          -0.625379
          -0.647893
          -0.670038
          -0.691926
          -0.713554
          -0.734777
          -0.755505
          -0.775721
          -0.795470
          -0.814818
          -0.833841
          -0.852640
          -0.206265
          -0.213891
          -0.282663
          -0.290072
          -0.240520
          -0.236525
          -0.260899
          -0.261291
          -0.279442
          -0.286846
          -0.290855
          -0.182918
          -0.209305
          -0.233821
          -0.258928
          -0.284742
          -0.191301
          -0.196537
          -0.186183
          -0.198188
          -0.200342
          -0.199638
          -0.200554
          -0.201146
          -0.312914
          -0.314875
          -0.314955
          -0.314686
          -0.313922
          -0.312305
          -0.309728
          -0.306106
          -0.301391
          -0.295567
          -0.288634
          -0.280592
          -0.271439
          -0.311825
          -0.479874
          -0.512165
          -0.531472
          -0.557826
          -0.581129
          -0.455163
          -0.334229
          -0.430631
          -0.406430
          -0.382563
          -0.358242
          -0.607718
          -0.634245
          -0.656868
          -0.679882
          -0.702736
          -0.725320
          -0.747541
          -0.769330
          -0.790667
          -0.811575
          -0.832123
          -0.852394
          -0.872496
          -0.226261
          -0.233539
          -0.321532
          -0.320972
          -0.263143
          -0.260449
          -0.286699
          -0.288761
          -0.312137
          -0.312351
          -0.322725
          -0.223034
          -0.250483
          -0.274823
          -0.300430
          -0.227869
          -0.229794
          -0.218468
          -0.226230
          -0.229935
          -0.228506
          -0.326404
          -0.337385
          -0.337187
          -0.339041
          -0.340049
          -0.340426
          -0.340072
          -0.338823
          -0.336561
          -0.333224
          -0.328798
          -0.323284
          -0.316687
          -0.309017
          -0.342851
          -0.498933
          -0.530163
          -0.547931
          -0.573049
          -0.471689
          -0.367269
          -0.444833
          -0.418500
          -0.392575
          -0.594726
          -0.622060
          -0.641258
          -0.664953
          -0.688716
          -0.712455
          -0.735966
          -0.759152
          -0.781962
          -0.804381
          -0.826422
          -0.848144
          -0.869635
          -0.891007
          -0.243635
          -0.355688
          -0.257863
          -0.350107
          -0.349735
          -0.280924
          -0.291283
          -0.312243
          -0.317906
          -0.336823
          -0.339600
          -0.342569
          -0.353984
          -0.261658
          -0.289934
          -0.314248
          -0.262896
          -0.261658
          -0.248131
          -0.254387
          -0.258804
          -0.340078
          -0.355761
          -0.359763
          -0.362417
          -0.364757
          -0.366401
          -0.367320
          -0.367395
          -0.366494
          -0.364544
          -0.361527
          -0.357442
          -0.352300
          -0.346116
          -0.374793
          -0.514842
          -0.545063
          -0.561879
          -0.485109
          -0.400726
          -0.456270
          -0.428073
          -0.584690
          -0.619708
          -0.647816
          -0.671978
          -0.696511
          -0.721078
          -0.745477
          -0.769594
          -0.793385
          -0.816845
          -0.839986
          -0.862851
          -0.885533
          -0.908143
          -0.270552
          -0.379432
          -0.289660
          -0.379422
          -0.378999
          -0.308699
          -0.324743
          -0.339246
          -0.352067
          -0.362419
          -0.369405
          -0.375891
          -0.298370
          -0.327472
          -0.296032
          -0.292240
          -0.278643
          -0.286010
          -0.351363
          -0.366367
          -0.379316
          -0.381046
          -0.385237
          -0.388844
          -0.391776
          -0.393992
          -0.395391
          -0.395848
          -0.395287
          -0.393686
          -0.391043
          -0.387369
          -0.382683
          -0.406437
          -0.527682
          -0.557016
          -0.495865
          -0.435160
          -0.464991
          -0.573325
          -0.605104
          -0.632448
          -0.652948
          -0.677969
          -0.703227
          -0.728584
          -0.753836
          -0.778851
          -0.803585
          -0.828045
          -0.852247
          -0.876223
          -0.900061
          -0.923880
          -0.301133
          -0.409069
          -0.321899
          -0.409108
          -0.406840
          -0.340680
          -0.357374
          -0.372032
          -0.384421
          -0.394238
          -0.401714
          -0.333206
          -0.327739
          -0.320589
          -0.311329
          -0.363202
          -0.377957
          -0.396033
          -0.402585
          -0.407514
          -0.412345
          -0.416549
          -0.420065
          -0.422787
          -0.424594
          -0.425414
          -0.425226
          -0.424030
          -0.421835
          -0.418659
          -0.439429
          -0.537521
          -0.503510
          -0.470785
          -0.565188
          -0.594001
          -0.628396
          -0.657352
          -0.682875
          -0.708841
          -0.734954
          -0.761025
          -0.786908
          -0.812551
          -0.837969
          -0.863190
          -0.888242
          -0.913200
          -0.938192
          -0.334716
          -0.440587
          -0.356078
          -0.439319
          -0.435379
          -0.375286
          -0.392235
          -0.406827
          -0.418922
          -0.428509
          -0.366380
          -0.357669
          -0.346783
          -0.387039
          -0.404350
          -0.418999
          -0.422659
          -0.429226
          -0.435248
          -0.440705
          -0.445516
          -0.449559
          -0.452707
          -0.454894
          -0.456108
          -0.456354
          -0.455643
          -0.453990
          -0.473593
          -0.543655
          -0.507895
          -0.577436
          -0.611111
          -0.638484
          -0.660270
          -0.686676
          -0.713334
          -0.740175
          -0.767025
          -0.793745
          -0.820266
          -0.846604
          -0.872799
          -0.898888
          -0.924932
          -0.951057
          -0.370951
          -0.473392
          -0.392855
          -0.470320
          -0.464447
          -0.412381
          -0.429404
          -0.443837
          -0.455572
          -0.396875
          -0.397329
          -0.385030
          -0.413411
          -0.432741
          -0.442632
          -0.450278
          -0.457499
          -0.464201
          -0.470300
          -0.475660
          -0.480144
          -0.483689
          -0.486295
          -0.487974
          -0.488743
          -0.488621
          -0.509052
          -0.569082
          -0.546283
          -0.597317
          -0.632371
          -0.662576
          -0.689400
          -0.716705
          -0.744236
          -0.771826
          -0.799344
          -0.826713
          -0.853935
          -0.881062
          -0.908143
          -0.935237
          -0.962456
          -0.410010
          -0.507176
          -0.432212
          -0.502209
          -0.494348
          -0.452022
          -0.468862
          -0.483177
          -0.420181
          -0.427880
          -0.425523
          -0.439273
          -0.455561
          -0.461725
          -0.470612
          -0.479037
          -0.486981
          -0.494359
          -0.501030
          -0.506850
          -0.511752
          -0.515746
          -0.518852
          -0.521093
          -0.522498
          -0.545833
          -0.580722
          -0.570333
          -0.613216
          -0.640540
          -0.663642
          -0.691084
          -0.718964
          -0.747136
          -0.775420
          -0.803692
          -0.831872
          -0.859947
          -0.887967
          -0.915994
          -0.944094
          -0.972372
          -0.450969
          -0.541827
          -0.473643
          -0.534801
          -0.524461
          -0.493812
          -0.510666
          -0.446046
          -0.450313
          -0.456086
          -0.467543
          -0.480160
          -0.490181
          -0.499814
          -0.508999
          -0.517645
          -0.525614
          -0.532764
          -0.539030
          -0.544416
          -0.548944
          -0.552648
          -0.555570
          -0.567643
          -0.580607
          -0.598219
          -0.632503
          -0.663688
          -0.691664
          -0.720109
          -0.748880
          -0.777813
          -0.806787
          -0.835733
          -0.864624
          -0.893500
          -0.922431
          -0.951491
          -0.980788
          -0.481273
          -0.477829
          -0.561679
          -0.574685
          -0.503777
          -0.501398
          -0.568502
          -0.552692
          -0.539447
          -0.556753
          -0.523224
          -0.523474
          -0.540779
          -0.471174
          -0.475796
          -0.489181
          -0.497558
          -0.508921
          -0.519791
          -0.530216
          -0.540118
          -0.549370
          -0.557843
          -0.565470
          -0.572248
          -0.578198
          -0.583360
          -0.587785
          -0.595290
          -0.612212
          -0.639145
          -0.662848
          -0.691193
          -0.720136
          -0.749465
          -0.779008
          -0.808637
          -0.838295
          -0.867958
          -0.897652
          -0.927444
          -0.957420
          -0.987691
          -0.502529
          -0.500319
          -0.588626
          -0.607110
          -0.526554
          -0.526545
          -0.598731
          -0.578970
          -0.564570
          -0.586148
          -0.547374
          -0.550240
          -0.569815
          -0.499681
          -0.514605
          -0.526883
          -0.538941
          -0.550600
          -0.561747
          -0.572269
          -0.582049
          -0.591024
          -0.599188
          -0.606558
          -0.613174
          -0.619094
          -0.629225
          -0.660962
          -0.689672
          -0.719053
          -0.748891
          -0.779004
          -0.809249
          -0.839568
          -0.869951
          -0.900417
          -0.931027
          -0.961873
          -0.993070
          -0.520257
          -0.529005
          -0.633695
          -0.621995
          -0.624401
          -0.548033
          -0.554577
          -0.611007
          -0.572463
          -0.610984
          -0.596081
          -0.576846
          -0.593567
          -0.530354
          -0.544032
          -0.557261
          -0.570131
          -0.582507
          -0.594283
          -0.605352
          -0.615656
          -0.625191
          -0.633972
          -0.642037
          -0.649448
          -0.657742
          -0.687036
          -0.716852
          -0.747162
          -0.777801
          -0.808623
          -0.839559
          -0.870608
          -0.901795
          -0.933177
          -0.964844
          -0.996918
          -0.546004
          -0.560175
          -0.653926
          -0.648894
          -0.643145
          -0.573548
          -0.586390
          -0.635936
          -0.598473
          -0.628263
          -0.619424
          -0.609305
          -0.560398
          -0.574749
          -0.588793
          -0.602376
          -0.615387
          -0.627725
          -0.639340
          -0.650225
          -0.660399
          -0.669904
          -0.678801
          -0.683365
          -0.713547
          -0.744281
          -0.775403
          -0.806759
          -0.838270
          -0.869935
          -0.901789
          -0.933891
          -0.966330
          -0.999229
          -0.575889
          -0.590434
          -0.678698
          -0.673050
          -0.666237
          -0.604159
          -0.617001
          -0.658438
          -0.628888
          -0.649614
          -0.639781
          -0.591367
          -0.606562
          -0.621329
          -0.635555
          -0.649144
          -0.662047
          -0.674260
          -0.685807
          -0.696734
          -0.707107
          -0.709171
          -0.740262
          -0.771817
          -0.803660
          -0.835701
          -0.867936
          -0.900403
          -0.933171
          -0.966329
          -1.000000
          -0.607071
          -0.621843
          -0.703734
          -0.697215
          -0.689600
          -0.635671
          -0.648521
          -0.680899
          -0.660344
          -0.671135
          -0.623403
          -0.639336
          -0.654757
          -0.669574
          -0.683740
          -0.697261
          -0.710161
          -0.722491
          -0.734323
          -0.735127
          -0.767051
          -0.799332
          -0.831854
          -0.864610
          -0.897641
          -0.931019
          -0.964840
          -0.999229
          -0.639282
          -0.654174
          -0.728878
          -0.721509
          -0.713020
          -0.668057
          -0.680908
          -0.703413
          -0.692701
          -0.656356
          -0.672950
          -0.688971
          -0.704381
          -0.719190
          -0.733425
          -0.747138
          -0.760406
          -0.761117
          -0.793777
          -0.826731
          -0.859958
          -0.893504
          -0.927439
          -0.961867
          -0.996918
          -0.672359
          -0.687327
          -0.754018
          -0.745759
          -0.736344
          -0.701240
          -0.714068
          -0.725777
          -0.690099
          -0.707301
          -0.723935
          -0.740012
          -0.755561
          -0.770635
          -0.785317
          -0.787000
          -0.820332
          -0.853982
          -0.887992
          -0.922436
          -0.957416
          -0.993070
          -0.706186
          -0.721194
          -0.779007
          -0.769810
          -0.759419
          -0.735092
          -0.747842
          -0.724544
          -0.742374
          -0.759692
          -0.776530
          -0.792944
          -0.809017
          -0.812662
          -0.846684
          -0.881109
          -0.916010
          -0.951491
          -0.987691
          -0.740681
          -0.755681
          -0.803731
          -0.793552
          -0.782140
          -0.769510
          -0.759676
          -0.778203
          -0.796300
          -0.814028
          -0.831470
          -0.838072
          -0.872861
          -0.908167
          -0.944096
          -0.980788
          -0.775814
          -0.790759
          -0.828156
          -0.816953
          -0.804480
          -0.795521
          -0.814847
          -0.833857
          -0.852640
          -0.863257
          -0.898918
          -0.935243
          -0.972372
          -0.811619
          -0.826469
          -0.852311
          -0.840041
          -0.832144
          -0.852404
          -0.872496
          -0.888276
          -0.924944
          -0.962456
          -0.848163
          -0.862876
          -0.876255
          -0.869641
          -0.891007
          -0.913214
          -0.951057
          -0.885539
          -0.900072
          -0.908143
          -0.938192
          -0.923880
        </DataArray>
        <DataArray type="Float64" Name="y_coordinate" format="ascii">
          0.453990
          0.488621
          0.522498
          0.418659
          0.382683
          0.455434
          0.421613
          0.346116
          0.309017
          0.555570
          0.587785
          0.488550
          0.520905
          0.271439
          0.233438
          0.195076
          0.156417
          0.387149
          0.352095
          0.455959
          0.423610
          0.390612
          0.316490
          0.280386
          0.117521
          0.078448
          0.039256
          0.000000
          0.619094
          0.649448
          0.552457
          0.583161
          0.487596
          0.518477
          0.243846
          0.206940
          0.169728
          0.132258
          0.357027
          0.322895
          0.455530
          0.424622
          0.393057
          0.360903
          0.288248
          0.253138
          -0.039256
          -0.078448
          0.094571
          0.056722
          0.018780
          -0.019180
          0.612969
          0.678801
          0.641833
          0.707107
          0.548561
          0.577806
          0.485730
          0.515180
          0.454132
          -0.117521
          -0.156417
          0.217643
          0.181836
          0.145765
          0.109460
          0.328210
          0.295005
          0.424631
          0.394474
          0.363718
          0.332426
          0.261319
          0.227212
          -0.057105
          -0.094933
          0.072956
          0.036317
          -0.000378
          -0.037056
          0.606165
          0.669711
          0.633593
          0.734323
          0.696558
          0.760406
          0.543845
          0.571681
          0.482934
          0.511001
          0.423633
          0.451764
          -0.195076
          -0.233438
          -0.132614
          -0.170087
          -0.271439
          -0.309017
          0.192770
          0.158062
          0.123120
          0.087963
          0.300634
          0.268361
          0.394853
          0.365473
          0.335549
          0.305134
          0.235644
          0.202554
          -0.073668
          -0.110141
          0.052633
          0.017202
          -0.018243
          -0.053637
          0.598641
          0.660048
          0.624677
          0.722333
          0.685486
          0.785317
          0.746992
          0.809017
          0.538292
          0.564760
          0.479207
          0.505926
          0.394197
          0.421631
          0.448424
          -0.346116
          -0.382683
          -0.207292
          -0.244179
          -0.146456
          -0.182525
          -0.280697
          -0.316790
          0.169175
          0.135562
          0.101739
          0.067724
          0.274252
          0.242916
          0.366162
          0.337583
          0.308513
          0.278990
          0.211178
          0.179120
          -0.088935
          -0.124095
          0.033569
          -0.000643
          -0.034832
          -0.068944
          0.590354
          0.649751
          0.615037
          0.709868
          0.673824
          0.770498
          0.733151
          0.831470
          0.792811
          0.852640
          0.531876
          0.557006
          0.474542
          0.499946
          0.365804
          0.392519
          0.418636
          0.444127
          -0.352399
          -0.418659
          -0.387461
          -0.453990
          -0.218303
          -0.253750
          -0.159062
          -0.193729
          -0.288822
          -0.323466
          0.146812
          0.114294
          0.081587
          0.048719
          0.249025
          0.218638
          0.338539
          0.310788
          0.282596
          0.253975
          0.187891
          0.156873
          -0.102948
          -0.136799
          0.015751
          -0.017232
          -0.050164
          -0.083007
          0.338459
          0.581274
          0.638771
          0.604643
          0.696855
          0.661517
          0.755296
          0.718801
          0.813896
          0.776267
          0.872496
          0.833725
          0.891007
          0.524583
          0.548409
          0.468957
          0.493073
          0.364443
          0.389866
          0.438921
          0.414695
          -0.357617
          -0.421919
          -0.391207
          -0.488621
          -0.455722
          -0.522498
          -0.228119
          -0.262150
          -0.170420
          -0.203751
          -0.295801
          -0.329026
          0.125646
          0.094234
          0.062656
          0.030951
          0.224930
          0.195497
          0.311991
          0.285113
          0.257826
          0.230104
          0.165754
          0.135792
          -0.115734
          -0.148289
          -0.000815
          -0.032567
          -0.064253
          -0.095850
          0.337397
          0.312155
          0.571388
          0.627073
          0.593475
          0.683231
          0.648520
          0.739627
          0.703877
          0.796039
          0.759308
          0.852272
          0.814586
          0.908143
          0.869509
          0.923880
          0.516422
          0.538971
          0.462484
          0.485304
          0.362102
          0.386230
          0.432784
          0.409816
          -0.361746
          -0.424182
          -0.393895
          -0.488821
          -0.456497
          -0.555570
          -0.521168
          -0.236763
          -0.269375
          -0.180596
          -0.212586
          -0.301646
          -0.333467
          0.105658
          0.075359
          0.044921
          0.014397
          0.201958
          0.173462
          0.286568
          0.260660
          0.207419
          0.234278
          0.144739
          0.115870
          -0.127323
          -0.158601
          -0.016150
          -0.046664
          -0.077123
          -0.107510
          0.335401
          0.311431
          0.286865
          0.560678
          0.614621
          0.581496
          0.668948
          0.634793
          0.723430
          0.688334
          0.777819
          0.741870
          0.831883
          0.795137
          0.885407
          0.847901
          0.938192
          0.899938
          0.951057
          0.507366
          0.528657
          0.455041
          0.476589
          0.358822
          0.381675
          0.425759
          0.404043
          -0.587785
          -0.364778
          -0.425421
          -0.395518
          -0.488108
          -0.456285
          -0.552714
          -0.518971
          -0.244218
          -0.275486
          -0.189600
          -0.220257
          -0.306388
          -0.336786
          0.086837
          0.057628
          0.028323
          -0.001004
          0.180087
          0.152472
          0.262515
          0.237596
          0.186019
          0.212006
          0.124837
          0.097159
          -0.137757
          -0.167766
          -0.059568
          -0.030310
          -0.118067
          -0.088829
          0.332274
          0.310264
          0.286436
          0.263356
          0.549125
          0.601388
          0.568721
          0.653973
          0.620333
          0.706663
          0.672148
          0.759173
          0.723911
          0.811235
          0.775309
          0.862612
          0.826082
          0.913078
          0.875986
          0.962456
          0.924806
          0.972372
          0.497423
          0.517517
          0.446753
          0.467076
          0.355142
          0.375819
          0.417539
          0.398244
          -0.619094
          -0.583408
          -0.649448
          -0.366736
          -0.425628
          -0.396083
          -0.486450
          -0.455077
          -0.549039
          -0.515872
          -0.250543
          -0.280458
          -0.197457
          -0.226784
          -0.309977
          -0.339059
          0.069169
          0.040951
          0.012782
          -0.015331
          0.159128
          0.132512
          0.214923
          0.238698
          0.164691
          0.188995
          0.105749
          0.079160
          -0.175838
          -0.147112
          -0.071285
          -0.043334
          -0.127687
          -0.099473
          0.287664
          0.331494
          0.304612
          0.241778
          0.260094
          0.536806
          0.587405
          0.555214
          0.638313
          0.605158
          0.689293
          0.655309
          0.740042
          0.705375
          0.790248
          0.755029
          0.839648
          0.803962
          0.888003
          0.851912
          0.935109
          0.898650
          0.980788
          0.943976
          0.987691
          0.486746
          0.505750
          0.438364
          0.456423
          0.373606
          0.347316
          0.413039
          0.388107
          -0.613200
          -0.578259
          -0.678801
          -0.642045
          -0.367651
          -0.424803
          -0.395578
          -0.483831
          -0.452872
          -0.544501
          -0.511845
          -0.255738
          -0.284323
          -0.204209
          -0.232206
          -0.312516
          -0.340261
          0.052383
          0.025281
          -0.001737
          -0.028726
          0.138863
          0.113406
          0.194367
          0.214097
          0.145586
          0.166524
          0.062636
          0.087419
          -0.182910
          -0.155497
          -0.082565
          -0.055657
          -0.136483
          -0.109510
          0.272023
          0.314126
          0.283300
          0.228098
          0.241336
          -0.707107
          0.523905
          0.572710
          0.541181
          0.621982
          0.589332
          0.671298
          0.637853
          0.720368
          0.686254
          0.768847
          0.734250
          0.816428
          0.781474
          0.862859
          0.827632
          0.907918
          0.872481
          0.951394
          0.915796
          0.993070
          0.957344
          0.996918
          0.476130
          0.493236
          0.450057
          0.425597
          0.354673
          0.323742
          0.393060
          0.362677
          -0.606581
          -0.572285
          -0.669901
          -0.633965
          -0.696728
          -0.367480
          -0.422968
          -0.394133
          -0.480243
          -0.449674
          -0.539069
          -0.506876
          -0.259850
          -0.287152
          -0.210008
          -0.236762
          -0.314052
          -0.340482
          0.010983
          0.036292
          -0.015464
          -0.040910
          0.095913
          0.117845
          0.182706
          0.197653
          0.135900
          0.153420
          0.046862
          0.069034
          -0.188971
          -0.162932
          -0.092810
          -0.067284
          -0.144227
          -0.119069
          0.251279
          0.291106
          0.266212
          0.209743
          0.226131
          -0.734323
          0.511134
          0.557502
          0.526836
          0.605063
          0.573018
          0.652726
          0.619825
          0.700155
          0.666597
          0.746997
          0.712981
          0.792892
          0.758587
          0.837564
          0.803088
          0.880770
          0.846216
          0.922267
          0.887710
          0.961814
          0.927312
          0.999229
          0.964793
          1.000000
          0.484932
          0.461316
          0.429043
          0.399189
          0.330508
          0.305000
          0.367415
          0.342297
          -0.599180
          -0.565456
          -0.722487
          -0.660376
          -0.625153
          -0.685782
          -0.366404
          -0.420196
          -0.391797
          -0.475682
          -0.445526
          -0.532727
          -0.500966
          -0.263101
          -0.289056
          -0.215038
          -0.240586
          -0.314696
          -0.339825
          -0.003269
          0.019960
          -0.053416
          -0.029554
          0.088478
          0.106772
          0.166775
          0.184563
          0.122928
          0.141948
          0.041284
          0.060601
          -0.194486
          -0.169892
          -0.102843
          -0.078302
          -0.152502
          -0.127203
          0.233837
          0.271563
          0.194512
          0.198107
          -0.747137
          -0.760406
          0.493670
          0.542064
          0.515512
          0.587717
          0.556280
          0.633632
          0.601372
          0.679460
          0.646512
          0.724701
          0.691276
          0.769004
          0.735296
          0.812057
          0.778242
          0.853575
          0.819788
          0.893280
          0.859622
          0.930914
          0.897460
          0.966273
          0.933063
          0.999229
          0.966254
          0.996918
          0.461938
          0.432966
          0.401877
          0.377344
          0.308083
          0.342866
          -0.590970
          -0.557757
          -0.710142
          -0.733413
          -0.650175
          -0.615583
          -0.674214
          -0.364521
          -0.416568
          -0.388791
          -0.470230
          -0.440656
          -0.525477
          -0.494188
          -0.265622
          -0.290125
          -0.219411
          -0.243637
          -0.314887
          -0.338448
          -0.006600
          0.014165
          -0.054612
          -0.032610
          0.077549
          0.097953
          0.154201
          0.112482
          0.033005
          0.053755
          -0.200924
          -0.176244
          -0.102280
          -0.079169
          -0.149461
          -0.125483
          0.234596
          0.269395
          0.160979
          0.200458
          0.166232
          -0.755554
          -0.770636
          -0.785317
          0.463650
          0.491689
          0.522920
          0.570608
          0.544233
          0.614229
          0.582089
          0.658422
          0.626239
          0.702012
          0.669270
          0.744764
          0.711667
          0.786296
          0.753098
          0.826263
          0.793149
          0.864334
          0.831457
          0.900236
          0.867692
          0.933758
          0.901606
          0.964748
          0.933014
          0.961766
          0.993070
          0.433323
          0.409796
          0.375422
          0.302351
          0.333415
          -0.581937
          -0.549189
          -0.697226
          -0.719166
          -0.639268
          -0.605240
          -0.661989
          -0.362229
          -0.412325
          -0.385268
          -0.464054
          -0.435152
          -0.517383
          -0.486688
          -0.739992
          -0.291671
          -0.268176
          -0.248004
          -0.222787
          -0.314739
          -0.337111
          -0.012508
          0.009426
          -0.057657
          -0.035110
          0.070082
          0.122501
          0.083119
          0.027560
          -0.195827
          -0.171077
          -0.102802
          -0.079544
          -0.147476
          -0.123670
          0.234354
          0.265579
          0.203341
          0.130692
          0.171898
          0.138559
          -0.776526
          -0.792945
          -0.809017
          0.439391
          0.461769
          0.491634
          0.519031
          0.549284
          0.595406
          0.569138
          0.637295
          0.605447
          0.679053
          0.647084
          0.720245
          0.687830
          0.760286
          0.727733
          0.798779
          0.766307
          0.835353
          0.803166
          0.869695
          0.837944
          0.901583
          0.870350
          0.930844
          0.900179
          0.957309
          0.927252
          0.951379
          0.987691
          0.405479
          0.362528
          0.295007
          0.322799
          -0.572077
          -0.539802
          -0.683696
          -0.704342
          -0.627634
          -0.594110
          -0.649074
          -0.359656
          -0.407529
          -0.381071
          -0.457267
          -0.429113
          -0.508591
          -0.478658
          -0.759671
          -0.723892
          -0.294048
          -0.268840
          -0.241157
          -0.215657
          -0.337296
          -0.313219
          -0.015076
          -0.057683
          0.043379
          0.094073
          0.056899
          0.003328
          -0.191057
          -0.166958
          -0.100388
          -0.142164
          0.232793
          0.259739
          0.207499
          0.177716
          0.103921
          0.145882
          0.113224
          -0.796297
          -0.814031
          -0.831470
          0.432790
          0.466253
          0.487750
          0.516805
          0.543085
          0.572425
          0.616469
          0.590314
          0.655970
          0.624321
          0.695584
          0.663973
          0.734110
          0.702281
          0.771140
          0.739351
          0.806300
          0.774773
          0.839232
          0.808178
          0.869666
          0.839225
          0.897399
          0.867649
          0.922237
          0.893242
          0.915797
          0.943977
          0.980788
          0.389275
          0.413669
          0.348951
          0.286161
          0.311360
          -0.561421
          -0.529712
          -0.669511
          -0.688900
          -0.615249
          -0.582213
          -0.635444
          -0.355380
          -0.402257
          -0.379289
          -0.450000
          -0.422569
          -0.499284
          -0.470190
          -0.778178
          -0.742322
          -0.707217
          -0.284796
          -0.259081
          -0.233969
          -0.209364
          -0.326278
          -0.300191
          -0.036777
          -0.076848
          0.019378
          0.068658
          0.032934
          -0.018349
          -0.182999
          -0.115870
          -0.154217
          0.227734
          0.251987
          0.193245
          0.156445
          0.079217
          0.122698
          0.089473
          -0.814840
          -0.833860
          -0.852640
          0.457379
          0.490464
          0.511140
          0.538887
          0.563804
          0.591547
          0.633436
          0.607481
          0.670944
          0.640310
          0.707916
          0.676940
          0.743444
          0.712449
          0.777200
          0.746381
          0.808804
          0.778417
          0.837927
          0.808183
          0.864300
          0.835341
          0.887709
          0.859622
          0.907941
          0.880805
          0.435644
          0.898683
          0.935118
          0.972372
          0.372930
          0.394671
          0.413947
          0.334812
          0.276209
          0.298976
          -0.795486
          -0.550070
          -0.519171
          -0.654646
          -0.672818
          -0.602133
          -0.569648
          -0.621123
          -0.340204
          -0.365996
          -0.395857
          -0.442291
          -0.418968
          -0.489596
          -0.461358
          -0.759610
          -0.724443
          -0.689945
          -0.274736
          -0.250489
          -0.223124
          -0.314520
          -0.289888
          -0.055937
          -0.092108
          -0.001869
          0.045355
          0.012107
          -0.036859
          -0.192019
          -0.127884
          -0.162892
          0.219503
          0.242237
          0.192839
          0.165158
          0.132280
          0.055929
          0.099213
          0.066559
          -0.832124
          -0.852402
          -0.872496
          0.479368
          0.511742
          0.531124
          0.557583
          0.580855
          0.607272
          0.646841
          0.621654
          0.681901
          0.651596
          0.715858
          0.685761
          0.748149
          0.718148
          0.778424
          0.748747
          0.806314
          0.777227
          0.831469
          0.803202
          0.853621
          0.826319
          0.872541
          0.846303
          0.862930
          0.454832
          0.888041
          0.924818
          0.962456
          0.356283
          0.430664
          0.375502
          0.392328
          0.320256
          0.264904
          0.286258
          -0.811568
          -0.775734
          -0.538257
          -0.508251
          -0.639129
          -0.656122
          -0.588387
          -0.556565
          -0.606223
          -0.327665
          -0.351550
          -0.377871
          -0.404052
          -0.433522
          -0.479346
          -0.455778
          -0.740563
          -0.706022
          -0.672110
          -0.261500
          -0.228433
          -0.298432
          -0.069772
          -0.102778
          -0.020305
          0.023598
          -0.003749
          -0.049521
          -0.196736
          -0.135716
          -0.167945
          0.208966
          0.231497
          0.175459
          0.141696
          0.108461
          0.032251
          0.075897
          0.043561
          -0.826397
          -0.848123
          -0.869627
          -0.891007
          0.498421
          0.529878
          0.548012
          0.572660
          0.594506
          0.619410
          0.656638
          0.632369
          0.688584
          0.659060
          0.719304
          0.690254
          0.748183
          0.719332
          0.774833
          0.746456
          0.798857
          0.771252
          0.819898
          0.793285
          0.837675
          0.812208
          0.851984
          0.827747
          0.471221
          0.839717
          0.876029
          0.913094
          0.951057
          0.339461
          0.444770
          0.406867
          0.356291
          0.370677
          0.305720
          0.254072
          0.273620
          0.222879
          -0.790664
          -0.755549
          -0.804373
          -0.526071
          -0.497124
          -0.623066
          -0.638906
          -0.574187
          -0.542888
          -0.590964
          -0.333518
          -0.363297
          -0.386950
          -0.413400
          -0.439212
          -0.467558
          -0.721025
          -0.687099
          -0.653847
          -0.263326
          -0.229777
          -0.296504
          -0.080145
          -0.110959
          -0.029705
          -0.003184
          -0.059195
          -0.199079
          -0.141662
          -0.171371
          0.192262
          0.151817
          0.116976
          0.084521
          0.011105
          0.053066
          0.022275
          -0.839950
          -0.862812
          -0.885510
          -0.908143
          0.514304
          0.544675
          0.561361
          0.584790
          0.604844
          0.627724
          0.661864
          0.638212
          0.690830
          0.662698
          0.718233
          0.690319
          0.743593
          0.716065
          0.766488
          0.739613
          0.786485
          0.760537
          0.803253
          0.778460
          0.816535
          0.793052
          0.804062
          0.484781
          0.456092
          0.826152
          0.862659
          0.899961
          0.938192
          0.322577
          0.418969
          0.428012
          0.383698
          0.337183
          0.350473
          0.291198
          0.245942
          0.264995
          0.222124
          0.194300
          -0.769367
          -0.734916
          -0.816838
          -0.781993
          -0.327820
          -0.513941
          -0.489346
          -0.606603
          -0.621299
          -0.559977
          -0.530133
          -0.575681
          -0.366492
          -0.396789
          -0.419852
          -0.446052
          -0.471178
          -0.701039
          -0.667832
          -0.635544
          -0.261324
          -0.228981
          -0.291545
          -0.088620
          -0.116785
          -0.038888
          -0.016898
          -0.068292
          -0.199483
          -0.147140
          -0.172842
          0.160342
          0.124093
          0.091260
          0.061446
          -0.009931
          0.031014
          0.001465
          -0.828041
          -0.852209
          -0.876173
          -0.900029
          -0.923880
          0.527075
          0.556462
          0.572154
          0.593010
          0.610829
          0.632017
          0.662981
          0.640337
          0.688814
          0.661704
          0.712834
          0.686271
          0.734487
          0.708491
          0.753398
          0.728200
          0.769227
          0.745094
          0.781628
          0.758813
          0.790355
          0.769007
          0.495428
          0.464588
          0.775438
          0.811317
          0.847954
          0.885435
          0.923880
          0.305598
          0.434768
          0.393690
          0.400610
          0.361511
          0.317482
          0.335789
          0.273361
          0.240854
          0.201883
          0.166966
          -0.747656
          -0.713864
          -0.793407
          -0.759224
          -0.803593
          -0.320272
          -0.357452
          -0.499624
          -0.603248
          -0.590051
          -0.546070
          -0.520516
          -0.560621
          -0.397162
          -0.427844
          -0.450645
          -0.476075
          -0.680721
          -0.648437
          -0.617128
          -0.257685
          -0.226036
          -0.285329
          -0.311361
          -0.096334
          -0.123979
          -0.044272
          -0.077101
          -0.198827
          -0.174210
          -0.146024
          0.131270
          0.068070
          0.093324
          0.041576
          -0.030465
          -0.019863
          0.007086
          -0.837962
          -0.863153
          -0.888186
          -0.913163
          -0.938192
          0.536952
          0.564660
          0.577985
          0.597072
          0.613104
          0.632315
          0.660229
          0.638893
          0.682717
          0.656933
          0.703031
          0.678025
          0.720785
          0.696465
          0.735651
          0.712267
          0.747240
          0.725086
          0.755208
          0.734523
          0.740250
          0.502998
          0.470302
          0.759336
          0.795242
          0.831945
          0.869540
          0.908143
          0.438927
          0.287260
          0.405999
          0.368042
          0.373569
          0.336402
          0.305249
          0.254621
          0.223576
          0.198637
          0.173683
          0.140316
          -0.725542
          -0.692471
          -0.769615
          -0.736078
          -0.812532
          -0.778818
          -0.385168
          -0.347734
          -0.500647
          -0.587185
          -0.573042
          -0.529620
          -0.549262
          -0.425430
          -0.456175
          -0.478183
          -0.410230
          -0.660210
          -0.629171
          -0.599289
          -0.252871
          -0.221642
          -0.277778
          -0.336105
          -0.301859
          -0.109862
          -0.059984
          -0.085085
          -0.192858
          -0.162574
          -0.134587
          0.105271
          0.057643
          0.075666
          0.024862
          -0.046853
          -0.027841
          -0.007875
          -0.820209
          -0.846583
          -0.872764
          -0.898833
          -0.924894
          -0.951057
          0.543200
          0.568902
          0.580404
          0.598080
          0.612187
          0.628963
          0.653490
          0.633572
          0.672277
          0.648088
          0.688820
          0.665447
          0.702660
          0.680129
          0.713409
          0.691979
          0.720675
          0.700635
          0.724155
          0.705712
          0.507376
          0.473155
          0.440404
          0.706944
          0.742072
          0.777954
          0.814667
          0.852308
          0.891007
          0.408874
          0.408919
          0.267037
          0.379244
          0.341874
          0.355098
          0.311822
          0.279833
          0.235657
          0.209803
          0.183628
          0.150667
          0.114042
          -0.703098
          -0.670823
          -0.745480
          -0.712638
          -0.786818
          -0.753744
          -0.793603
          -0.371550
          -0.348214
          -0.400094
          -0.503210
          -0.576249
          -0.556987
          -0.527476
          -0.450501
          -0.481174
          -0.431677
          -0.639483
          -0.609463
          -0.581845
          -0.246468
          -0.218878
          -0.268756
          -0.321761
          -0.342834
          -0.292717
          -0.106735
          -0.078525
          -0.200633
          -0.176568
          -0.153115
          -0.129212
          0.077011
          0.044491
          0.007125
          -0.018835
          -0.066888
          -0.039636
          -0.826622
          -0.853896
          -0.881028
          -0.908095
          -0.935198
          -0.962456
          0.545850
          0.570049
          0.580427
          0.595178
          0.607017
          0.621912
          0.642553
          0.624197
          0.657607
          0.634909
          0.670400
          0.648894
          0.680241
          0.659653
          0.686773
          0.667451
          0.689653
          0.671836
          0.672529
          0.508657
          0.473168
          0.439251
          0.688646
          0.723669
          0.759476
          0.796143
          0.833772
          0.872496
          0.406250
          0.379752
          0.378956
          0.243702
          0.350393
          0.322777
          0.285941
          0.253533
          0.207170
          0.172491
          0.145243
          0.119937
          0.085587
          -0.680436
          -0.648998
          -0.721104
          -0.689053
          -0.760855
          -0.728490
          -0.799168
          -0.766801
          -0.373301
          -0.409929
          -0.502905
          -0.555940
          -0.529780
          -0.470604
          -0.444177
          -0.618217
          -0.588373
          -0.561800
          -0.233010
          -0.207015
          -0.353015
          -0.261965
          -0.317444
          -0.285347
          -0.105607
          -0.177154
          -0.141226
          -0.196609
          0.051106
          0.018027
          -0.012498
          -0.041278
          -0.096605
          -0.072383
          -0.803506
          -0.831764
          -0.859895
          -0.887933
          -0.915954
          -0.944059
          -0.972372
          0.545483
          0.567455
          0.574573
          0.588348
          0.598675
          0.610565
          0.627482
          0.610756
          0.639077
          0.618788
          0.647894
          0.628238
          0.653606
          0.635108
          0.655849
          0.638717
          0.654374
          0.638848
          0.506866
          0.470161
          0.434377
          0.400671
          0.635224
          0.669292
          0.704153
          0.739830
          0.776397
          0.813955
          0.852640
          0.375139
          0.349875
          0.354431
          0.368731
          0.221069
          0.321392
          0.289279
          0.258401
          0.233359
          0.187698
          0.125131
          0.157416
          0.092605
          0.058819
          -0.657784
          -0.627184
          -0.696662
          -0.665503
          -0.734771
          -0.703236
          -0.771568
          -0.739922
          -0.775146
          -0.387367
          -0.420468
          -0.504693
          -0.532137
          -0.453297
          -0.479087
          -0.595800
          -0.568249
          -0.544257
          -0.228741
          -0.364976
          -0.329946
          -0.263303
          -0.296012
          -0.126709
          -0.166571
          -0.203595
          0.026256
          -0.004305
          -0.034499
          -0.063669
          -0.055366
          -0.107915
          -0.090690
          -0.806609
          -0.835626
          -0.864565
          -0.893464
          -0.922394
          -0.951460
          -0.980788
          0.541617
          0.561487
          0.568342
          0.578832
          0.586157
          0.595708
          0.608523
          0.593085
          0.616457
          0.598026
          0.621288
          0.603697
          0.622827
          0.606453
          0.620874
          0.605981
          0.601969
          0.502047
          0.464631
          0.427218
          0.393259
          0.361638
          0.615107
          0.648913
          0.683550
          0.719043
          0.755452
          0.792884
          0.831470
          0.342604
          0.321823
          0.339831
          0.337271
          0.202670
          0.289199
          0.260255
          0.230812
          0.166906
          0.100115
          0.134203
          0.064378
          0.032849
          0.036246
          -0.635058
          -0.608951
          -0.672367
          -0.642092
          -0.708731
          -0.678145
          -0.743926
          -0.713124
          -0.777533
          -0.746777
          -0.374637
          -0.403043
          -0.433527
          -0.458374
          -0.514412
          -0.484159
          -0.578325
          -0.542742
          -0.238552
          -0.340911
          -0.307016
          -0.273014
          -0.142432
          -0.213794
          -0.178278
          -0.000664
          -0.030007
          -0.051957
          -0.076973
          -0.090828
          -0.118443
          -0.351035
          -0.379916
          -0.778737
          -0.808475
          -0.838200
          -0.867900
          -0.897613
          -0.927409
          -0.957393
          -0.987691
          0.534554
          0.552501
          0.556753
          0.564521
          0.569170
          0.576774
          0.585992
          0.572273
          0.589968
          0.573368
          0.590709
          0.575113
          0.588233
          0.574146
          0.582162
          0.569647
          0.493765
          0.454947
          0.417970
          0.383481
          0.351040
          0.561468
          0.594044
          0.627535
          0.661891
          0.697141
          0.733340
          0.770588
          0.809017
          0.313090
          0.286787
          0.312372
          0.317917
          0.177555
          0.201291
          0.256022
          0.228709
          0.145277
          0.078611
          0.108673
          0.048159
          0.011956
          0.023889
          -0.012497
          -0.608389
          -0.648259
          -0.622946
          -0.682927
          -0.653288
          -0.716393
          -0.686570
          -0.748486
          -0.718547
          -0.749066
          -0.460700
          -0.407636
          -0.432453
          -0.485975
          -0.513810
          -0.572202
          -0.541765
          -0.485063
          -0.248865
          -0.318318
          -0.283898
          -0.153513
          -0.224660
          -0.189765
          -0.034636
          -0.064646
          -0.088623
          -0.105893
          -0.128037
          -0.331406
          -0.406143
          -0.361073
          -0.388127
          -0.778758
          -0.809105
          -0.839488
          -0.869898
          -0.900376
          -0.930993
          -0.961849
          -0.993070
          0.524025
          0.539226
          0.540858
          0.546849
          0.549491
          0.554565
          0.559583
          0.547930
          0.559850
          0.545300
          0.556760
          0.543628
          0.550223
          0.538529
          0.529928
          0.482334
          0.442994
          0.405878
          0.370948
          0.337687
          0.311867
          0.539898
          0.572061
          0.605181
          0.639205
          0.674154
          0.710088
          0.747099
          0.785317
          -0.032474
          0.286627
          0.257799
          0.287860
          0.289032
          0.171454
          0.197669
          0.225327
          0.118940
          0.142294
          0.058122
          0.086628
          0.026047
          -0.008220
          -0.596200
          -0.620713
          -0.657386
          -0.632664
          -0.689161
          -0.660372
          -0.719622
          -0.690651
          -0.748510
          -0.719612
          -0.470787
          -0.438888
          -0.513739
          -0.564412
          -0.544235
          -0.494114
          -0.260200
          -0.295975
          -0.236737
          -0.315901
          -0.165812
          -0.202535
          -0.056470
          -0.085070
          -0.111350
          -0.139199
          -0.346135
          -0.416501
          -0.382985
          -0.746809
          -0.777588
          -0.808499
          -0.839489
          -0.870559
          -0.901755
          -0.933143
          -0.964821
          -0.996918
          0.509978
          0.522819
          0.523379
          0.526269
          0.526628
          0.529005
          0.530290
          0.520393
          0.526533
          0.514235
          0.519447
          0.508579
          0.508781
          0.499513
          0.468135
          0.428524
          0.391267
          0.356319
          0.323957
          0.290927
          0.486823
          0.517476
          0.549186
          0.581880
          0.615518
          0.650114
          0.685730
          0.722454
          0.760406
          -0.045325
          0.261414
          0.236950
          0.262169
          0.263377
          0.167263
          0.193507
          0.207690
          0.111729
          0.139327
          0.020041
          0.051128
          0.082616
          -0.003536
          -0.033823
          0.004356
          -0.586229
          -0.559452
          -0.605407
          -0.628496
          -0.662394
          -0.638682
          -0.691157
          -0.663206
          -0.718478
          -0.690529
          -0.716266
          -0.468972
          -0.448429
          -0.529057
          -0.497068
          -0.268401
          -0.293699
          -0.219709
          -0.248989
          -0.312776
          -0.338422
          -0.178846
          -0.077946
          -0.109188
          -0.141286
          -0.442596
          -0.372701
          -0.408339
          -0.363534
          -0.743966
          -0.775222
          -0.806651
          -0.838202
          -0.869885
          -0.901747
          -0.933856
          -0.966307
          -0.999229
          0.493038
          0.503408
          0.501291
          0.502595
          0.500609
          0.500003
          0.497473
          0.489583
          0.489840
          0.479640
          0.478798
          0.470215
          0.457336
          0.451203
          0.411496
          0.374324
          0.339713
          0.307823
          0.260364
          0.280640
          0.464075
          0.494235
          0.525455
          0.557672
          0.590866
          0.625058
          0.660302
          0.696686
          0.734323
          -0.068688
          0.230723
          0.241106
          0.236563
          0.171706
          0.194025
          0.105987
          0.138405
          0.028387
          0.055218
          0.076530
          0.085401
          -0.025367
          -0.059584
          -0.028084
          0.000873
          -0.543851
          -0.570858
          -0.593464
          -0.611498
          -0.632315
          -0.663205
          -0.640491
          -0.688729
          -0.661934
          -0.713013
          -0.686119
          -0.478852
          -0.515899
          -0.466909
          -0.207683
          -0.276954
          -0.243613
          -0.329684
          -0.304151
          -0.171501
          -0.102952
          -0.136524
          -0.437485
          -0.398120
          -0.379292
          -0.353967
          -0.331776
          -0.708632
          -0.739964
          -0.771652
          -0.803556
          -0.835623
          -0.867873
          -0.900355
          -0.933134
          -0.966307
          -1.000000
          0.473069
          0.480871
          0.477205
          0.475604
          0.471339
          0.467739
          0.461647
          0.455871
          0.450104
          0.442992
          0.435059
          0.429147
          0.431476
          0.391964
          0.355077
          0.320777
          0.288985
          0.233541
          0.257479
          0.411953
          0.440545
          0.470207
          0.500904
          0.532604
          0.565300
          0.599029
          0.633846
          0.669837
          0.707107
          -0.093852
          0.211705
          0.214686
          0.161743
          0.180528
          0.111849
          0.134866
          0.032539
          0.059254
          0.090957
          0.070687
          -0.085228
          -0.053512
          -0.044105
          -0.015926
          0.012824
          -0.542370
          -0.565967
          -0.578551
          -0.597186
          -0.612991
          -0.632084
          -0.658951
          -0.638099
          -0.682609
          -0.657031
          -0.677810
          -0.503822
          -0.471787
          -0.199601
          -0.237459
          -0.270887
          -0.301309
          -0.164086
          -0.130132
          -0.437272
          -0.405825
          -0.377907
          -0.349297
          -0.318783
          -0.703080
          -0.734783
          -0.766869
          -0.799207
          -0.831752
          -0.864525
          -0.897578
          -0.930979
          -0.964818
          -0.999229
          0.450201
          0.455473
          0.449594
          0.445871
          0.439229
          0.433080
          0.422784
          0.419016
          0.407257
          0.402470
          0.384184
          0.409145
          0.370015
          0.333577
          0.299323
          0.269716
          0.206241
          0.225911
          0.243342
          0.388337
          0.416312
          0.445426
          0.475572
          0.506716
          0.538870
          0.572080
          0.606411
          0.641951
          0.678801
          -0.120217
          0.185388
          0.150929
          0.115480
          0.092957
          0.044257
          0.069103
          -0.107569
          -0.076638
          -0.055904
          -0.031594
          -0.004696
          0.019897
          -0.544632
          -0.569002
          -0.579097
          -0.596821
          -0.611068
          -0.627910
          -0.652918
          -0.632430
          -0.671827
          -0.647658
          -0.507095
          -0.471897
          -0.190226
          -0.225594
          -0.262348
          -0.292348
          -0.157039
          -0.187513
          -0.437323
          -0.404790
          -0.373730
          -0.342775
          -0.313993
          -0.664871
          -0.696402
          -0.728435
          -0.760881
          -0.793615
          -0.826595
          -0.859845
          -0.893422
          -0.927391
          -0.961845
          -0.996918
          0.424767
          0.427380
          0.419943
          0.413257
          0.403885
          0.395763
          0.380791
          0.379136
          0.361784
          0.359416
          0.384304
          0.345728
          0.310023
          0.277275
          0.182036
          0.247427
          0.197683
          0.217294
          0.338734
          0.364352
          0.391502
          0.419946
          0.449490
          0.480043
          0.511617
          0.544263
          0.578053
          0.613080
          0.649448
          -0.138543
          0.151862
          0.113654
          0.076373
          0.043781
          -0.126952
          -0.104287
          -0.081044
          -0.052176
          -0.021715
          0.010232
          -0.545619
          -0.568490
          -0.577520
          -0.593041
          -0.605135
          -0.619856
          -0.641386
          -0.622035
          -0.634148
          -0.507632
          -0.470072
          -0.213704
          -0.241907
          -0.267300
          -0.290754
          -0.201119
          -0.168556
          -0.434051
          -0.399904
          -0.366955
          -0.334644
          -0.304653
          -0.656972
          -0.688679
          -0.720977
          -0.753729
          -0.786810
          -0.820176
          -0.853853
          -0.887899
          -0.922381
          -0.957393
          -0.993070
          0.396724
          0.396559
          0.386924
          0.377329
          0.365719
          0.355454
          0.336998
          0.337298
          0.314776
          0.356817
          0.319308
          0.284834
          0.253411
          0.168927
          0.143700
          0.225207
          0.185698
          0.199553
          0.314785
          0.339742
          0.366129
          0.393831
          0.422700
          0.452615
          0.483570
          0.515615
          0.548818
          0.583273
          0.619094
          -0.152403
          0.118281
          0.086183
          0.055356
          0.027421
          -0.131956
          -0.108213
          -0.079314
          -0.043986
          -0.002425
          -0.543424
          -0.564651
          -0.571991
          -0.584755
          -0.594711
          -0.607797
          -0.625801
          -0.608208
          -0.503271
          -0.464523
          -0.240602
          -0.275838
          -0.224443
          -0.186605
          -0.427583
          -0.290999
          -0.392249
          -0.357874
          -0.321531
          -0.617384
          -0.648226
          -0.679992
          -0.712462
          -0.745451
          -0.778820
          -0.812518
          -0.846567
          -0.881026
          -0.915961
          -0.951470
          -0.987691
          0.365898
          0.362918
          0.351464
          0.339793
          0.326052
          0.313217
          0.291551
          0.293823
          0.327161
          0.290997
          0.257898
          0.227826
          0.156117
          0.123309
          0.199903
          0.172721
          0.268152
          0.290436
          0.314399
          0.340149
          0.367120
          0.395256
          0.424474
          0.454761
          0.486162
          0.518739
          0.552575
          0.587785
          -0.166951
          0.092884
          0.063949
          0.030162
          -0.141121
          -0.113253
          -0.081697
          -0.057243
          -0.027355
          -0.001708
          -0.537281
          -0.556573
          -0.561177
          -0.573003
          -0.581451
          -0.592350
          -0.591023
          -0.495802
          -0.456139
          -0.261175
          -0.239470
          -0.207267
          -0.418433
          -0.291799
          -0.382661
          -0.350113
          -0.320617
          -0.607000
          -0.638787
          -0.670334
          -0.702888
          -0.736050
          -0.769648
          -0.803624
          -0.837992
          -0.872806
          -0.908137
          -0.944084
          -0.980788
          0.332851
          0.327268
          0.314094
          0.300406
          0.284636
          0.269450
          0.248269
          0.295576
          0.095283
          0.260983
          0.229262
          0.200465
          0.141765
          0.115201
          0.175456
          0.151474
          0.243504
          0.265623
          0.288663
          0.313624
          0.339838
          0.367210
          0.395675
          0.425236
          0.455940
          0.487844
          0.521021
          0.555570
          -0.181628
          0.070500
          0.047429
          0.021111
          -0.150948
          -0.117186
          -0.085416
          -0.063009
          -0.032482
          -0.004290
          -0.527673
          -0.545046
          -0.548485
          -0.558265
          -0.564628
          -0.573133
          -0.485264
          -0.444956
          -0.267178
          -0.237286
          -0.214484
          -0.406788
          -0.300209
          -0.370441
          -0.335208
          -0.569712
          -0.596333
          -0.627478
          -0.659514
          -0.692205
          -0.725506
          -0.759285
          -0.793485
          -0.828120
          -0.863238
          -0.898911
          -0.935241
          -0.972372
          0.075143
          0.297953
          0.289728
          0.274837
          0.258634
          0.241086
          0.223550
          0.262654
          0.094519
          0.229295
          0.199015
          0.171484
          0.122378
          0.145632
          0.200990
          0.219501
          0.240426
          0.262738
          0.286689
          0.312038
          0.338602
          0.366277
          0.395058
          0.425006
          0.456182
          0.488652
          0.522498
          -0.207667
          -0.183384
          0.046943
          0.013064
          -0.147730
          -0.172331
          -0.107711
          -0.133594
          -0.087404
          -0.052498
          -0.021755
          -0.515023
          -0.530543
          -0.532206
          -0.539681
          -0.543991
          -0.471684
          -0.430804
          -0.267598
          -0.238571
          -0.292985
          -0.392191
          -0.321489
          -0.355639
          -0.550293
          -0.584033
          -0.615479
          -0.647586
          -0.680411
          -0.713819
          -0.747730
          -0.782102
          -0.816950
          -0.852323
          -0.888287
          -0.924950
          -0.962456
          0.065902
          0.261142
          0.250247
          0.233722
          0.215751
          0.195859
          0.227467
          0.091924
          0.196123
          0.167340
          0.140875
          0.116135
          0.175921
          0.194562
          0.214902
          0.236406
          0.259376
          0.283784
          0.309480
          0.336324
          0.364285
          0.393426
          0.423815
          0.455522
          0.488621
          -0.235288
          -0.204392
          0.035997
          -0.001438
          -0.165191
          -0.196574
          -0.121380
          -0.153125
          -0.106851
          -0.074850
          -0.037635
          -0.498935
          -0.512401
          -0.511753
          -0.517330
          -0.455146
          -0.413993
          -0.269102
          -0.304596
          -0.375300
          -0.339181
          -0.519869
          -0.544934
          -0.571782
          -0.602687
          -0.634756
          -0.667583
          -0.701030
          -0.735013
          -0.769498
          -0.804505
          -0.840078
          -0.876284
          -0.913228
          -0.951057
          0.065514
          0.222688
          0.209304
          0.191279
          0.171089
          0.191450
          0.087098
          0.161695
          0.134611
          0.109888
          0.149192
          0.152102
          0.169618
          0.188955
          0.209618
          0.231659
          0.255115
          0.279892
          0.305860
          0.332965
          0.361256
          0.390808
          0.421693
          0.453990
          -0.257736
          0.041204
          -0.231315
          0.013365
          -0.015114
          -0.216331
          -0.188054
          -0.169338
          -0.140861
          -0.120578
          -0.096035
          -0.067577
          -0.041947
          -0.479616
          -0.490792
          -0.487860
          -0.435773
          -0.394663
          -0.286341
          -0.319976
          -0.356098
          -0.492003
          -0.523956
          -0.557932
          -0.588990
          -0.620986
          -0.653764
          -0.687187
          -0.721177
          -0.755713
          -0.790818
          -0.826533
          -0.862926
          -0.900097
          -0.938192
          0.059711
          0.182920
          0.166955
          0.147399
          0.153810
          0.078906
          0.126114
          0.101329
          0.124758
          0.126615
          0.143903
          0.162653
          0.182439
          0.203557
          0.226061
          0.249888
          0.274933
          0.301140
          0.328543
          0.357213
          0.387224
          0.418659
          -0.264971
          0.028309
          -0.243941
          -0.000312
          -0.028712
          -0.219690
          -0.195450
          -0.168174
          -0.143193
          -0.115987
          -0.088589
          -0.060698
          -0.457589
          -0.466453
          -0.413920
          -0.372807
          -0.299008
          -0.334629
          -0.461767
          -0.492708
          -0.516711
          -0.543531
          -0.574350
          -0.606251
          -0.638945
          -0.672299
          -0.706243
          -0.740773
          -0.775917
          -0.811717
          -0.848238
          -0.885578
          -0.923880
          0.047418
          0.142020
          0.123306
          0.114681
          0.067832
          0.090022
          0.102329
          0.100893
          0.102272
          0.118705
          0.136120
          0.154947
          0.175111
          0.196653
          0.219508
          0.243593
          0.268860
          0.295332
          0.323077
          0.352167
          0.382683
          -0.276119
          0.015693
          -0.251789
          -0.015430
          -0.048202
          -0.225705
          -0.198296
          -0.170012
          -0.141033
          -0.111003
          -0.080233
          -0.433190
          -0.389462
          -0.348713
          -0.311155
          -0.439894
          -0.464452
          -0.494677
          -0.528043
          -0.558798
          -0.590555
          -0.623119
          -0.656357
          -0.690211
          -0.724686
          -0.759817
          -0.795648
          -0.832242
          -0.869694
          -0.908143
          0.034021
          0.100008
          0.075546
          0.053471
          0.078941
          0.077671
          0.078235
          0.092517
          0.109368
          0.127209
          0.146375
          0.166923
          0.188788
          0.211885
          0.236173
          0.261674
          0.288447
          0.316570
          0.346116
          -0.285848
          0.000150
          -0.258818
          -0.035167
          -0.069596
          -0.230186
          -0.200211
          -0.169092
          -0.136858
          -0.103311
          -0.406041
          -0.362240
          -0.322621
          -0.434135
          -0.463000
          -0.485723
          -0.512099
          -0.542375
          -0.573922
          -0.606303
          -0.639376
          -0.673092
          -0.707464
          -0.742534
          -0.778345
          -0.814957
          -0.852465
          -0.891007
          0.016947
          0.057413
          0.036009
          0.057285
          0.054291
          0.053030
          0.066968
          0.082446
          0.099274
          0.117406
          0.136917
          0.157762
          0.179843
          0.203122
          0.227616
          0.253378
          0.280485
          0.309017
          -0.294593
          -0.020480
          -0.264726
          -0.057763
          -0.094400
          -0.233192
          -0.200266
          -0.166061
          -0.130651
          -0.410515
          -0.375943
          -0.333271
          -0.433856
          -0.462885
          -0.494342
          -0.525070
          -0.556390
          -0.588535
          -0.621393
          -0.654919
          -0.689139
          -0.724096
          -0.759832
          -0.796408
          -0.833918
          -0.872496
          -0.003777
          0.034939
          0.015059
          0.032430
          0.029192
          0.040705
          0.055430
          0.071191
          0.088259
          0.106695
          0.126474
          0.147506
          0.169745
          0.193201
          0.217920
          0.243970
          0.271439
          -0.302213
          -0.043648
          -0.269185
          -0.083288
          -0.122362
          -0.234448
          -0.198559
          -0.161015
          -0.402681
          -0.378015
          -0.343586
          -0.429934
          -0.452023
          -0.477623
          -0.507056
          -0.538009
          -0.569859
          -0.602447
          -0.635733
          -0.669747
          -0.704533
          -0.740139
          -0.776624
          -0.814081
          -0.852640
          -0.027866
          0.012510
          -0.009629
          0.006431
          0.002856
          0.015149
          0.028356
          0.043006
          0.058981
          0.076315
          0.094989
          0.114927
          0.136086
          0.158473
          0.182117
          0.207077
          0.233438
          -0.308833
          -0.070473
          -0.272410
          -0.112707
          -0.154813
          -0.234467
          -0.195246
          -0.399918
          -0.367968
          -0.343026
          -0.427027
          -0.458447
          -0.488331
          -0.518819
          -0.550308
          -0.582573
          -0.615566
          -0.649318
          -0.683880
          -0.719299
          -0.755638
          -0.792986
          -0.831470
          -0.054281
          -0.033310
          -0.014538
          -0.020922
          -0.011256
          0.001233
          0.014761
          0.029612
          0.045823
          0.063365
          0.082171
          0.102207
          0.123484
          0.146019
          0.169859
          0.195076
          -0.305818
          -0.331201
          -0.098278
          -0.077841
          -0.267155
          -0.292121
          -0.123089
          -0.142353
          -0.185242
          -0.167810
          -0.226828
          -0.252604
          -0.209962
          -0.393901
          -0.363541
          -0.414396
          -0.439838
          -0.468659
          -0.498821
          -0.529909
          -0.561800
          -0.594448
          -0.627887
          -0.662171
          -0.697352
          -0.733489
          -0.770669
          -0.809017
          -0.062000
          -0.041991
          -0.047902
          -0.036968
          -0.025899
          -0.013504
          0.000194
          0.015256
          0.031646
          0.049297
          0.068176
          0.088299
          0.109687
          0.132373
          0.156417
          -0.324551
          -0.355562
          -0.107420
          -0.089288
          -0.284220
          -0.314833
          -0.136578
          -0.153424
          -0.198484
          -0.183130
          -0.241965
          -0.272722
          -0.228463
          -0.389035
          -0.419760
          -0.448399
          -0.478046
          -0.508687
          -0.540156
          -0.572412
          -0.605490
          -0.639449
          -0.674338
          -0.710217
          -0.747168
          -0.785317
          -0.070534
          -0.063409
          -0.053001
          -0.041745
          -0.029226
          -0.015343
          -0.000131
          0.016347
          0.034048
          0.052985
          0.073186
          0.094682
          0.117521
          -0.374592
          -0.348032
          -0.097338
          -0.119122
          -0.146671
          -0.332026
          -0.305478
          -0.167605
          -0.288426
          -0.194894
          -0.214640
          -0.261345
          -0.242182
          -0.399477
          -0.427382
          -0.456524
          -0.486671
          -0.517674
          -0.549493
          -0.582166
          -0.615750
          -0.650294
          -0.685857
          -0.722521
          -0.760406
          -0.088576
          -0.079966
          -0.069915
          -0.058591
          -0.045918
          -0.031914
          -0.016639
          -0.000134
          0.017596
          0.036579
          0.056849
          0.078448
          -0.377870
          -0.356176
          -0.114860
          -0.139734
          -0.165827
          -0.333424
          -0.311407
          -0.190220
          -0.287725
          -0.215381
          -0.239622
          -0.264002
          -0.405692
          -0.434273
          -0.463894
          -0.494388
          -0.525725
          -0.557946
          -0.591105
          -0.625252
          -0.660443
          -0.696761
          -0.734323
          -0.106812
          -0.097971
          -0.087854
          -0.076407
          -0.063638
          -0.049601
          -0.034325
          -0.017822
          -0.000081
          0.018930
          0.039256
          -0.383211
          -0.360193
          -0.133520
          -0.160141
          -0.186347
          -0.336747
          -0.312827
          -0.212413
          -0.288297
          -0.238091
          -0.263355
          -0.411331
          -0.440396
          -0.470340
          -0.501149
          -0.532867
          -0.565551
          -0.599248
          -0.634011
          -0.669924
          -0.707107
          -0.125873
          -0.116982
          -0.106758
          -0.095239
          -0.082467
          -0.068460
          -0.053218
          -0.036745
          -0.019018
          0.000000
          -0.387744
          -0.363590
          -0.153602
          -0.181101
          -0.208321
          -0.338915
          -0.313706
          -0.235259
          -0.287995
          -0.261838
          -0.416223
          -0.445576
          -0.475807
          -0.506973
          -0.539131
          -0.572323
          -0.606603
          -0.642055
          -0.678801
          -0.145930
          -0.136938
          -0.126671
          -0.115177
          -0.102466
          -0.088526
          -0.073353
          -0.056938
          -0.039256
          -0.391419
          -0.366028
          -0.174656
          -0.203127
          -0.231306
          -0.340077
          -0.313589
          -0.259148
          -0.286595
          -0.420134
          -0.449740
          -0.480302
          -0.511880
          -0.544516
          -0.578261
          -0.613199
          -0.649448
          -0.166918
          -0.157905
          -0.147693
          -0.136290
          -0.123678
          -0.109841
          -0.094770
          -0.078448
          -0.394048
          -0.367353
          -0.196657
          -0.226110
          -0.255233
          -0.340082
          -0.312272
          -0.283971
          -0.422979
          -0.452888
          -0.483836
          -0.515865
          -0.549025
          -0.583396
          -0.619094
          -0.188912
          -0.179987
          -0.169897
          -0.158623
          -0.146148
          -0.132452
          -0.117521
          -0.395560
          -0.367522
          -0.219655
          -0.250083
          -0.280138
          -0.338908
          -0.309763
          -0.424768
          -0.455041
          -0.486415
          -0.518939
          -0.552692
          -0.587785
          -0.212025
          -0.203253
          -0.193325
          -0.182223
          -0.169928
          -0.156417
          -0.395986
          -0.366586
          -0.243764
          -0.275148
          -0.306116
          -0.336613
          -0.425538
          -0.456211
          -0.488050
          -0.521134
          -0.555570
          -0.236318
          -0.227743
          -0.218022
          -0.207140
          -0.195076
          -0.395370
          -0.364585
          -0.269043
          -0.301368
          -0.333233
          -0.425295
          -0.456405
          -0.488771
          -0.522498
          -0.261828
          -0.253496
          -0.244037
          -0.233438
          -0.393716
          -0.361526
          -0.295525
          -0.328778
          -0.424050
          -0.455652
          -0.488621
          -0.288591
          -0.280564
          -0.271439
          -0.391037
          -0.357419
          -0.323251
          -0.421828
          -0.453990
          -0.316663
          -0.309017
          -0.387352
          -0.352277
          -0.418659
          -0.346116
          -0.382683
        </DataArray>
      </PointData>
      <CellData>
        <DataArray type="Int32" Name="element_id" format="ascii">
          0
          1
          2
          3
          4
          5
          6
          7
          8
          9
          10
          11
          12
          13
          14
          15
          16
          17
          18
          19
          20
          21
          22
          23
          24
          25
          26
          27
          28
          29
          30
          31
          32
          33
          34
          35
          36
          37
          38
          39
          40
          41
          42
          43
          44
          45
          46
          47
          48
          49
          50
          51
          52
          53
          54
          55
          56
          57
          58
          59
          60
          61
          62
          63
          64
          65
          66
          67
          68
          69
          70
          71
          72
          73
          74
          75
          76
          77
          78
          79
          80
          81
          82
          83
          84
          85
          86
          87
          88
          89
          90
          91
          92
          93
          94
          95
          96
          97
          98
          99
          100
          101
          102
          103
          104
          105
          106
          107
          108
          109
          110
          111
          112
          113
          114
          115
          116
          117
          118
          119
          120
          121
          122
          123
          124
          125
          126
          127
          128
          129
          130
          131
          132
          133
          134
          135
          136
          137
          138
          139
          140
          141
          142
          143
          144
          145
          146
          147
          148
          149
          150
          151
          152
          153
          154
          155
          156
          157
          158
          159
          160
          161
          162
          163
          164
          165
          166
          167
          168
          169
          170
          171
          172
          173
          174
          175
          176
          177
          178
          179
          180
          181
          182
          183
          184
          185
          186
          187
          188
          189
          190
          191
          192
          193
          194
          195
          196
          197
          198
          199
          200
          201
          202
          203
          204
          205
          206
          207
          208
          209
          210
          211
          212
          213
          214
          215
          216
          217
          218
          219
          220
          221
          222
          223
          224
          225
          226
          227
          228
          229
          230
          231
          232
          233
          234
          235
          236
          237
          238
          239
          240
          241
          242
          243
          244
          245
          246
          247
          248
          249
          250
          251
          252
          253
          254
          255
          256
          257
          258
          259
          260
          261
          262
          263
          264
          265
          266
          267
          268
          269
          270
          271
          272
          273
          274
          275
          276
          277
          278
          279
          280
          281
          282
          283
          284
          285
          286
          287
          288
          289
          290
          291
          292
          293
          294
          295
          296
          297
          298
          299
          300
          301
          302
          303
          304
          305
          306
          307
          308
          309
          310
          311
          312
          313
          314
          315
          316
          317
          318
          319
          320
          321
          322
          323
          324
          325
          326
          327
          328
          329
          330
          331
          332
          333
          334
          335
          336
          337
          338
          339
          340
          341
          342
          343
          344
          345
          346
          347
          348
          349
          350
          351
          352
          353
          354
          355
          356
          357
          358
          359
          360
          361
          362
          363
          364
          365
          366
          367
          368
          369
          370
          371
          372
          373
          374
          375
          376
          377
          378
          379
          380
          381
          382
          383
          384
          385
          386
          387
          388
          389
          390
          391
          392
          393
          394
          395
          396
          397
          398
          399
          400
          401
          402
          403
          404
          405
          406
          407
          408
          409
          410
          411
          412
          413
          414
          415
          416
          417
          418
          419
          420
          421
          422
          423
          424
          425
          426
          427
          428
          429
          430
          431
          432
          433
          434
          435
          436
          437
          438
          439
          440
          441
          442
          443
          444
          445
          446
          447
          448
          449
          450
          451
          452
          453
          454
          455
          456
          457
          458
          459
          460
          461
          462
          463
          464
          465
          466
          467
          468
          469
          470
          471
          472
          473
          474
          475
          476
          477
          478
          479
          480
          481
          482
          483
          484
          485
          486
          487
          488
          489
          490
          491
          492
          493
          494
          495
          496
          497
          498
          499
          500
          501
          502
          503
          504
          505
          506
          507
          508
          509
          510
          511
          512
          513
          514
          515
          516
          517
          518
          519
          520
          521
          522
          523
          524
          525
          526
          527
          528
          529
          530
          531
          532
          533
          534
          535
          536
          537
          538
          539
          540
          541
          542
          543
          544
          545
          546
          547
          548
          549
          550
          551
          552
          553
          554
          555
          556
          557
          558
          559
          560
          561
          562
          563
          564
          565
          566
          567
          568
          569
          570
          571
          572
          573
          574
          575
          576
          577
          578
          579
          580
          581
          582
          583
          584
          585
          586
          587
          588
          589
          590
          591
          592
          593
          594
          595
          596
          597
          598
          599
          600
          601
          602
          603
          604
          605
          606
          607
          608
          609
          610
          611
          612
          613
          614
          615
          616
          617
          618
          619
          620
          621
          622
          623
          624
          625
          626
          627
          628
          629
          630
          631
          632
          633
          634
          635
          636
          637
          638
          639
          640
          641
          642
          643
          644
          645
          646
          647
          648
          649
          650
          651
          652
          653
          654
          655
          656
          657
          658
          659
          660
          661
          662
          663
          664
          665
          666
          667
          668
          669
          670
          671
          672
          673
          674
          675
          676
          677
          678
          679
          680
          681
          682
          683
          684
          685
          686
          687
          688
          689
          690
          691
          692
          693
          694
          695
          696
          697
          698
          699
          700
          701
          702
          703
          704
          705
          706
          707
          708
          709
          710
          711
          712
          713
          714
          715
          716
          717
          718
          719
          720
          721
          722
          723
          724
          725
          726
          727
          728
          729
          730
          731
          732
          733
          734
          735
          736
          737
          738
          739
          740
          741
          742
          743
          744
          745
          746
          747
          748
          749
          750
          751
          752
          753
          754
          755
          756
          757
          758
          759
          760
          761
          762
          763
          764
          765
          766
          767
          768
          769
          770
          771
          772
          773
          774
          775
          776
          777
          778
          779
          780
          781
          782
          783
          784
          785
          786
          787
          788
          789
          790
          791
          792
          793
          794
          795
          796
          797
          798
          799
          800
          801
          802
          803
          804
          805
          806
          807
          808
          809
          810
          811
          812
          813
          814
          815
          816
          817
          818
          819
          820
          821
          822
          823
          824
          825
          826
          827
          828
          829
          830
          831
          832
          833
          834
          835
          836
          837
          838
          839
          840
          841
          842
          843
          844
          845
          846
          847
          848
          849
          850
          851
          852
          853
          854
          855
          856
          857
          858
          859
          860
          861
          862
          863
          864
          865
          866
          867
          868
          869
          870
          871
          872
          873
          874
          875
          876
          877
          878
          879
          880
          881
          882
          883
          884
          885
          886
          887
          888
          889
          890
          891
          892
          893
          894
          895
          896
          897
          898
          899
          900
          901
          902
          903
          904
          905
          906
          907
          908
          909
          910
          911
          912
          913
          914
          915
          916
          917
          918
          919
          920
          921
          922
          923
          924
          925
          926
          927
          928
          929
          930
          931
          932
          933
          934
          935
          936
          937
          938
          939
          940
          941
          942
          943
          944
          945
          946
          947
          948
          949
          950
          951
          952
          953
          954
          955
          956
          957
          958
          959
          960
          961
          962
          963
          964
          965
          966
          967
          968
          969
          970
          971
          972
          973
          974
          975
          976
          977
          978
          979
          980
          981
          982
          983
          984
          985
          986
          987
          988
          989
          990
          991
          992
          993
          994
          995
          996
          997
          998
          999
          1000
          1001
          1002
          1003
          1004
          1005
          1006
          1007
          1008
          1009
          1010
          1011
          1012
          1013
          1014
          1015
          1016
          1017
          1018
          1019
          1020
          1021
          1022
          1023
          1024
          1025
          1026
          1027
          1028
          1029
          1030
          1031
          1032
          1033
          1034
          1035
          1036
          1037
          1038
          1039
          1040
          1041
          1042
          1043
          1044
          1045
          1046
          1047
          1048
          1049
          1050
          1051
          1052
          1053
          1054
          1055
          1056
          1057
          1058
          1059
          1060
          1061
          1062
          1063
          1064
          1065
          1066
          1067
          1068
          1069
          1070
          1071
          1072
          1073
          1074
          1075
          1076
          1077
          1078
          1079
          1080
          1081
          1082
          1083
          1084
          1085
          1086
          1087
          1088
          1089
          1090
          1091
          1092
          1093
          1094
          1095
          1096
          1097
          1098
          1099
          1100
          1101
          1102
          1103
          1104
          1105
          1106
          1107
          1108
          1109
          1110
          1111
          1112
          1113
          1114
          1115
          1116
          1117
          1118
          1119
          1120
          1121
          1122
          1123
          1124
          1125
          1126
          1127
          1128
          1129
          1130
          1131
          1132
          1133
          1134
          1135
          1136
          1137
          1138
          1139
          1140
          1141
          1142
          1143
          1144
          1145
          1146
          1147
          1148
          1149
          1150
          1151
          1152
          1153
          1154
          1155
          1156
          1157
          1158
          1159
          1160
          1161
          1162
          1163
          1164
          1165
          1166
          1167
          1168
          1169
          1170
          1171
          1172
          1173
          1174
          1175
          1176
          1177
          1178
          1179
          1180
          1181
          1182
          1183
          1184
          1185
          1186
          1187
          1188
          1189
          1190
          1191
          1192
          1193
          1194
          1195
          1196
          1197
          1198
          1199
          1200
          1201
          1202
          1203
          1204
          1205
          1206
          1207
          1208
          1209
          1210
          1211
          1212
          1213
          1214
          1215
          1216
          1217
          1218
          1219
          1220
          1221
          1222
          1223
          1224
          1225
          1226
          1227
          1228
          1229
          1230
          1231
          1232
          1233
          1234
          1235
          1236
          1237
          1238
          1239
          1240
          1241
          1242
          1243
          1244
          1245
          1246
          1247
          1248
          1249
          1250
          1251
          1252
          1253
          1254
          1255
          1256
          1257
          1258
          1259
          1260
          1261
          1262
          1263
          1264
          1265
          1266
          1267
          1268
          1269
          1270
          1271
          1272
          1273
          1274
          1275
          1276
          1277
          1278
          1279
          1280
          1281
          1282
          1283
          1284
          1285
          1286
          1287
          1288
          1289
          1290
          1291
          1292
          1293
          1294
          1295
          1296
          1297
          1298
          1299
          1300
          1301
          1302
          1303
          1304
          1305
          1306
          1307
          1308
          1309
          1310
          1311
          1312
          1313
          1314
          1315
          1316
          1317
          1318
          1319
          1320
          1321
          1322
          1323
          1324
          1325
          1326
          1327
          1328
          1329
          1330
          1331
          1332
          1333
          1334
          1335
          1336
          1337
          1338
          1339
          1340
          1341
          1342
          1343
          1344
          1345
          1346
          1347
          1348
          1349
          1350
          1351
          1352
          1353
          1354
          1355
          1356
          1357
          1358
          1359
          1360
          1361
          1362
          1363
          1364
          1365
          1366
          1367
          1368
          1369
          1370
          1371
          1372
          1373
          1374
          1375
          1376
          1377
          1378
          1379
          1380
          1381
          1382
          1383
          1384
          1385
          1386
          1387
          1388
          1389
          1390
          1391
          1392
          1393
          1394
          1395
          1396
          1397
          1398
          1399
          1400
          1401
          1402
          1403
          1404
          1405
          1406
          1407
          1408
          1409
          1410
          1411
          1412
          1413
          1414
          1415
          1416
          1417
          1418
          1419
          1420
          1421
          1422
          1423
          1424
          1425
          1426
          1427
          1428
          1429
          1430
          1431
          1432
          1433
          1434
          1435
          1436
          1437
          1438
          1439
          1440
          1441
          1442
          1443
          1444
          1445
          1446
          1447
          1448
          1449
          1450
          1451
          1452
          1453
          1454
          1455
          1456
          1457
          1458
          1459
          1460
          1461
          1462
          1463
          1464
          1465
          1466
          1467
          1468
          1469
          1470
          1471
          1472
          1473
          1474
          1475
          1476
          1477
          1478
          1479
          1480
          1481
          1482
          1483
          1484
          1485
          1486
          1487
          1488
          1489
          1490
          1491
          1492
          1493
          1494
          1495
          1496
          1497
          1498
          1499
          1500
          1501
          1502
          1503
          1504
          1505
          1506
          1507
          1508
          1509
          1510
          1511
          1512
          1513
          1514
          1515
          1516
          1517
          1518
          1519
          1520
          1521
          1522
          1523
          1524
          1525
          1526
          1527
          1528
          1529
          1530
          1531
          1532
          1533
          1534
          1535
          1536
          1537
          1538
          1539
          1540
          1541
          1542
          1543
          1544
          1545
          1546
          1547
          1548
          1549
          1550
          1551
          1552
          1553
          1554
          1555
          1556
          1557
          1558
          1559
          1560
          1561
          1562
          1563
          1564
          1565
          1566
          1567
          1568
          1569
          1570
          1571
          1572
          1573
          1574
          1575
          1576
          1577
          1578
          1579
          1580
          1581
          1582
          1583
          1584
          1585
          1586
          1587
          1588
          1589
          1590
          1591
          1592
          1593
          1594
          1595
          1596
          1597
          1598
          1599
          1600
          1601
          1602
          1603
          1604
          1605
          1606
          1607
          1608
          1609
          1610
          1611
          1612
          1613
          1614
          1615
          1616
          1617
          1618
          1619
          1620
          1621
          1622
          1623
          1624
          1625
          1626
          1627
          1628
          1629
          1630
          1631
          1632
          1633
          1634
          1635
          1636
          1637
          1638
          1639
          1640
          1641
          1642
          1643
          1644
          1645
          1646
          1647
          1648
          1649
          1650
          1651
          1652
          1653
          1654
          1655
          1656
          1657
          1658
          1659
          1660
          1661
          1662
          1663
          1664
          1665
          1666
          1667
          1668
          1669
          1670
          1671
          1672
          1673
          1674
          1675
          1676
          1677
          1678
          1679
          1680
          1681
          1682
          1683
          1684
          1685
          1686
          1687
          1688
          1689
          1690
          1691
          1692
          1693
          1694
          1695
          1696
          1697
          1698
          1699
          1700
          1701
          1702
          1703
          1704
          1705
          1706
          1707
          1708
          1709
          1710
          1711
          1712
          1713
          1714
          1715
          1716
          1717
          1718
          1719
          1720
          1721
          1722
          1723
          1724
          1725
          1726
          1727
          1728
          1729
          1730
          1731
          1732
          1733
          1734
          1735
          1736
          1737
          1738
          1739
          1740
          1741
          1742
          1743
          1744
          1745
          1746
          1747
          1748
          1749
          1750
          1751
          1752
          1753
          1754
          1755
          1756
          1757
          1758
          1759
          1760
          1761
          1762
          1763
          1764
          1765
          1766
          1767
          1768
          1769
          1770
          1771
          1772
          1773
          1774
          1775
          1776
          1777
          1778
          1779
          1780
          1781
          1782
          1783
          1784
          1785
          1786
          1787
          1788
          1789
          1790
          1791
          1792
          1793
          1794
          1795
          1796
          1797
          1798
          1799
          1800
          1801
          1802
          1803
          1804
          1805
          1806
          1807
          1808
          1809
          1810
          1811
          1812
          1813
          1814
          1815
          1816
          1817
          1818
          1819
          1820
          1821
          1822
          1823
          1824
          1825
          1826
          1827
          1828
          1829
          1830
          1831
          1832
          1833
          1834
          1835
          1836
          1837
          1838
          1839
          1840
          1841
          1842
          1843
          1844
          1845
          1846
          1847
          1848
          1849
          1850
          1851
          1852
          1853
          1854
          1855
          1856
          1857
          1858
          1859
          1860
          1861
          1862
          1863
          1864
          1865
          1866
          1867
          1868
          1869
          1870
          1871
          1872
          1873
          1874
          1875
          1876
          1877
          1878
          1879
          1880
          1881
          1882
          1883
          1884
          1885
          1886
          1887
          1888
          1889
          1890
          1891
          1892
          1893
          1894
          1895
          1896
          1897
          1898
          1899
          1900
          1901
          1902
          1903
          1904
          1905
          1906
          1907
          1908
          1909
          1910
          1911
          1912
          1913
          1914
          1915
          1916
          1917
          1918
          1919
          1920
          1921
          1922
          1923
          1924
          1925
          1926
          1927
          1928
          1929
          1930
          1931
          1932
          1933
          1934
          1935
          1936
          1937
          1938
          1939
          1940
          1941
          1942
          1943
          1944
          1945
          1946
          1947
          1948
          1949
          1950
          1951
          1952
          1953
          1954
          1955
          1956
          1957
          1958
          1959
          1960
          1961
          1962
          1963
          1964
          1965
          1966
          1967
          1968
          1969
          1970
          1971
          1972
          1973
          1974
          1975
          1976
          1977
          1978
          1979
          1980
          1981
          1982
          1983
          1984
          1985
          1986
          1987
          1988
          1989
          1990
          1991
          1992
          1993
          1994
          1995
          1996
          1997
          1998
          1999
          2000
          2001
          2002
          2003
          2004
          2005
          2006
          2007
          2008
          2009
          2010
          2011
          2012
          2013
          2014
          2015
          2016
          2017
          2018
          2019
          2020
          2021
          2022
          2023
          2024
          2025
          2026
          2027
          2028
          2029
          2030
          2031
          2032
          2033
          2034
          2035
          2036
          2037
          2038
          2039
          2040
          2041
          2042
          2043
          2044
          2045
          2046
          2047
          2048
          2049
          2050
          2051
          2052
          2053
          2054
          2055
          2056
          2057
          2058
          2059
          2060
          2061
          2062
          2063
          2064
          2065
          2066
          2067
          2068
          2069
          2070
          2071
          2072
          2073
          2074
          2075
          2076
          2077
          2078
          2079
          2080
          2081
          2082
          2083
          2084
          2085
          2086
          2087
          2088
          2089
          2090
          2091
          2092
          2093
          2094
          2095
          2096
          2097
          2098
          2099
          2100
          2101
          2102
          2103
          2104
          2105
          2106
          2107
          2108
          2109
          2110
          2111
          2112
          2113
          2114
          2115
          2116
          2117
          2118
          2119
          2120
          2121
          2122
          2123
          2124
          2125
          2126
          2127
          2128
          2129
          2130
          2131
          2132
          2133
          2134
          2135
          2136
          2137
          2138
          2139
          2140
          2141
          2142
          2143
          2144
          2145
          2146
          2147
          2148
          2149
          2150
          2151
          2152
          2153
          2154
          2155
          2156
          2157
          2158
          2159
          2160
          2161
          2162
          2163
          2164
          2165
          2166
          2167
          2168
          2169
          2170
          2171
          2172
          2173
          2174
          2175
          2176
          2177
          2178
          2179
          2180
          2181
          2182
          2183
          2184
          2185
          2186
          2187
          2188
          2189
          2190
          2191
          2192
          2193
          2194
          2195
          2196
          2197
          2198
          2199
          2200
          2201
          2202
          2203
          2204
          2205
          2206
          2207
          2208
          2209
          2210
          2211
          2212
          2213
          2214
          2215
          2216
          2217
          2218
          2219
          2220
          2221
          2222
          2223
          2224
          2225
          2226
          2227
          2228
          2229
          2230
          2231
          2232
          2233
          2234
          2235
          2236
          2237
          2238
          2239
          2240
          2241
          2242
          2243
          2244
          2245
          2246
          2247
          2248
          2249
          2250
          2251
          2252
          2253
          2254
          2255
          2256
          2257
          2258
          2259
          2260
          2261
          2262
          2263
          2264
          2265
          2266
          2267
          2268
          2269
          2270
          2271
          2272
          2273
          2274
          2275
          2276
          2277
          2278
          2279
          2280
          2281
          2282
          2283
          2284
          2285
          2286
          2287
          2288
          2289
          2290
          2291
          2292
          2293
          2294
          2295
          2296
          2297
          2298
          2299
          2300
          2301
          2302
          2303
          2304
          2305
          2306
          2307
          2308
          2309
          2310
          2311
          2312
          2313
          2314
          2315
          2316
          2317
          2318
          2319
          2320
          2321
          2322
          2323
          2324
          2325
          2326
          2327
          2328
          2329
          2330
          2331
          2332
          2333
          2334
          2335
          2336
          2337
          2338
          2339
          2340
          2341
          2342
          2343
          2344
          2345
          2346
          2347
          2348
          2349
          2350
          2351
          2352
          2353
          2354
          2355
          2356
          2357
          2358
          2359
          2360
          2361
          2362
          2363
          2364
          2365
          2366
          2367
          2368
          2369
          2370
          2371
          2372
          2373
          2374
          2375
          2376
          2377
          2378
          2379
          2380
          2381
          2382
          2383
          2384
          2385
          2386
          2387
          2388
          2389
          2390
          2391
          2392
          2393
          2394
          2395
          2396
          2397
          2398
          2399
          2400
          2401
          2402
          2403
          2404
          2405
          2406
          2407
          2408
          2409
          2410
          2411
          2412
          2413
          2414
          2415
          2416
          2417
          2418
          2419
          2420
          2421
          2422
          2423
          2424
          2425
          2426
          2427
          2428
          2429
          2430
          2431
          2432
          2433
          2434
          2435
          2436
          2437
          2438
          2439
          2440
          2441
          2442
          2443
          2444
          2445
          2446
          2447
          2448
          2449
          2450
          2451
          2452
          2453
          2454
          2455
          2456
          2457
          2458
          2459
          2460
          2461
          2462
          2463
          2464
          2465
          2466
          2467
          2468
          2469
          2470
          2471
          2472
          2473
          2474
          2475
          2476
          2477
          2478
          2479
          2480
          2481
          2482
          2483
          2484
          2485
          2486
          2487
          2488
          2489
          2490
          2491
          2492
          2493
          2494
          2495
          2496
          2497
          2498
          2499
          2500
          2501
          2502
          2503
          2504
          2505
          2506
          2507
          2508
          2509
          2510
          2511
          2512
          2513
          2514
          2515
          2516
          2517
          2518
          2519
          2520
          2521
          2522
          2523
          2524
          2525
          2526
          2527
          2528
          2529
          2530
          2531
          2532
          2533
          2534
          2535
          2536
          2537
          2538
          2539
          2540
          2541
          2542
          2543
          2544
          2545
          2546
          2547
          2548
          2549
          2550
          2551
          2552
          2553
          2554
          2555
          2556
          2557
          2558
          2559
          2560
          2561
          2562
          2563
          2564
          2565
          2566
          2567
          2568
          2569
          2570
          2571
          2572
          2573
          2574
          2575
          2576
          2577
          2578
          2579
          2580
          2581
          2582
          2583
          2584
          2585
          2586
          2587
          2588
          2589
          2590
          2591
          2592
          2593
          2594
          2595
          2596
          2597
          2598
          2599
          2600
          2601
          2602
          2603
          2604
          2605
          2606
          2607
          2608
          2609
          2610
          2611
          2612
          2613
          2614
          2615
          2616
          2617
          2618
          2619
          2620
          2621
          2622
          2623
          2624
          2625
          2626
          2627
          2628
          2629
          2630
          2631
          2632
          2633
          2634
          2635
          2636
          2637
          2638
          2639
          2640
          2641
          2642
          2643
          2644
          2645
          2646
          2647
          2648
          2649
          2650
          2651
          2652
          2653
          2654
          2655
          2656
          2657
          2658
          2659
          2660
          2661
          2662
          2663
          2664
          2665
          2666
          2667
          2668
          2669
          2670
          2671
          2672
          2673
          2674
          2675
          2676
          2677
          2678
          2679
          2680
          2681
          2682
          2683
          2684
          2685
          2686
          2687
          2688
          2689
          2690
          2691
          2692
          2693
          2694
          2695
          2696
          2697
          2698
          2699
          2700
          2701
          2702
          2703
          2704
          2705
          2706
          2707
          2708
          2709
          2710
          2711
          2712
          2713
          2714
          2715
          2716
          2717
          2718
          2719
          2720
          2721
          2722
          2723
          2724
          2725
          2726
          2727
          2728
          2729
          2730
          2731
          2732
          2733
          2734
          2735
          2736
          2737
          2738
          2739
          2740
          2741
          2742
          2743
          2744
          2745
          2746
          2747
          2748
          2749
          2750
          2751
          2752
          2753
          2754
          2755
          2756
          2757
          2758
          2759
          2760
          2761
          2762
          2763
          2764
          2765
          2766
          2767
          2768
          2769
          2770
          2771
          2772
          2773
          2774
          2775
          2776
          2777
          2778
          2779
          2780
          2781
          2782
          2783
          2784
          2785
          2786
          2787
          2788
          2789
          2790
          2791
          2792
          2793
          2794
          2795
          2796
          2797
          2798
          2799
          2800
          2801
          2802
          2803
          2804
          2805
          2806
          2807
          2808
          2809
          2810
          2811
          2812
          2813
          2814
          2815
          2816
          2817
          2818
          2819
          2820
          2821
          2822
          2823
          2824
          2825
          2826
          2827
          2828
          2829
          2830
          2831
          2832
          2833
          2834
          2835
          2836
          2837
          2838
          2839
          2840
          2841
          2842
          2843
          2844
          2845
          2846
          2847
          2848
          2849
          2850
          2851
          2852
          2853
          2854
          2855
          2856
          2857
          2858
          2859
          2860
          2861
          2862
          2863
          2864
          2865
          2866
          2867
          2868
          2869
          2870
          2871
          2872
          2873
          2874
          2875
          2876
          2877
          2878
          2879
          2880
          2881
          2882
          2883
          2884
          2885
          2886
          2887
          2888
          2889
          2890
          2891
          2892
          2893
          2894
          2895
          2896
          2897
          2898
          2899
          2900
          2901
          2902
          2903
          2904
          2905
          2906
          2907
          2908
          2909
          2910
          2911
          2912
          2913
          2914
          2915
          2916
          2917
          2918
          2919
          2920
          2921
          2922
          2923
          2924
          2925
          2926
          2927
          2928
          2929
          2930
          2931
          2932
          2933
          2934
          2935
          2936
          2937
          2938
          2939
          2940
          2941
          2942
          2943
          2944
          2945
          2946
          2947
          2948
          2949
          2950
          2951
          2952
          2953
          2954
          2955
          2956
          2957
          2958
          2959
          2960
          2961
          2962
          2963
          2964
          2965
          2966
          2967
          2968
          2969
          2970
          2971
          2972
          2973
          2974
          2975
          2976
          2977
          2978
          2979
          2980
          2981
          2982
          2983
          2984
          2985
          2986
          2987
          2988
          2989
          2990
          2991
          2992
          2993
          2994
          2995
          2996
          2997
          2998
          2999
          3000
          3001
          3002
          3003
          3004
          3005
          3006
          3007
          3008
          3009
          3010
          3011
          3012
          3013
          3014
          3015
          3016
          3017
          3018
          3019
          3020
          3021
          3022
          3023
          3024
          3025
          3026
          3027
          3028
          3029
          3030
          3031
          3032
          3033
          3034
          3035
          3036
          3037
          3038
          3039
          3040
          3041
          3042
          3043
          3044
          3045
          3046
          3047
          3048
          3049
          3050
          3051
          3052
          3053
          3054
          3055
          3056
          3057
          3058
          3059
          3060
          3061
          3062
          3063
          3064
          3065
          3066
          3067
          3068
          3069
          3070
          3071
          3072
          3073
          3074
          3075
          3076
          3077
          3078
          3079
          3080
          3081
          3082
          3083
          3084
          3085
          3086
          3087
          3088
          3089
          3090
          3091
          3092
          3093
          3094
          3095
          3096
          3097
          3098
          3099
          3100
          3101
          3102
          3103
          3104
          3105
          3106
          3107
          3108
          3109
          3110
          3111
          3112
          3113
          3114
          3115
          3116
          3117
          3118
          3119
          3120
          3121
          3122
          3123
          3124
          3125
          3126
          3127
          3128
          3129
          3130
          3131
          3132
          3133
          3134
          3135
          3136
          3137
          3138
          3139
          3140
          3141
          3142
          3143
          3144
          3145
          3146
          3147
          3148
          3149
          3150
          3151
          3152
          3153
          3154
          3155
          3156
          3157
          3158
          3159
          3160
          3161
          3162
          3163
          3164
          3165
          3166
          3167
          3168
          3169
          3170
          3171
          3172
          3173
          3174
          3175
          3176
          3177
          3178
          3179
          3180
          3181
          3182
          3183
          3184
          3185
          3186
          3187
          3188
          3189
          3190
          3191
          3192
          3193
          3194
          3195
          3196
          3197
          3198
          3199
          3200
          3201
          3202
          3203
          3204
          3205
          3206
          3207
          3208
          3209
          3210
          3211
          3212
          3213
          3214
          3215
          3216
          3217
          3218
          3219
          3220
          3221
          3222
          3223
          3224
          3225
          3226
          3227
          3228
          3229
          3230
          3231
          3232
          3233
          3234
          3235
          3236
          3237
          3238
          3239
          3240
          3241
          3242
          3243
          3244
          3245
          3246
          3247
          3248
          3249
          3250
          3251
          3252
          3253
          3254
          3255
          3256
          3257
          3258
          3259
          3260
          3261
          3262
          3263
          3264
          3265
          3266
          3267
          3268
          3269
          3270
          3271
          3272
          3273
          3274
          3275
          3276
          3277
          3278
          3279
          3280
          3281
          3282
          3283
          3284
          3285
          3286
          3287
          3288
          3289
          3290
          3291
          3292
          3293
          3294
          3295
          3296
          3297
          3298
          3299
          3300
          3301
          3302
          3303
          3304
          3305
          3306
          3307
          3308
          3309
          3310
          3311
          3312
          3313
          3314
          3315
          3316
          3317
          3318
          3319
          3320
          3321
          3322
          3323
          3324
          3325
          3326
          3327
          3328
          3329
          3330
          3331
          3332
          3333
          3334
          3335
          3336
          3337
          3338
          3339
          3340
          3341
          3342
          3343
          3344
          3345
          3346
          3347
          3348
          3349
          3350
          3351
          3352
          3353
          3354
          3355
          3356
          3357
          3358
          3359
          3360
          3361
          3362
          3363
          3364
          3365
          3366
          3367
          3368
          3369
          3370
          3371
          3372
          3373
          3374
          3375
          3376
          3377
          3378
          3379
          3380
          3381
          3382
          3383
          3384
          3385
          3386
          3387
          3388
          3389
          3390
          3391
          3392
          3393
          3394
          3395
          3396
          3397
          3398
          3399
          3400
          3401
          3402
          3403
          3404
          3405
          3406
          3407
          3408
          3409
          3410
          3411
          3412
          3413
          3414
          3415
          3416
          3417
          3418
          3419
          3420
          3421
          3422
          3423
          3424
          3425
          3426
          3427
          3428
          3429
          3430
          3431
          3432
          3433
          3434
          3435
          3436
          3437
          3438
          3439
          3440
          3441
          3442
          3443
          3444
          3445
          3446
          3447
          3448
          3449
          3450
          3451
          3452
          3453
          3454
          3455
          3456
          3457
          3458
          3459
          3460
          3461
          3462
          3463
          3464
          3465
          3466
          3467
          3468
          3469
          3470
          3471
          3472
          3473
          3474
          3475
          3476
          3477
          3478
          3479
          3480
          3481
          3482
          3483
          3484
          3485
          3486
          3487
          3488
          3489
          3490
          3491
          3492
          3493
          3494
          3495
          3496
          3497
          3498
          3499
          3500
          3501
          3502
          3503
          3504
          3505
          3506
          3507
          3508
          3509
          3510
          3511
          3512
          3513
          3514
          3515
          3516
          3517
          3518
          3519
          3520
          3521
          3522
          3523
          3524
          3525
          3526
          3527
          3528
          3529
          3530
          3531
          3532
          3533
          3534
          3535
          3536
          3537
          3538
          3539
          3540
          3541
          3542
          3543
          3544
          3545
          3546
          3547
          3548
          3549
          3550
          3551
          3552
          3553
          3554
          3555
          3556
          3557
          3558
          3559
          3560
          3561
          3562
          3563
          3564
          3565
          3566
          3567
          3568
          3569
          3570
          3571
          3572
          3573
          3574
          3575
          3576
          3577
          3578
          3579
          3580
          3581
          3582
          3583
          3584
          3585
          3586
          3587
          3588
          3589
          3590
          3591
          3592
          3593
          3594
          3595
          3596
          3597
          3598
          3599
          3600
          3601
          3602
          3603
          3604
          3605
          3606
          3607
          3608
          3609
          3610
          3611
          3612
          3613
          3614
          3615
          3616
          3617
          3618
          3619
          3620
          3621
          3622
          3623
          3624
          3625
          3626
          3627
          3628
          3629
          3630
          3631
          3632
          3633
          3634
          3635
          3636
          3637
          3638
          3639
          3640
          3641
          3642
          3643
          3644
          3645
          3646
          3647
          3648
          3649
          3650
          3651
          3652
          3653
          3654
          3655
          3656
          3657
          3658
          3659
          3660
          3661
          3662
          3663
          3664
          3665
          3666
          3667
          3668
          3669
          3670
          3671
          3672
          3673
          3674
          3675
          3676
          3677
          3678
          3679
          3680
          3681
          3682
          3683
          3684
          3685
          3686
          3687
          3688
          3689
          3690
          3691
          3692
          3693
          3694
          3695
          3696
          3697
          3698
          3699
          3700
          3701
          3702
          3703
          3704
          3705
          3706
          3707
          3708
          3709
          3710
          3711
          3712
          3713
          3714
          3715
          3716
          3717
          3718
          3719
          3720
          3721
          3722
          3723
          3724
          3725
          3726
          3727
          3728
          3729
          3730
          3731
          3732
          3733
          3734
          3735
          3736
          3737
          3738
          3739
          3740
          3741
          3742
          3743
          3744
          3745
          3746
          3747
          3748
          3749
          3750
          3751
          3752
          3753
          3754
          3755
          3756
          3757
          3758
          3759
          3760
          3761
          3762
          3763
          3764
          3765
          3766
          3767
          3768
          3769
          3770
          3771
          3772
          3773
          3774
          3775
          3776
          3777
          3778
          3779
          3780
          3781
          3782
          3783
          3784
          3785
          3786
          3787
          3788
          3789
          3790
          3791
          3792
          3793
          3794
          3795
          3796
          3797
          3798
          3799
          3800
          3801
          3802
          3803
          3804
          3805
          3806
          3807
          3808
          3809
          3810
          3811
          3812
          3813
          3814
          3815
          3816
          3817
          3818
          3819
          3820
          3821
          3822
          3823
          3824
          3825
          3826
          3827
          3828
          3829
          3830
          3831
          3832
          3833
          3834
          3835
          3836
          3837
          3838
          3839
          3840
          3841
          3842
          3843
          3844
          3845
          3846
          3847
          3848
          3849
          3850
          3851
          3852
          3853
          3854
          3855
          3856
          3857
          3858
          3859
          3860
          3861
          3862
          3863
          3864
          3865
          3866
          3867
          3868
          3869
          3870
          3871
          3872
          3873
          3874
          3875
          3876
          3877
          3878
          3879
          3880
          3881
          3882
          3883
          3884
          3885
          3886
          3887
          3888
          3889
          3890
          3891
          3892
          3893
          3894
          3895
          3896
          3897
          3898
          3899
          3900
          3901
          3902
          3903
          3904
          3905
          3906
          3907
          3908
          3909
          3910
          3911
          3912
          3913
          3914
          3915
          3916
          3917
          3918
          3919
          3920
          3921
          3922
          3923
          3924
          3925
          3926
          3927
          3928
          3929
          3930
          3931
          3932
          3933
          3934
          3935
          3936
          3937
          3938
          3939
          3940
          3941
          3942
          3943
          3944
          3945
          3946
          3947
          3948
          3949
          3950
          3951
          3952
          3953
          3954
          3955
          3956
          3957
          3958
          3959
          3960
          3961
          3962
          3963
          3964
          3965
          3966
          3967
          3968
          3969
          3970
          3971
          3972
          3973
          3974
          3975
          3976
          3977
          3978
          3979
          3980
          3981
          3982
          3983
          3984
          3985
          3986
          3987
          3988
          3989
          3990
          3991
          3992
          3993
          3994
          3995
          3996
          3997
          3998
          3999
          4000
          4001
          4002
          4003
          4004
          4005
          4006
          4007
          4008
          4009
          4010
          4011
          4012
          4013
          4014
          4015
          4016
          4017
          4018
          4019
          4020
          4021
          4022
          4023
          4024
          4025
          4026
          4027
          4028
          4029
          4030
          4031
          4032
          4033
          4034
          4035
          4036
          4037
          4038
          4039
          4040
          4041
          4042
          4043
          4044
          4045
          4046
          4047
          4048
          4049
          4050
          4051
          4052
          4053
          4054
          4055
          4056
          4057
          4058
          4059
          4060
          4061
          4062
          4063
          4064
          4065
          4066
          4067
          4068
          4069
          4070
          4071
          4072
          4073
          4074
          4075
          4076
          4077
          4078
          4079
          4080
          4081
          4082
          4083
          4084
          4085
          4086
          4087
          4088
          4089
          4090
          4091
          4092
          4093
          4094
          4095
          4096
          4097
          4098
          4099
          4100
          4101
          4102
          4103
          4104
          4105
          4106
          4107
          4108
          4109
          4110
          4111
          4112
          4113
          4114
          4115
          4116
          4117
          4118
          4119
          4120
          4121
          4122
          4123
          4124
          4125
          4126
          4127
          4128
          4129
          4130
          4131
          4132
          4133
          4134
          4135
          4136
          4137
          4138
          4139
          4140
          4141
          4142
          4143
          4144
          4145
          4146
          4147
          4148
          4149
          4150
          4151
          4152
          4153
          4154
          4155
          4156
          4157
          4158
          4159
          4160
          4161
          4162
          4163
          4164
          4165
          4166
          4167
          4168
          4169
          4170
          4171
          4172
          4173
          4174
          4175
          4176
          4177
          4178
          4179
          4180
          4181
          4182
          4183
          4184
          4185
          4186
          4187
          4188
          4189
          4190
          4191
          4192
          4193
          4194
          4195
          4196
          4197
          4198
          4199
          4200
          4201
          4202
          4203
          4204
          4205
          4206
          4207
          4208
          4209
          4210
          4211
          4212
          4213
          4214
          4215
          4216
          4217
          4218
          4219
          4220
          4221
          4222
          4223
          4224
          4225
          4226
          4227
          4228
          4229
          4230
          4231
          4232
          4233
          4234
          4235
          4236
          4237
          4238
          4239
          4240
          4241
          4242
          4243
          4244
          4245
          4246
          4247
          4248
          4249
          4250
          4251
          4252
          4253
          4254
          4255
          4256
          4257
          4258
          4259
          4260
          4261
          4262
          4263
          4264
          4265
          4266
          4267
          4268
          4269
          4270
          4271
          4272
          4273
          4274
          4275
          4276
          4277
          4278
          4279
          4280
          4281
          4282
          4283
          4284
          4285
          4286
          4287
          4288
          4289
          4290
          4291
          4292
          4293
          4294
          4295
          4296
          4297
          4298
          4299
          4300
          4301
          4302
          4303
          4304
          4305
          4306
          4307
          4308
          4309
          4310
          4311
          4312
          4313
          4314
          4315
          4316
          4317
          4318
          4319
          4320
          4321
          4322
          4323
          4324
          4325
          4326
          4327
          4328
          4329
          4330
          4331
          4332
          4333
          4334
          4335
          4336
          4337
          4338
          4339
          4340
          4341
          4342
          4343
          4344
          4345
          4346
          4347
          4348
          4349
          4350
          4351
          4352
          4353
          4354
          4355
          4356
          4357
          4358
          4359
          4360
          4361
          4362
          4363
          4364
          4365
          4366
          4367
          4368
          4369
          4370
          4371
          4372
          4373
          4374
          4375
          4376
          4377
          4378
          4379
          4380
          4381
          4382
          4383
          4384
          4385
          4386
          4387
          4388
          4389
          4390
          4391
          4392
          4393
          4394
          4395
          4396
          4397
          4398
          4399
          4400
          4401
          4402
          4403
          4404
          4405
          4406
          4407
          4408
          4409
          4410
          4411
          4412
          4413
          4414
          4415
          4416
          4417
          4418
          4419
          4420
          4421
          4422
          4423
          4424
          4425
          4426
          4427
          4428
          4429
          4430
          4431
          4432
          4433
          4434
          4435
          4436
          4437
          4438
          4439
          4440
          4441
          4442
          4443
          4444
          4445
          4446
          4447
          4448
          4449
          4450
          4451
          4452
          4453
          4454
          4455
          4456
          4457
          4458
          4459
          4460
          4461
          4462
          4463
          4464
          4465
          4466
          4467
          4468
          4469
          4470
          4471
          4472
          4473
          4474
          4475
          4476
          4477
          4478
          4479
          4480
          4481
          4482
          4483
          4484
          4485
          4486
          4487
          4488
          4489
          4490
          4491
          4492
          4493
          4494
          4495
          4496
          4497
          4498
          4499
          4500
          4501
          4502
          4503
          4504
          4505
          4506
          4507
          4508
          4509
          4510
          4511
          4512
          4513
          4514
          4515
          4516
          4517
          4518
          4519
          4520
          4521
          4522
          4523
          4524
          4525
          4526
          4527
          4528
          4529
          4530
          4531
          4532
          4533
          4534
          4535
          4536
          4537
          4538
          4539
          4540
          4541
          4542
          4543
          4544
          4545
          4546
          4547
          4548
          4549
          4550
          4551
          4552
          4553
          4554
          4555
          4556
          4557
          4558
          4559
          4560
          4561
          4562
          4563
          4564
          4565
          4566
          4567
          4568
          4569
          4570
          4571
          4572
          4573
          4574
          4575
          4576
          4577
          4578
          4579
          4580
          4581
          4582
          4583
          4584
          4585
          4586
          4587
          4588
          4589
          4590
          4591
          4592
          4593
          4594
          4595
          4596
          4597
          4598
          4599
          4600
          4601
          4602
          4603
          4604
          4605
          4606
          4607
          4608
          4609
          4610
          4611
          4612
          4613
          4614
          4615
          4616
          4617
          4618
          4619
          4620
          4621
          4622
          4623
          4624
          4625
          4626
          4627
          4628
          4629
          4630
          4631
          4632
          4633
          4634
          4635
          4636
          4637
          4638
          4639
          4640
          4641
          4642
          4643
          4644
          4645
          4646
          4647
          4648
          4649
          4650
          4651
          4652
          4653
          4654
          4655
          4656
          4657
          4658
          4659
          4660
          4661
          4662
          4663
          4664
          4665
          4666
          4667
          4668
          4669
          4670
          4671
          4672
          4673
          4674
          4675
          4676
          4677
          4678
          4679
          4680
          4681
          4682
          4683
          4684
          4685
          4686
          4687
          4688
          4689
          4690
          4691
          4692
          4693
          4694
          4695
          4696
          4697
          4698
          4699
          4700
          4701
          4702
          4703
          4704
          4705
          4706
          4707
          4708
          4709
          4710
          4711
          4712
          4713
          4714
          4715
          4716
          4717
          4718
          4719
          4720
          4721
          4722
          4723
          4724
          4725
          4726
          4727
          4728
          4729
          4730
          4731
          4732
          4733
          4734
          4735
          4736
          4737
          4738
          4739
          4740
          4741
          4742
          4743
          4744
          4745
          4746
          4747
          4748
          4749
          4750
          4751
          4752
          4753
          4754
          4755
          4756
          4757
          4758
          4759
          4760
          4761
          4762
          4763
          4764
          4765
          4766
          4767
          4768
          4769
          4770
          4771
          4772
          4773
          4774
          4775
          4776
          4777
          4778
          4779
          4780
          4781
          4782
          4783
          4784
          4785
          4786
          4787
          4788
          4789
          4790
          4791
          4792
          4793
          4794
          4795
          4796
          4797
          4798
          4799
          4800
          4801
          4802
          4803
          4804
          4805
          4806
          4807
          4808
          4809
          4810
          4811
          4812
          4813
          4814
          4815
          4816
          4817
          4818
          4819
          4820
          4821
          4822
          4823
          4824
          4825
          4826
          4827
          4828
          4829
          4830
          4831
          4832
          4833
          4834
          4835
          4836
          4837
          4838
          4839
          4840
          4841
          4842
          4843
          4844
          4845
          4846
          4847
          4848
          4849
          4850
          4851
          4852
          4853
          4854
          4855
          4856
          4857
          4858
          4859
          4860
          4861
          4862
          4863
          4864
          4865
          4866
          4867
          4868
          4869
          4870
          4871
          4872
          4873
          4874
          4875
          4876
          4877
          4878
          4879
          4880
          4881
          4882
          4883
          4884
          4885
          4886
          4887
          4888
          4889
          4890
          4891
          4892
          4893
          4894
          4895
          4896
          4897
          4898
          4899
          4900
          4901
          4902
          4903
          4904
          4905
          4906
          4907
          4908
          4909
          4910
          4911
          4912
          4913
          4914
          4915
          4916
          4917
          4918
          4919
          4920
          4921
          4922
          4923
          4924
          4925
          4926
          4927
          4928
          4929
          4930
          4931
          4932
          4933
          4934
          4935
          4936
          4937
          4938
          4939
          4940
          4941
          4942
          4943
          4944
          4945
          4946
          4947
          4948
          4949
          4950
          4951
          4952
          4953
          4954
          4955
          4956
          4957
          4958
          4959
          4960
          4961
          4962
          4963
          4964
          4965
          4966
          4967
          4968
          4969
          4970
          4971
          4972
          4973
          4974
          4975
          4976
          4977
          4978
          4979
          4980
          4981
          4982
          4983
          4984
          4985
          4986
          4987
          4988
          4989
          4990
          4991
          4992
          4993
          4994
          4995
          4996
          4997
          4998
          4999
          5000
          5001
          5002
          5003
          5004
          5005
          5006
          5007
          5008
          5009
          5010
          5011
          5012
          5013
          5014
          5015
          5016
          5017
          5018
          5019
          5020
          5021
          5022
          5023
          5024
          5025
          5026
          5027
          5028
          5029
          5030
          5031
          5032
          5033
          5034
          5035
          5036
          5037
          5038
          5039
          5040
          5041
          5042
          5043
          5044
          5045
          5046
          5047
          5048
          5049
          5050
          5051
          5052
          5053
          5054
          5055
          5056
          5057
          5058
          5059
          5060
          5061
          5062
          5063
          5064
          5065
          5066
          5067
          5068
          5069
          5070
          5071
          5072
          5073
          5074
          5075
          5076
          5077
          5078
          5079
          5080
          5081
          5082
          5083
          5084
          5085
          5086
          5087
          5088
          5089
          5090
          5091
          5092
          5093
          5094
          5095
          5096
          5097
          5098
          5099
          5100
          5101
          5102
          5103
          5104
          5105
          5106
          5107
          5108
          5109
          5110
          5111
          5112
          5113
          5114
          5115
          5116
          5117
          5118
          5119
          5120
          5121
          5122
          5123
          5124
          5125
          5126
          5127
          5128
          5129
          5130
          5131
          5132
          5133
          5134
          5135
          5136
          5137
          5138
          5139
          5140
          5141
          5142
          5143
          5144
          5145
          5146
          5147
          5148
          5149
          5150
          5151
          5152
          5153
          5154
          5155
          5156
          5157
          5158
          5159
          5160
          5161
          5162
          5163
          5164
          5165
          5166
          5167
          5168
          5169
          5170
          5171
          5172
          5173
          5174
          5175
          5176
          5177
          5178
          5179
          5180
          5181
          5182
          5183
          5184
          5185
          5186
          5187
          5188
          5189
          5190
          5191
          5192
          5193
          5194
          5195
          5196
          5197
          5198
          5199
          5200
          5201
          5202
          5203
          5204
          5205
          5206
          5207
          5208
          5209
          5210
          5211
          5212
          5213
          5214
          5215
          5216
          5217
          5218
          5219
          5220
          5221
          5222
          5223
          5224
          5225
          5226
          5227
          5228
          5229
          5230
          5231
          5232
          5233
          5234
          5235
          5236
          5237
          5238
          5239
          5240
          5241
          5242
          5243
          5244
          5245
          5246
          5247
          5248
          5249
          5250
          5251
          5252
          5253
          5254
          5255
          5256
          5257
          5258
          5259
          5260
          5261
          5262
          5263
          5264
          5265
          5266
          5267
          5268
          5269
          5270
          5271
          5272
          5273
          5274
          5275
          5276
          5277
          5278
          5279
          5280
          5281
          5282
          5283
          5284
          5285
          5286
          5287
          5288
          5289
          5290
          5291
          5292
          5293
          5294
          5295
          5296
          5297
          5298
          5299
          5300
          5301
          5302
          5303
          5304
          5305
          5306
          5307
          5308
          5309
          5310
          5311
          5312
          5313
          5314
          5315
          5316
          5317
          5318
          5319
          5320
          5321
          5322
          5323
          5324
          5325
          5326
          5327
          5328
          5329
          5330
          5331
          5332
          5333
          5334
          5335
          5336
          5337
          5338
          5339
          5340
          5341
          5342
          5343
          5344
          5345
          5346
          5347
          5348
          5349
          5350
          5351
          5352
          5353
          5354
          5355
          5356
          5357
          5358
          5359
          5360
          5361
          5362
          5363
          5364
          5365
          5366
          5367
          5368
          5369
          5370
          5371
          5372
          5373
          5374
          5375
          5376
          5377
          5378
          5379
          5380
          5381
          5382
          5383
          5384
          5385
          5386
          5387
          5388
          5389
          5390
          5391
          5392
          5393
          5394
          5395
          5396
          5397
          5398
          5399
          5400
          5401
          5402
          5403
          5404
          5405
          5406
          5407
          5408
          5409
          5410
          5411
          5412
          5413
          5414
          5415
          5416
          5417
          5418
          5419
          5420
          5421
          5422
          5423
          5424
          5425
          5426
          5427
          5428
          5429
          5430
          5431
          5432
          5433
          5434
          5435
          5436
          5437
          5438
          5439
          5440
          5441
          5442
          5443
          5444
          5445
          5446
          5447
          5448
          5449
          5450
          5451
          5452
          5453
          5454
          5455
          5456
          5457
          5458
          5459
          5460
          5461
          5462
          5463
          5464
          5465
          5466
          5467
          5468
          5469
          5470
          5471
          5472
          5473
          5474
          5475
          5476
          5477
          5478
          5479
          5480
          5481
          5482
          5483
          5484
          5485
          5486
          5487
          5488
          5489
          5490
          5491
          5492
          5493
          5494
          5495
          5496
          5497
          5498
          5499
          5500
          5501
          5502
          5503
          5504
          5505
          5506
          5507
          5508
          5509
          5510
          5511
          5512
          5513
          5514
          5515
          5516
          5517
          5518
          5519
          5520
          5521
          5522
          5523
          5524
          5525
          5526
          5527
          5528
          5529
          5530
          5531
          5532
          5533
          5534
          5535
          5536
          5537
          5538
          5539
          5540
          5541
          5542
          5543
          5544
          5545
          5546
          5547
          5548
          5549
          5550
          5551
          5552
          5553
          5554
          5555
          5556
          5557
          5558
          5559
          5560
          5561
          5562
          5563
          5564
          5565
          5566
          5567
          5568
          5569
          5570
          5571
          5572
          5573
          5574
          5575
          5576
          5577
          5578
          5579
          5580
          5581
          5582
          5583
          5584
          5585
          5586
          5587
          5588
          5589
          5590
          5591
          5592
          5593
          5594
          5595
          5596
          5597
          5598
          5599
          5600
          5601
          5602
          5603
          5604
          5605
          5606
          5607
          5608
          5609
          5610
          5611
          5612
          5613
          5614
          5615
          5616
          5617
          5618
          5619
          5620
          5621
          5622
          5623
          5624
          5625
          5626
          5627
          5628
          5629
          5630
          5631
          5632
          5633
          5634
          5635
          5636
          5637
          5638
          5639
          5640
          5641
          5642
          5643
          5644
          5645
          5646
          5647
          5648
          5649
          5650
          5651
          5652
          5653
          5654
          5655
          5656
          5657
          5658
          5659
          5660
          5661
          5662
          5663
          5664
          5665
          5666
          5667
          5668
          5669
          5670
          5671
          5672
          5673
          5674
          5675
          5676
          5677
          5678
          5679
          5680
          5681
          5682
          5683
          5684
          5685
          5686
          5687
          5688
          5689
          5690
          5691
          5692
          5693
          5694
          5695
          5696
          5697
          5698
          5699
          5700
          5701
          5702
          5703
          5704
          5705
          5706
          5707
          5708
          5709
          5710
          5711
          5712
          5713
          5714
          5715
          5716
          5717
          5718
          5719
          5720
          5721
          5722
          5723
          5724
          5725
          5726
          5727
          5728
          5729
          5730
          5731
          5732
          5733
          5734
          5735
          5736
          5737
          5738
          5739
          5740
          5741
          5742
          5743
          5744
          5745
          5746
          5747
          5748
          5749
          5750
          5751
          5752
          5753
          5754
          5755
          5756
          5757
          5758
          5759
          5760
          5761
          5762
          5763
          5764
          5765
          5766
          5767
          5768
          5769
          5770
          5771
          5772
          5773
          5774
          5775
          5776
          5777
          5778
          5779
          5780
          5781
          5782
          5783
          5784
          5785
          5786
          5787
          5788
          5789
          5790
          5791
          5792
          5793
          5794
          5795
          5796
          5797
          5798
          5799
          5800
          5801
          5802
          5803
          5804
          5805
          5806
          5807
          5808
          5809
          5810
          5811
          5812
          5813
          5814
          5815
          5816
          5817
          5818
          5819
          5820
          5821
          5822
          5823
          5824
          5825
          5826
          5827
          5828
          5829
          5830
          5831
          5832
          5833
          5834
          5835
          5836
          5837
          5838
          5839
          5840
          5841
          5842
          5843
          5844
          5845
          5846
          5847
          5848
          5849
          5850
          5851
          5852
          5853
          5854
          5855
          5856
          5857
          5858
          5859
          5860
          5861
          5862
          5863
          5864
          5865
          5866
          5867
          5868
          5869
          5870
          5871
          5872
          5873
          5874
          5875
          5876
          5877
          5878
          5879
          5880
          5881
          5882
          5883
          5884
          5885
          5886
          5887
          5888
          5889
          5890
          5891
          5892
          5893
          5894
          5895
          5896
          5897
          5898
          5899
          5900
          5901
          5902
          5903
          5904
          5905
          5906
          5907
          5908
          5909
          5910
          5911
          5912
          5913
          5914
          5915
          5916
          5917
          5918
          5919
          5920
          5921
          5922
          5923
          5924
          5925
          5926
          5927
          5928
          5929
          5930
          5931
          5932
          5933
          5934
          5935
          5936
          5937
          5938
          5939
          5940
          5941
          5942
          5943
          5944
          5945
          5946
          5947
          5948
          5949
          5950
          5951
          5952
          5953
          5954
          5955
          5956
          5957
          5958
          5959
          5960
          5961
          5962
          5963
          5964
          5965
          5966
          5967
          5968
          5969
          5970
          5971
          5972
          5973
          5974
          5975
          5976
          5977
          5978
          5979
          5980
          5981
          5982
          5983
          5984
          5985
          5986
          5987
          5988
          5989
          5990
          5991
          5992
          5993
          5994
          5995
          5996
          5997
          5998
          5999
          6000
          6001
          6002
          6003
          6004
          6005
          6006
          6007
          6008
          6009
          6010
          6011
          6012
          6013
          6014
          6015
          6016
          6017
          6018
          6019
          6020
          6021
          6022
          6023
          6024
          6025
          6026
          6027
          6028
          6029
          6030
          6031
          6032
          6033
          6034
          6035
          6036
          6037
          6038
          6039
          6040
          6041
          6042
          6043
          6044
          6045
          6046
          6047
          6048
          6049
          6050
          6051
          6052
          6053
          6054
          6055
          6056
          6057
          6058
          6059
          6060
          6061
          6062
          6063
          6064
          6065
          6066
          6067
          6068
          6069
          6070
          6071
          6072
          6073
          6074
          6075
          6076
          6077
          6078
          6079
          6080
          6081
          6082
          6083
          6084
          6085
          6086
          6087
          6088
          6089
          6090
          6091
          6092
          6093
          6094
          6095
          6096
          6097
          6098
          6099
          6100
          6101
          6102
          6103
          6104
          6105
          6106
          6107
          6108
          6109
          6110
          6111
          6112
          6113
          6114
          6115
          6116
          6117
          6118
          6119
          6120
          6121
          6122
          6123
          6124
          6125
          6126
          6127
          6128
          6129
          6130
          6131
          6132
          6133
          6134
          6135
          6136
          6137
          6138
          6139
          6140
          6141
          6142
          6143
          6144
          6145
          6146
          6147
          6148
          6149
          6150
          6151
          6152
          6153
          6154
          6155
          6156
          6157
          6158
          6159
          6160
          6161
          6162
          6163
          6164
          6165
          6166
          6167
          6168
          6169
          6170
          6171
          6172
          6173
          6174
          6175
          6176
          6177
          6178
          6179
          6180
          6181
          6182
          6183
          6184
          6185
          6186
          6187
          6188
          6189
          6190
          6191
          6192
          6193
          6194
          6195
          6196
          6197
          6198
          6199
          6200
          6201
          6202
          6203
          6204
          6205
          6206
          6207
          6208
          6209
          6210
          6211
          6212
          6213
          6214
          6215
          6216
          6217
          6218
          6219
          6220
          6221
          6222
          6223
          6224
          6225
          6226
          6227
          6228
          6229
          6230
          6231
          6232
          6233
          6234
          6235
          6236
          6237
          6238
          6239
          6240
          6241
          6242
          6243
          6244
          6245
          6246
          6247
          6248
          6249
          6250
          6251
          6252
          6253
          6254
          6255
          6256
          6257
          6258
          6259
          6260
          6261
          6262
          6263
          6264
          6265
          6266
          6267
          6268
          6269
          6270
          6271
          6272
          6273
          6274
          6275
          6276
          6277
          6278
          6279
          6280
          6281
          6282
          6283
          6284
          6285
          6286
          6287
          6288
          6289
          6290
          6291
          6292
          6293
          6294
          6295
          6296
          6297
          6298
          6299
          6300
          6301
          6302
          6303
          6304
          6305
          6306
          6307
          6308
          6309
          6310
          6311
          6312
          6313
          6314
          6315
          6316
          6317
          6318
          6319
          6320
          6321
          6322
          6323
          6324
          6325
          6326
          6327
          6328
          6329
          6330
          6331
          6332
          6333
          6334
          6335
          6336
          6337
          6338
          6339
          6340
          6341
          6342
          6343
          6344
          6345
          6346
          6347
          6348
          6349
          6350
          6351
          6352
          6353
          6354
          6355
          6356
          6357
          6358
          6359
          6360
          6361
          6362
          6363
          6364
          6365
          6366
          6367
          6368
          6369
          6370
          6371
          6372
          6373
          6374
          6375
          6376
          6377
          6378
          6379
          6380
          6381
          6382
          6383
          6384
          6385
          6386
          6387
          6388
          6389
          6390
          6391
          6392
          6393
          6394
          6395
          6396
          6397
          6398
          6399
          6400
          6401
          6402
          6403
          6404
          6405
          6406
          6407
          6408
          6409
          6410
          6411
          6412
          6413
          6414
          6415
          6416
          6417
          6418
          6419
          6420
          6421
          6422
          6423
          6424
          6425
          6426
          6427
          6428
          6429
          6430
          6431
          6432
          6433
          6434
          6435
          6436
          6437
          6438
          6439
          6440
          6441
          6442
          6443
          6444
          6445
          6446
          6447
          6448
          6449
          6450
          6451
          6452
          6453
          6454
          6455
          6456
          6457
          6458
          6459
          6460
          6461
          6462
          6463
          6464
          6465
          6466
          6467
          6468
          6469
          6470
          6471
          6472
          6473
          6474
          6475
          6476
          6477
          6478
          6479
          6480
          6481
          6482
          6483
          6484
          6485
          6486
          6487
          6488
          6489
          6490
          6491
          6492
          6493
          6494
          6495
          6496
          6497
          6498
          6499
          6500
          6501
          6502
          6503
          6504
          6505
          6506
          6507
          6508
          6509
          6510
          6511
          6512
          6513
          6514
          6515
          6516
          6517
          6518
          6519
          6520
          6521
          6522
          6523
          6524
          6525
          6526
          6527
          6528
          6529
          6530
          6531
          6532
          6533
        </DataArray>
      </CellData>
    </Piece>
  </UnstructuredGrid>
</VTKFile>
