<?xml version="1.0"?>
<VTKFile type="UnstructuredGrid" version="0.1" byte_order="LittleEndian">
  <UnstructuredGrid>
    <Piece NumberOfPoints="499" NumberOfCells="936">
      <Points>
        <DataArray type="Float64" NumberOfComponents="3" format="ascii">
          -0.809017 -0.587785 0.0
          -0.866026 -0.499999 0.0
          -0.743145 -0.669130 0.0
          -0.669130 -0.743145 0.0
          -0.710752 -0.564890 0.0
          -0.913546 -0.406736 0.0
          -0.951057 -0.309017 0.0
          -0.766198 -0.487982 0.0
          -0.813148 -0.405546 0.0
          -0.978150 -0.207900 0.0
          -0.994524 -0.104513 0.0
          -0.647958 -0.635986 0.0
          -0.587785 -0.809017 0.0
          -0.578321 -0.700403 0.0
          -0.622153 -0.537447 0.0
          -0.676062 -0.470842 0.0
          -0.851396 -0.318879 0.0
          -0.880066 -0.228498 0.0
          -0.722178 -0.398568 0.0
          -0.760457 -0.321689 0.0
          -1.000000 0.000000 0.0
          -0.994524 0.104513 0.0
          -0.898816 -0.135403 0.0
          -0.907411 -0.040629 0.0
          -0.978150 0.207900 0.0
          -0.951057 0.309017 0.0
          -0.499999 -0.866026 0.0
          -0.564269 -0.600801 0.0
          -0.502134 -0.756802 0.0
          -0.498672 -0.656467 0.0
          -0.420407 -0.804539 0.0
          -0.551388 -0.519602 0.0
          -0.587830 -0.442682 0.0
          -0.647261 -0.393483 0.0
          -0.789957 -0.241544 0.0
          -0.810693 -0.157748 0.0
          -0.669941 -0.311808 0.0
          -0.716100 -0.253505 0.0
          -0.905850 0.054718 0.0
          -0.894721 0.149512 0.0
          -0.821607 -0.072468 0.0
          -0.823323 0.014477 0.0
          -0.913546 0.406736 0.0
          -0.866026 0.499999 0.0
          -0.874085 0.242708 0.0
          -0.843933 0.332764 0.0
          -0.406736 -0.913546 0.0
          -0.487798 -0.553810 0.0
          -0.427638 -0.704214 0.0
          -0.431876 -0.622733 0.0
          -0.334383 -0.843498 0.0
          -0.351554 -0.743107 0.0
          -0.525973 -0.390098 0.0
          -0.497099 -0.456994 0.0
          -0.809017 0.587785 0.0
          -0.743145 0.669130 0.0
          -0.580239 -0.343107 0.0
          -0.594280 -0.272050 0.0
          -0.720975 -0.168645 0.0
          -0.752527 -0.099631 0.0
          -0.638772 -0.216753 0.0
          -0.637056 -0.145852 0.0
          -0.814961 0.100742 0.0
          -0.800678 0.186620 0.0
          -0.736650 -0.015533 0.0
          -0.753349 0.060209 0.0
          -0.804828 0.419347 0.0
          -0.755356 0.500489 0.0
          -0.775940 0.270465 0.0
          -0.744924 0.349642 0.0
          -0.309017 -0.951057 0.0
          -0.435409 -0.489643 0.0
          -0.392238 -0.549304 0.0
          -0.361187 -0.641633 0.0
          -0.245331 -0.873019 0.0
          -0.272416 -0.776560 0.0
          -0.294109 -0.695971 0.0
          -0.510344 -0.333701 0.0
          -0.462120 -0.372986 0.0
          -0.429175 -0.430136 0.0
          -0.700982 0.578173 0.0
          -0.669130 0.743145 0.0
          -0.636621 0.648202 0.0
          -0.528050 -0.269712 0.0
          -0.564466 -0.220679 0.0
          -0.669064 -0.078561 0.0
          -0.654369 -0.011221 0.0
          -0.571552 -0.157384 0.0
          -0.599964 -0.098893 0.0
          -0.721753 0.139981 0.0
          -0.723014 0.216999 0.0
          -0.670057 0.061378 0.0
          -0.639810 0.127900 0.0
          -0.703912 0.427404 0.0
          -0.656465 0.498216 0.0
          -0.676029 0.286895 0.0
          -0.662342 0.363326 0.0
          -0.587785 0.809017 0.0
          -0.207900 -0.978150 0.0
          -0.374808 -0.460433 0.0
          -0.330457 -0.508320 0.0
          -0.324207 -0.568698 0.0
          -0.268529 -0.616674 0.0
          -0.151551 -0.895247 0.0
          -0.191506 -0.801013 0.0
          -0.216858 -0.701882 0.0
          -0.442032 -0.282714 0.0
          -0.378007 -0.371845 0.0
          -0.601594 0.568128 0.0
          -0.565205 0.710356 0.0
          -0.540138 0.623615 0.0
          -0.485970 0.763446 0.0
          -0.489677 -0.187495 0.0
          -0.592242 -0.035388 0.0
          -0.604795 0.028780 0.0
          -0.514050 -0.083140 0.0
          -0.640669 0.201037 0.0
          -0.598795 0.257834 0.0
          -0.585636 0.090908 0.0
          -0.583900 0.154776 0.0
          -0.602752 0.421440 0.0
          -0.573982 0.493794 0.0
          -0.584091 0.331249 0.0
          -0.531451 0.376802 0.0
          -0.499999 0.866026 0.0
          -0.057113 -0.906269 0.0
          -0.104513 -0.994524 0.0
          -0.292139 -0.436103 0.0
          -0.268893 -0.527062 0.0
          -0.216568 -0.565612 0.0
          -0.196946 -0.621543 0.0
          -0.104055 -0.817585 0.0
          -0.138378 -0.747643 0.0
          -0.020353 -0.822885 0.0
          -0.134016 -0.659343 0.0
          -0.390589 -0.187337 0.0
          -0.342678 -0.251792 0.0
          -0.283982 -0.322581 0.0
          -0.502280 0.537400 0.0
          -0.468067 0.676908 0.0
          -0.462244 0.601896 0.0
          -0.404203 0.811917 0.0
          -0.395897 0.721012 0.0
          -0.413174 -0.092856 0.0
          -0.519511 0.024607 0.0
          -0.430910 -0.015375 0.0
          -0.552881 0.208944 0.0
          -0.536242 0.272782 0.0
          -0.505636 0.136173 0.0
          -0.503203 0.444198 0.0
          -0.436323 0.478319 0.0
          -0.496078 0.320504 0.0
          -0.465935 0.378344 0.0
          -0.317959 0.849204 0.0
          -0.406736 0.913546 0.0
          0.037769 -0.907307 0.0
          0.000000 -1.000000 0.0
          0.067032 -0.821409 0.0
          -0.213839 -0.367859 0.0
          -0.194298 -0.491113 0.0
          -0.154174 -0.571666 0.0
          -0.065700 -0.732136 0.0
          0.015126 -0.755558 0.0
          -0.062462 -0.646567 0.0
          -0.094760 -0.593880 0.0
          -0.340940 -0.108379 0.0
          -0.295723 -0.168237 0.0
          -0.267996 -0.236752 0.0
          -0.209232 -0.271136 0.0
          -0.401380 0.539461 0.0
          -0.375431 0.632745 0.0
          -0.330088 0.561133 0.0
          -0.318654 0.758268 0.0
          -0.323059 0.682786 0.0
          -0.240697 0.785274 0.0
          -0.340101 -0.034104 0.0
          -0.415438 0.081411 0.0
          -0.352927 0.039736 0.0
          -0.461511 0.238540 0.0
          -0.398292 0.161888 0.0
          -0.418089 0.416665 0.0
          -0.379898 0.467591 0.0
          -0.399361 0.327233 0.0
          -0.228445 0.875162 0.0
          -0.309017 0.951057 0.0
          0.132529 -0.898691 0.0
          0.104513 -0.994524 0.0
          0.151660 -0.810768 0.0
          0.085462 -0.733242 0.0
          -0.154399 -0.316748 0.0
          -0.132047 -0.402999 0.0
          -0.093827 -0.510314 0.0
          0.009188 -0.668119 0.0
          -0.029323 -0.581511 0.0
          -0.255205 -0.073494 0.0
          -0.208777 -0.171064 0.0
          -0.132064 -0.227424 0.0
          -0.323398 0.497141 0.0
          -0.280016 0.610237 0.0
          -0.274298 0.537761 0.0
          -0.240325 0.692696 0.0
          -0.207751 0.616996 0.0
          -0.153237 0.803200 0.0
          -0.178503 0.734196 0.0
          -0.267181 0.034456 0.0
          -0.326741 0.105238 0.0
          -0.342090 0.242258 0.0
          -0.303711 0.177945 0.0
          -0.324937 0.403613 0.0
          -0.291345 0.308356 0.0
          -0.070183 0.815145 0.0
          -0.135276 0.891334 0.0
          -0.207900 0.978150 0.0
          0.226204 -0.879899 0.0
          0.207900 -0.978150 0.0
          0.077757 -0.646294 0.0
          0.238446 -0.789637 0.0
          0.173521 -0.737862 0.0
          0.150419 -0.659693 0.0
          -0.084044 -0.315499 0.0
          -0.071438 -0.187278 0.0
          -0.061655 -0.241425 0.0
          -0.051876 -0.416458 0.0
          -0.005506 -0.506944 0.0
          0.037958 -0.585007 0.0
          -0.169893 -0.080001 0.0
          -0.179361 -0.003420 0.0
          -0.184011 0.069214 0.0
          -0.113763 -0.130498 0.0
          -0.236914 0.467762 0.0
          -0.212877 0.553390 0.0
          -0.148403 0.655190 0.0
          -0.156285 0.581521 0.0
          -0.088044 0.725831 0.0
          -0.074701 0.648790 0.0
          -0.018110 0.751442 0.0
          -0.232067 0.137253 0.0
          -0.250804 0.228577 0.0
          -0.220838 0.362542 0.0
          -0.210112 0.285914 0.0
          -0.144559 0.402760 0.0
          0.015813 0.819121 0.0
          -0.040051 0.903360 0.0
          -0.104513 0.994524 0.0
          0.320023 -0.762249 0.0
          0.317640 -0.851071 0.0
          0.309017 -0.951057 0.0
          0.104989 -0.590788 0.0
          0.241619 -0.695969 0.0
          0.210602 -0.620475 0.0
          0.165704 -0.588609 0.0
          0.327156 -0.679883 0.0
          -0.007644 -0.350045 0.0
          -0.045150 -0.146193 0.0
          -0.009436 -0.278787 0.0
          -0.011340 -0.198323 0.0
          0.032711 -0.421058 0.0
          0.070263 -0.513336 0.0
          -0.134915 0.126683 0.0
          -0.092466 -0.033586 0.0
          -0.110117 0.048894 0.0
          -0.044740 -0.091600 0.0
          -0.020934 -0.044346 0.0
          -0.136006 0.507835 0.0
          -0.093217 0.586302 0.0
          -0.008619 0.671877 0.0
          -0.035222 0.604751 0.0
          0.066804 0.728580 0.0
          0.061775 0.650354 0.0
          -0.157388 0.218422 0.0
          -0.141357 0.311567 0.0
          -0.076037 0.345465 0.0
          -0.076333 0.176944 0.0
          -0.056202 0.421386 0.0
          0.138897 0.739014 0.0
          0.101516 0.812733 0.0
          0.054904 0.903466 0.0
          0.000000 1.000000 0.0
          0.406787 -0.718104 0.0
          0.406901 -0.812474 0.0
          0.406736 -0.913546 0.0
          0.146291 -0.523436 0.0
          0.282970 -0.604845 0.0
          0.213807 -0.553708 0.0
          0.384386 -0.618249 0.0
          0.333633 -0.549937 0.0
          0.061072 -0.329366 0.0
          0.001772 -0.135434 0.0
          0.047532 -0.238098 0.0
          0.037535 -0.174577 0.0
          0.114992 -0.424988 0.0
          -0.049628 0.109244 0.0
          -0.020391 0.025265 0.0
          0.018010 -0.082271 0.0
          0.025317 -0.026292 0.0
          -0.031142 0.525467 0.0
          0.027155 0.593399 0.0
          0.131131 0.658774 0.0
          0.092403 0.599140 0.0
          -0.056446 0.262090 0.0
          -0.004125 0.343107 0.0
          0.003653 0.179085 0.0
          0.031324 0.426067 0.0
          0.072521 0.348716 0.0
          0.194406 0.621898 0.0
          0.211134 0.699755 0.0
          0.185978 0.794957 0.0
          0.149405 0.892626 0.0
          0.104513 0.994524 0.0
          0.463921 -0.578549 0.0
          0.476936 -0.667102 0.0
          0.491010 -0.763427 0.0
          0.499999 -0.866026 0.0
          0.207993 -0.469188 0.0
          0.269587 -0.515698 0.0
          0.398381 -0.521552 0.0
          0.332750 -0.493735 0.0
          0.140811 -0.333337 0.0
          0.115682 -0.260779 0.0
          0.062615 -0.125143 0.0
          0.091680 -0.186757 0.0
          0.210310 -0.375114 0.0
          0.037936 0.099307 0.0
          0.067159 0.023635 0.0
          0.082100 -0.053844 0.0
          0.082642 0.514798 0.0
          0.149966 0.573569 0.0
          0.214473 0.563890 0.0
          0.056273 0.260151 0.0
          0.078650 0.166077 0.0
          0.124149 0.402978 0.0
          0.139748 0.309031 0.0
          0.267715 0.616952 0.0
          0.288756 0.693632 0.0
          0.266545 0.773116 0.0
          0.241622 0.871924 0.0
          0.207900 0.978150 0.0
          0.471932 -0.508552 0.0
          0.533987 -0.535859 0.0
          0.547690 -0.616523 0.0
          0.567821 -0.707758 0.0
          0.587785 -0.809017 0.0
          0.294301 -0.427405 0.0
          0.435092 -0.450170 0.0
          0.367850 -0.454084 0.0
          0.198623 -0.273740 0.0
          0.154371 -0.203375 0.0
          0.143410 -0.119567 0.0
          0.282748 -0.322988 0.0
          0.271207 -0.245163 0.0
          0.140190 0.099210 0.0
          0.161457 -0.014348 0.0
          0.184640 0.482965 0.0
          0.267191 0.528579 0.0
          0.160012 0.213589 0.0
          0.203868 0.374399 0.0
          0.209772 0.288579 0.0
          0.320996 0.567968 0.0
          0.328271 0.506380 0.0
          0.353476 0.640681 0.0
          0.344908 0.737655 0.0
          0.330893 0.841637 0.0
          0.309017 0.951057 0.0
          0.472629 -0.395397 0.0
          0.519904 -0.455648 0.0
          0.587953 -0.494691 0.0
          0.613059 -0.560207 0.0
          0.640437 -0.644881 0.0
          0.669130 -0.743145 0.0
          0.388204 -0.361214 0.0
          0.227268 -0.176185 0.0
          0.219981 -0.089359 0.0
          0.342456 -0.259261 0.0
          0.304939 -0.193639 0.0
          0.236995 0.149967 0.0
          0.238829 0.057202 0.0
          0.262042 -0.023830 0.0
          0.286261 0.434641 0.0
          0.255884 0.231232 0.0
          0.278148 0.320961 0.0
          0.371264 0.461462 0.0
          0.392538 0.547546 0.0
          0.427656 0.622641 0.0
          0.420811 0.703406 0.0
          0.416568 0.802523 0.0
          0.406736 0.913546 0.0
          0.480970 -0.323529 0.0
          0.531200 -0.384524 0.0
          0.606538 -0.420345 0.0
          0.663720 -0.493205 0.0
          0.704566 -0.576083 0.0
          0.743145 -0.669130 0.0
          0.306612 0.187387 0.0
          0.429589 -0.256885 0.0
          0.305727 -0.112866 0.0
          0.378048 -0.175679 0.0
          0.345514 -0.038433 0.0
          0.320790 0.114982 0.0
          0.333873 0.035228 0.0
          0.370414 0.366713 0.0
          0.337776 0.262587 0.0
          0.426253 0.427876 0.0
          0.432663 0.491049 0.0
          0.484799 0.553060 0.0
          0.495033 0.655513 0.0
          0.499212 0.755939 0.0
          0.499999 0.866026 0.0
          0.516375 -0.259188 0.0
          0.580625 -0.326290 0.0
          0.661113 -0.361759 0.0
          0.701684 -0.426489 0.0
          0.756626 -0.501429 0.0
          0.809017 -0.587785 0.0
          0.381189 0.183901 0.0
          0.482873 -0.168218 0.0
          0.405508 -0.094066 0.0
          0.422653 0.003725 0.0
          0.413409 0.097725 0.0
          0.458781 0.372686 0.0
          0.434416 0.286773 0.0
          0.497579 0.453767 0.0
          0.550471 0.516681 0.0
          0.562089 0.598912 0.0
          0.575631 0.699121 0.0
          0.587785 0.809017 0.0
          0.594301 -0.252755 0.0
          0.560515 -0.202794 0.0
          0.673880 -0.281932 0.0
          0.742998 -0.349635 0.0
          0.803998 -0.419840 0.0
          0.866026 -0.499999 0.0
          0.568722 -0.138288 0.0
          0.484135 0.188631 0.0
          0.524312 -0.051928 0.0
          0.513699 0.073280 0.0
          0.525791 0.389775 0.0
          0.504652 0.332306 0.0
          0.525693 0.270828 0.0
          0.589948 0.440544 0.0
          0.620379 0.534560 0.0
          0.646234 0.634543 0.0
          0.669130 0.743145 0.0
          0.641340 -0.193941 0.0
          0.725039 -0.215335 0.0
          0.775258 -0.273359 0.0
          0.842059 -0.334432 0.0
          0.913546 -0.406736 0.0
          0.642318 -0.124470 0.0
          0.604520 -0.085578 0.0
          0.609601 -0.033628 0.0
          0.561617 0.218855 0.0
          0.570504 0.153425 0.0
          0.586919 0.027349 0.0
          0.594838 0.093339 0.0
          0.579517 0.342705 0.0
          0.593209 0.269903 0.0
          0.645332 0.391335 0.0
          0.673915 0.468064 0.0
          0.708482 0.563046 0.0
          0.743145 0.669130 0.0
          0.724605 -0.142014 0.0
          0.801186 -0.188777 0.0
          0.873700 -0.244218 0.0
          0.951057 -0.309017 0.0
          0.673082 -0.062795 0.0
          0.654389 0.002786 0.0
          0.636421 0.214434 0.0
          0.636650 0.139939 0.0
          0.666943 0.075111 0.0
          0.667142 0.308788 0.0
          0.717357 0.393550 0.0
          0.763357 0.485812 0.0
          0.809017 0.587785 0.0
          0.753091 -0.064708 0.0
          0.814103 -0.105837 0.0
          0.894412 -0.151896 0.0
          0.978150 -0.207900 0.0
          0.711283 0.246743 0.0
          0.735398 0.007892 0.0
          0.714543 0.163387 0.0
          0.748295 0.093885 0.0
          0.756441 0.316778 0.0
          0.810761 0.402943 0.0
          0.866026 0.499999 0.0
          0.820582 -0.020127 0.0
          0.904151 -0.057924 0.0
          0.994524 -0.104513 0.0
          0.784042 0.233610 0.0
          0.819402 0.065806 0.0
          0.806263 0.152031 0.0
          0.848063 0.315033 0.0
          0.913546 0.406736 0.0
          0.904654 0.036375 0.0
          1.000000 0.000000 0.0
          0.876457 0.224160 0.0
          0.896575 0.131797 0.0
          0.951057 0.309017 0.0
          0.994524 0.104513 0.0
          0.978150 0.207900 0.0
        </DataArray>
      </Points>
      <Cells>
        <DataArray type="Int32" Name="connectivity" format="ascii">
          0 2 4
          1 0 7
          4 7 0
          5 1 8
          7 8 1
          2 3 11
          11 4 2
          3 12 13
          13 11 3
          4 11 14
          7 4 15
          14 15 4
          6 5 16
          8 16 5
          9 6 17
          16 17 6
          8 7 18
          15 18 7
          16 8 19
          18 19 8
          10 9 22
          17 22 9
          20 10 23
          22 23 10
          11 13 27
          27 14 11
          12 26 28
          28 13 12
          13 28 29
          29 27 13
          30 28 26
          31 14 27
          15 14 32
          31 32 14
          33 18 15
          33 15 32
          17 16 34
          19 34 16
          22 17 35
          34 35 17
          19 18 36
          33 36 18
          37 34 19
          37 19 36
          21 20 38
          23 38 20
          24 21 39
          38 39 21
          23 22 40
          35 40 22
          38 23 41
          40 41 23
          25 24 44
          39 44 24
          42 25 45
          44 45 25
          26 46 30
          27 29 47
          31 27 47
          28 30 48
          48 29 28
          49 29 48
          49 47 29
          50 30 46
          30 50 51
          51 48 30
          31 53 32
          31 47 53
          52 32 53
          33 56 36
          33 32 56
          52 56 32
          57 36 56
          35 34 58
          37 58 34
          59 40 35
          59 35 58
          37 60 58
          37 36 60
          57 60 36
          61 58 60
          39 38 62
          41 62 38
          44 39 63
          62 63 39
          41 40 64
          59 64 40
          65 62 41
          65 41 64
          43 42 66
          45 66 42
          54 43 67
          66 67 43
          45 44 68
          63 68 44
          66 45 69
          68 69 45
          46 70 50
          71 53 47
          49 72 47
          71 47 72
          48 51 73
          49 48 73
          49 73 72
          74 50 70
          50 74 75
          75 51 50
          76 51 75
          76 73 51
          77 56 52
          52 53 78
          77 52 78
          79 78 53
          71 79 53
          55 54 80
          67 80 54
          81 55 82
          80 82 55
          57 56 83
          77 83 56
          57 84 60
          84 57 83
          59 85 64
          59 58 85
          61 85 58
          86 64 85
          61 60 87
          84 87 60
          88 85 61
          88 61 87
          63 62 89
          65 89 62
          90 68 63
          90 63 89
          65 91 89
          65 64 91
          86 91 64
          92 89 91
          67 66 93
          69 93 66
          80 67 94
          93 94 67
          69 68 95
          90 95 68
          96 93 69
          96 69 95
          70 98 74
          71 72 99
          79 71 99
          100 99 72
          101 72 73
          101 100 72
          76 102 73
          101 73 102
          103 74 98
          74 103 104
          104 75 74
          75 104 105
          76 75 105
          76 105 102
          77 106 83
          77 78 106
          79 107 78
          78 107 106
          79 99 107
          82 80 108
          94 108 80
          97 81 109
          82 109 81
          109 82 110
          108 110 82
          109 111 97
          84 112 87
          83 106 112
          84 83 112
          86 85 113
          88 113 85
          114 91 86
          114 86 113
          88 115 113
          87 112 115
          88 87 115
          90 116 95
          90 89 116
          92 116 89
          117 95 116
          92 91 118
          114 118 91
          92 119 116
          119 92 118
          94 93 120
          96 120 93
          121 108 94
          121 94 120
          96 122 120
          96 95 122
          117 122 95
          123 120 122
          124 97 111
          98 126 103
          125 103 126
          100 127 99
          99 127 107
          101 102 128
          100 101 128
          100 128 127
          129 128 102
          130 102 105
          130 129 102
          103 125 131
          131 104 103
          132 104 131
          132 105 104
          133 131 125
          132 134 105
          130 105 134
          112 106 135
          106 107 136
          136 135 106
          107 127 137
          137 136 107
          110 108 138
          121 138 108
          111 109 139
          110 139 109
          140 139 110
          140 110 138
          111 141 124
          141 111 142
          139 142 111
          115 112 143
          135 143 112
          114 144 118
          113 115 144
          114 113 144
          145 144 115
          143 145 115
          117 116 146
          119 146 116
          117 147 122
          147 117 146
          119 148 146
          118 144 148
          119 118 148
          121 149 138
          121 120 149
          123 149 120
          150 138 149
          123 122 151
          147 151 122
          123 152 149
          152 123 151
          154 124 141
          141 153 154
          125 155 133
          126 156 125
          155 125 156
          157 133 155
          158 137 127
          129 159 128
          128 159 127
          127 159 158
          130 134 160
          129 130 160
          129 160 159
          131 133 161
          132 131 161
          132 161 134
          162 133 157
          162 161 133
          163 134 161
          164 160 134
          163 164 134
          165 143 135
          136 166 135
          165 135 166
          167 136 137
          167 166 136
          137 158 168
          167 137 168
          140 138 169
          150 169 138
          142 139 170
          140 170 139
          140 169 170
          171 170 169
          153 141 172
          142 172 141
          173 172 142
          173 142 170
          172 174 153
          145 143 175
          165 175 143
          148 144 176
          145 176 144
          177 176 145
          175 177 145
          147 178 151
          146 148 178
          147 146 178
          179 178 148
          176 179 148
          150 149 180
          152 180 149
          150 181 169
          181 150 180
          152 182 180
          151 178 182
          152 151 182
          183 153 174
          184 154 153
          153 183 184
          155 185 157
          156 186 155
          185 155 186
          187 157 185
          157 187 188
          162 157 188
          189 168 158
          190 158 159
          158 190 189
          164 191 160
          160 191 159
          159 191 190
          162 192 161
          162 188 192
          163 161 192
          163 192 193
          164 163 193
          164 193 191
          165 194 175
          165 166 194
          166 167 195
          167 168 195
          166 195 194
          168 189 196
          196 195 168
          171 169 197
          181 197 169
          173 170 198
          171 198 170
          171 199 198
          199 171 197
          174 172 200
          173 200 172
          173 198 200
          201 200 198
          174 202 183
          203 202 174
          203 174 200
          177 175 204
          175 194 204
          179 176 205
          177 205 176
          177 204 205
          182 178 206
          179 206 178
          207 206 179
          205 207 179
          181 208 197
          180 182 208
          181 180 208
          208 182 209
          206 209 182
          211 183 202
          202 210 211
          212 184 183
          183 211 212
          185 213 187
          186 214 185
          213 185 214
          215 192 188
          216 187 213
          217 187 216
          217 188 187
          217 218 188
          215 188 218
          189 190 219
          189 219 196
          221 196 219
          221 220 196
          222 190 191
          190 222 219
          223 191 193
          223 222 191
          224 193 192
          215 224 192
          193 224 223
          225 194 195
          226 204 194
          225 226 194
          227 204 226
          196 228 195
          225 195 228
          220 228 196
          197 208 229
          199 197 229
          201 198 230
          199 230 198
          199 229 230
          203 200 231
          201 231 200
          201 232 231
          232 201 230
          210 202 233
          203 233 202
          203 231 233
          234 233 231
          235 210 233
          207 205 236
          205 204 236
          227 236 204
          209 206 237
          207 237 206
          207 236 237
          229 208 238
          209 238 208
          239 238 209
          239 209 237
          238 240 229
          235 241 210
          242 211 210
          210 241 242
          243 212 211
          211 242 243
          213 245 216
          244 216 245
          214 246 213
          245 213 246
          215 218 247
          247 224 215
          216 244 248
          217 216 248
          217 248 218
          249 218 248
          250 247 218
          249 250 218
          251 248 244
          252 219 222
          253 228 220
          254 219 252
          221 219 254
          221 254 255
          220 221 255
          220 255 253
          256 222 223
          252 222 256
          257 223 224
          223 257 256
          224 247 257
          227 258 236
          225 259 226
          225 228 259
          227 260 258
          227 226 260
          260 226 259
          253 261 228
          261 259 228
          262 259 261
          230 229 263
          232 230 263
          263 229 240
          234 231 264
          232 264 231
          232 263 264
          235 233 265
          234 265 233
          234 266 265
          266 234 264
          235 267 241
          235 265 267
          268 267 265
          239 237 269
          237 236 269
          258 269 236
          240 238 270
          239 270 238
          239 269 270
          271 240 270
          272 269 258
          240 273 263
          271 273 240
          275 241 267
          274 275 267
          276 242 241
          241 275 276
          277 243 242
          242 276 277
          251 244 278
          245 279 244
          278 244 279
          246 280 245
          279 245 280
          250 281 247
          281 257 247
          251 282 248
          249 248 282
          249 282 283
          250 249 283
          250 283 281
          251 278 284
          251 284 282
          285 282 284
          252 256 286
          252 286 254
          253 255 287
          253 287 261
          254 286 288
          288 255 254
          289 255 288
          289 287 255
          257 281 290
          290 256 257
          256 290 286
          272 258 291
          260 291 258
          291 260 292
          260 259 292
          262 292 259
          293 261 287
          262 261 293
          294 292 262
          262 293 294
          264 263 295
          266 264 295
          295 263 273
          268 265 296
          266 296 265
          266 295 296
          274 267 297
          268 297 267
          268 298 297
          298 268 296
          271 270 299
          270 269 299
          272 299 269
          271 300 273
          271 299 300
          272 301 299
          272 291 301
          273 302 295
          302 273 300
          303 302 300
          274 297 305
          304 305 297
          274 306 275
          274 305 306
          307 276 275
          275 306 307
          308 277 276
          276 307 308
          278 310 284
          309 284 310
          278 279 311
          278 311 310
          280 312 279
          311 279 312
          281 283 313
          313 290 281
          283 282 314
          285 314 282
          314 313 283
          309 315 284
          285 284 315
          285 315 316
          316 314 285
          317 286 290
          317 318 286
          318 288 286
          289 319 287
          287 319 293
          288 318 320
          289 288 320
          289 320 319
          313 321 290
          317 290 321
          301 291 322
          291 292 322
          323 322 292
          294 323 292
          293 319 324
          294 324 323
          294 293 324
          296 295 325
          298 296 325
          325 295 302
          304 297 326
          298 326 297
          298 325 326
          327 304 326
          303 300 328
          300 299 328
          301 328 299
          301 329 328
          329 301 322
          302 330 325
          303 330 302
          303 331 330
          303 328 331
          304 332 305
          304 327 332
          333 305 332
          334 306 305
          333 334 305
          335 307 306
          306 334 335
          336 308 307
          307 335 336
          337 315 309
          337 309 338
          310 339 309
          338 309 339
          311 340 310
          339 310 340
          312 341 311
          340 311 341
          314 342 313
          316 342 314
          313 342 321
          337 343 315
          316 315 344
          344 315 343
          316 344 342
          317 321 345
          317 345 318
          346 318 345
          346 320 318
          346 347 320
          319 320 347
          319 347 324
          321 342 348
          348 345 321
          349 345 348
          329 322 350
          322 323 350
          324 347 351
          323 351 350
          324 351 323
          326 325 352
          327 326 352
          352 325 330
          327 353 332
          327 352 353
          331 328 354
          329 354 328
          329 350 354
          330 355 352
          355 330 331
          356 355 331
          356 331 354
          357 332 353
          358 357 353
          333 332 359
          357 359 332
          333 360 334
          333 359 360
          361 335 334
          334 360 361
          362 336 335
          335 361 362
          337 338 364
          337 364 343
          363 343 364
          365 364 338
          338 339 366
          365 338 366
          340 367 339
          366 339 367
          341 368 340
          367 340 368
          344 369 342
          344 343 369
          363 369 343
          348 342 369
          349 370 345
          346 345 370
          346 370 347
          371 347 370
          371 351 347
          372 348 369
          349 348 372
          349 372 373
          373 370 349
          374 354 350
          375 374 350
          375 350 351
          371 376 351
          376 375 351
          353 352 377
          358 353 377
          355 377 352
          356 354 378
          378 354 374
          355 379 377
          356 379 355
          356 378 379
          358 377 380
          357 381 359
          358 380 381
          357 358 381
          382 359 381
          383 360 359
          382 383 359
          384 361 360
          360 383 384
          385 362 361
          361 384 385
          363 386 369
          387 363 364
          363 387 386
          365 388 364
          387 364 388
          365 366 389
          365 389 388
          366 367 390
          389 366 390
          368 391 367
          390 367 391
          392 378 374
          372 369 393
          386 393 369
          373 394 370
          371 394 376
          371 370 394
          372 393 395
          373 372 395
          373 395 394
          396 376 394
          392 374 397
          374 375 397
          396 398 376
          398 397 375
          376 398 375
          380 377 399
          399 377 379
          379 400 399
          400 379 378
          392 400 378
          401 380 399
          402 381 380
          401 402 380
          382 381 403
          402 403 381
          382 404 383
          382 403 404
          405 384 383
          383 404 405
          406 385 384
          384 405 406
          386 407 393
          387 388 408
          387 408 386
          407 386 408
          409 408 388
          389 410 388
          409 388 410
          390 411 389
          410 389 411
          391 412 390
          411 390 412
          392 397 413
          392 413 400
          407 414 393
          393 414 395
          395 414 415
          395 415 394
          396 394 415
          396 415 416
          396 416 398
          413 397 417
          416 417 398
          397 398 417
          401 399 418
          418 399 419
          419 399 400
          400 413 419
          402 420 403
          401 418 420
          402 401 420
          421 403 420
          422 404 403
          421 422 403
          423 405 404
          404 422 423
          424 406 405
          405 423 424
          425 407 408
          426 407 425
          426 414 407
          409 427 408
          425 408 427
          409 410 428
          409 428 427
          411 429 410
          428 410 429
          412 430 411
          429 411 430
          426 431 414
          413 417 432
          432 419 413
          431 433 414
          414 433 415
          416 415 433
          416 433 434
          417 434 432
          417 416 434
          435 420 418
          436 435 418
          436 418 419
          436 419 437
          437 419 432
          421 420 438
          435 438 420
          421 439 422
          421 438 439
          440 423 422
          422 439 440
          441 424 423
          423 440 441
          425 427 442
          425 442 426
          426 442 431
          443 442 427
          428 444 427
          443 427 444
          429 445 428
          444 428 445
          430 446 429
          445 429 446
          447 431 442
          448 431 447
          448 433 431
          448 449 433
          450 437 432
          450 432 451
          451 432 434
          452 434 433
          449 452 433
          453 434 452
          453 451 434
          435 454 438
          436 437 454
          435 436 454
          455 454 437
          450 455 437
          456 438 454
          457 439 438
          456 457 438
          458 440 439
          439 457 458
          459 441 440
          440 458 459
          443 460 442
          447 442 460
          443 444 461
          443 461 460
          445 462 444
          461 444 462
          446 463 445
          462 445 463
          447 460 464
          447 464 448
          449 448 464
          465 449 464
          449 465 452
          450 451 466
          455 450 466
          467 466 451
          453 467 451
          465 468 452
          453 452 468
          467 453 468
          456 454 469
          455 469 454
          455 466 469
          456 470 457
          456 469 470
          471 458 457
          457 470 471
          472 459 458
          458 471 472
          473 464 460
          461 474 460
          473 460 474
          462 475 461
          474 461 475
          463 476 462
          475 462 476
          477 469 466
          473 478 464
          465 478 468
          465 464 478
          477 466 479
          467 479 466
          467 468 479
          480 468 478
          480 479 468
          481 470 469
          477 481 469
          482 471 470
          470 481 482
          483 472 471
          471 482 483
          473 474 484
          473 484 478
          475 485 474
          484 474 485
          476 486 475
          485 475 486
          477 487 481
          477 479 487
          484 488 478
          480 478 488
          480 488 489
          489 487 479
          480 489 479
          490 482 481
          481 487 490
          491 483 482
          482 490 491
          485 492 484
          488 484 492
          486 493 485
          492 485 493
          494 490 487
          487 489 494
          492 495 488
          495 494 489
          489 488 495
          496 491 490
          490 494 496
          493 497 492
          495 492 497
          497 498 495
          498 496 494
          494 495 498
        </DataArray>
        <DataArray type="Int32" Name="offsets" format="ascii">
          3
          6
          9
          12
          15
          18
          21
          24
          27
          30
          33
          36
          39
          42
          45
          48
          51
          54
          57
          60
          63
          66
          69
          72
          75
          78
          81
          84
          87
          90
          93
          96
          99
          102
          105
          108
          111
          114
          117
          120
          123
          126
          129
          132
          135
          138
          141
          144
          147
          150
          153
          156
          159
          162
          165
          168
          171
          174
          177
          180
          183
          186
          189
          192
          195
          198
          201
          204
          207
          210
          213
          216
          219
          222
          225
          228
          231
          234
          237
          240
          243
          246
          249
          252
          255
          258
          261
          264
          267
          270
          273
          276
          279
          282
          285
          288
          291
          294
          297
          300
          303
          306
          309
          312
          315
          318
          321
          324
          327
          330
          333
          336
          339
          342
          345
          348
          351
          354
          357
          360
          363
          366
          369
          372
          375
          378
          381
          384
          387
          390
          393
          396
          399
          402
          405
          408
          411
          414
          417
          420
          423
          426
          429
          432
          435
          438
          441
          444
          447
          450
          453
          456
          459
          462
          465
          468
          471
          474
          477
          480
          483
          486
          489
          492
          495
          498
          501
          504
          507
          510
          513
          516
          519
          522
          525
          528
          531
          534
          537
          540
          543
          546
          549
          552
          555
          558
          561
          564
          567
          570
          573
          576
          579
          582
          585
          588
          591
          594
          597
          600
          603
          606
          609
          612
          615
          618
          621
          624
          627
          630
          633
          636
          639
          642
          645
          648
          651
          654
          657
          660
          663
          666
          669
          672
          675
          678
          681
          684
          687
          690
          693
          696
          699
          702
          705
          708
          711
          714
          717
          720
          723
          726
          729
          732
          735
          738
          741
          744
          747
          750
          753
          756
          759
          762
          765
          768
          771
          774
          777
          780
          783
          786
          789
          792
          795
          798
          801
          804
          807
          810
          813
          816
          819
          822
          825
          828
          831
          834
          837
          840
          843
          846
          849
          852
          855
          858
          861
          864
          867
          870
          873
          876
          879
          882
          885
          888
          891
          894
          897
          900
          903
          906
          909
          912
          915
          918
          921
          924
          927
          930
          933
          936
          939
          942
          945
          948
          951
          954
          957
          960
          963
          966
          969
          972
          975
          978
          981
          984
          987
          990
          993
          996
          999
          1002
          1005
          1008
          1011
          1014
          1017
          1020
          1023
          1026
          1029
          1032
          1035
          1038
          1041
          1044
          1047
          1050
          1053
          1056
          1059
          1062
          1065
          1068
          1071
          1074
          1077
          1080
          1083
          1086
          1089
          1092
          1095
          1098
          1101
          1104
          1107
          1110
          1113
          1116
          1119
          1122
          1125
          1128
          1131
          1134
          1137
          1140
          1143
          1146
          1149
          1152
          1155
          1158
          1161
          1164
          1167
          1170
          1173
          1176
          1179
          1182
          1185
          1188
          1191
          1194
          1197
          1200
          1203
          1206
          1209
          1212
          1215
          1218
          1221
          1224
          1227
          1230
          1233
          1236
          1239
          1242
          1245
          1248
          1251
          1254
          1257
          1260
          1263
          1266
          1269
          1272
          1275
          1278
          1281
          1284
          1287
          1290
          1293
          1296
          1299
          1302
          1305
          1308
          1311
          1314
          1317
          1320
          1323
          1326
          1329
          1332
          1335
          1338
          1341
          1344
          1347
          1350
          1353
          1356
          1359
          1362
          1365
          1368
          1371
          1374
          1377
          1380
          1383
          1386
          1389
          1392
          1395
          1398
          1401
          1404
          1407
          1410
          1413
          1416
          1419
          1422
          1425
          1428
          1431
          1434
          1437
          1440
          1443
          1446
          1449
          1452
          1455
          1458
          1461
          1464
          1467
          1470
          1473
          1476
          1479
          1482
          1485
          1488
          1491
          1494
          1497
          1500
          1503
          1506
          1509
          1512
          1515
          1518
          1521
          1524
          1527
          1530
          1533
          1536
          1539
          1542
          1545
          1548
          1551
          1554
          1557
          1560
          1563
          1566
          1569
          1572
          1575
          1578
          1581
          1584
          1587
          1590
          1593
          1596
          1599
          1602
          1605
          1608
          1611
          1614
          1617
          1620
          1623
          1626
          1629
          1632
          1635
          1638
          1641
          1644
          1647
          1650
          1653
          1656
          1659
          1662
          1665
          1668
          1671
          1674
          1677
          1680
          1683
          1686
          1689
          1692
          1695
          1698
          1701
          1704
          1707
          1710
          1713
          1716
          1719
          1722
          1725
          1728
          1731
          1734
          1737
          1740
          1743
          1746
          1749
          1752
          1755
          1758
          1761
          1764
          1767
          1770
          1773
          1776
          1779
          1782
          1785
          1788
          1791
          1794
          1797
          1800
          1803
          1806
          1809
          1812
          1815
          1818
          1821
          1824
          1827
          1830
          1833
          1836
          1839
          1842
          1845
          1848
          1851
          1854
          1857
          1860
          1863
          1866
          1869
          1872
          1875
          1878
          1881
          1884
          1887
          1890
          1893
          1896
          1899
          1902
          1905
          1908
          1911
          1914
          1917
          1920
          1923
          1926
          1929
          1932
          1935
          1938
          1941
          1944
          1947
          1950
          1953
          1956
          1959
          1962
          1965
          1968
          1971
          1974
          1977
          1980
          1983
          1986
          1989
          1992
          1995
          1998
          2001
          2004
          2007
          2010
          2013
          2016
          2019
          2022
          2025
          2028
          2031
          2034
          2037
          2040
          2043
          2046
          2049
          2052
          2055
          2058
          2061
          2064
          2067
          2070
          2073
          2076
          2079
          2082
          2085
          2088
          2091
          2094
          2097
          2100
          2103
          2106
          2109
          2112
          2115
          2118
          2121
          2124
          2127
          2130
          2133
          2136
          2139
          2142
          2145
          2148
          2151
          2154
          2157
          2160
          2163
          2166
          2169
          2172
          2175
          2178
          2181
          2184
          2187
          2190
          2193
          2196
          2199
          2202
          2205
          2208
          2211
          2214
          2217
          2220
          2223
          2226
          2229
          2232
          2235
          2238
          2241
          2244
          2247
          2250
          2253
          2256
          2259
          2262
          2265
          2268
          2271
          2274
          2277
          2280
          2283
          2286
          2289
          2292
          2295
          2298
          2301
          2304
          2307
          2310
          2313
          2316
          2319
          2322
          2325
          2328
          2331
          2334
          2337
          2340
          2343
          2346
          2349
          2352
          2355
          2358
          2361
          2364
          2367
          2370
          2373
          2376
          2379
          2382
          2385
          2388
          2391
          2394
          2397
          2400
          2403
          2406
          2409
          2412
          2415
          2418
          2421
          2424
          2427
          2430
          2433
          2436
          2439
          2442
          2445
          2448
          2451
          2454
          2457
          2460
          2463
          2466
          2469
          2472
          2475
          2478
          2481
          2484
          2487
          2490
          2493
          2496
          2499
          2502
          2505
          2508
          2511
          2514
          2517
          2520
          2523
          2526
          2529
          2532
          2535
          2538
          2541
          2544
          2547
          2550
          2553
          2556
          2559
          2562
          2565
          2568
          2571
          2574
          2577
          2580
          2583
          2586
          2589
          2592
          2595
          2598
          2601
          2604
          2607
          2610
          2613
          2616
          2619
          2622
          2625
          2628
          2631
          2634
          2637
          2640
          2643
          2646
          2649
          2652
          2655
          2658
          2661
          2664
          2667
          2670
          2673
          2676
          2679
          2682
          2685
          2688
          2691
          2694
          2697
          2700
          2703
          2706
          2709
          2712
          2715
          2718
          2721
          2724
          2727
          2730
          2733
          2736
          2739
          2742
          2745
          2748
          2751
          2754
          2757
          2760
          2763
          2766
          2769
          2772
          2775
          2778
          2781
          2784
          2787
          2790
          2793
          2796
          2799
          2802
          2805
          2808
        </DataArray>
        <DataArray type="UInt8" Name="types" format="ascii">
          5
          5
          5
          5
          5
          5
          5
          5
          5
          5
          5
          5
          5
          5
          5
          5
          5
          5
          5
          5
          5
          5
          5
          5
          5
          5
          5
          5
          5
          5
          5
          5
          5
          5
          5
          5
          5
          5
          5
          5
          5
          5
          5
          5
          5
          5
          5
          5
          5
          5
          5
          5
          5
          5
          5
          5
          5
          5
          5
          5
          5
          5
          5
          5
          5
          5
          5
          5
          5
          5
          5
          5
          5
          5
          5
          5
          5
          5
          5
          5
          5
          5
          5
          5
          5
          5
          5
          5
          5
          5
          5
          5
          5
          5
          5
          5
          5
          5
          5
          5
          5
          5
          5
          5
          5
          5
          5
          5
          5
          5
          5
          5
          5
          5
          5
          5
          5
          5
          5
          5
          5
          5
          5
          5
          5
          5
          5
          5
          5
          5
          5
          5
          5
          5
          5
          5
          5
          5
          5
          5
          5
          5
          5
          5
          5
          5
          5
          5
          5
          5
          5
          5
          5
          5
          5
          5
          5
          5
          5
          5
          5
          5
          5
          5
          5
          5
          5
          5
          5
          5
          5
          5
          5
          5
          5
          5
          5
          5
          5
          5
          5
          5
          5
          5
          5
          5
          5
          5
          5
          5
          5
          5
          5
          5
          5
          5
          5
          5
          5
          5
          5
          5
          5
          5
          5
          5
          5
          5
          5
          5
          5
          5
          5
          5
          5
          5
          5
          5
          5
          5
          5
          5
          5
          5
          5
          5
          5
          5
          5
          5
          5
          5
          5
          5
          5
          5
          5
          5
          5
          5
          5
          5
          5
          5
          5
          5
          5
          5
          5
          5
          5
          5
          5
          5
          5
          5
          5
          5
          5
          5
          5
          5
          5
          5
          5
          5
          5
          5
          5
          5
          5
          5
          5
          5
          5
          5
          5
          5
          5
          5
          5
          5
          5
          5
          5
          5
          5
          5
          5
          5
          5
          5
          5
          5
          5
          5
          5
          5
          5
          5
          5
          5
          5
          5
          5
          5
          5
          5
          5
          5
          5
          5
          5
          5
          5
          5
          5
          5
          5
          5
          5
          5
          5
          5
          5
          5
          5
          5
          5
          5
          5
          5
          5
          5
          5
          5
          5
          5
          5
          5
          5
          5
          5
          5
          5
          5
          5
          5
          5
          5
          5
          5
          5
          5
          5
          5
          5
          5
          5
          5
          5
          5
          5
          5
          5
          5
          5
          5
          5
          5
          5
          5
          5
          5
          5
          5
          5
          5
          5
          5
          5
          5
          5
          5
          5
          5
          5
          5
          5
          5
          5
          5
          5
          5
          5
          5
          5
          5
          5
          5
          5
          5
          5
          5
          5
          5
          5
          5
          5
          5
          5
          5
          5
          5
          5
          5
          5
          5
          5
          5
          5
          5
          5
          5
          5
          5
          5
          5
          5
          5
          5
          5
          5
          5
          5
          5
          5
          5
          5
          5
          5
          5
          5
          5
          5
          5
          5
          5
          5
          5
          5
          5
          5
          5
          5
          5
          5
          5
          5
          5
          5
          5
          5
          5
          5
          5
          5
          5
          5
          5
          5
          5
          5
          5
          5
          5
          5
          5
          5
          5
          5
          5
          5
          5
          5
          5
          5
          5
          5
          5
          5
          5
          5
          5
          5
          5
          5
          5
          5
          5
          5
          5
          5
          5
          5
          5
          5
          5
          5
          5
          5
          5
          5
          5
          5
          5
          5
          5
          5
          5
          5
          5
          5
          5
          5
          5
          5
          5
          5
          5
          5
          5
          5
          5
          5
          5
          5
          5
          5
          5
          5
          5
          5
          5
          5
          5
          5
          5
          5
          5
          5
          5
          5
          5
          5
          5
          5
          5
          5
          5
          5
          5
          5
          5
          5
          5
          5
          5
          5
          5
          5
          5
          5
          5
          5
          5
          5
          5
          5
          5
          5
          5
          5
          5
          5
          5
          5
          5
          5
          5
          5
          5
          5
          5
          5
          5
          5
          5
          5
          5
          5
          5
          5
          5
          5
          5
          5
          5
          5
          5
          5
          5
          5
          5
          5
          5
          5
          5
          5
          5
          5
          5
          5
          5
          5
          5
          5
          5
          5
          5
          5
          5
          5
          5
          5
          5
          5
          5
          5
          5
          5
          5
          5
          5
          5
          5
          5
          5
          5
          5
          5
          5
          5
          5
          5
          5
          5
          5
          5
          5
          5
          5
          5
          5
          5
          5
          5
          5
          5
          5
          5
          5
          5
          5
          5
          5
          5
          5
          5
          5
          5
          5
          5
          5
          5
          5
          5
          5
          5
          5
          5
          5
          5
          5
          5
          5
          5
          5
          5
          5
          5
          5
          5
          5
          5
          5
          5
          5
          5
          5
          5
          5
          5
          5
          5
          5
          5
          5
          5
          5
          5
          5
          5
          5
          5
          5
          5
          5
          5
          5
          5
          5
          5
          5
          5
          5
          5
          5
          5
          5
          5
          5
          5
          5
          5
          5
          5
          5
          5
          5
          5
          5
          5
          5
          5
          5
          5
          5
          5
          5
          5
          5
          5
          5
          5
          5
          5
          5
          5
          5
          5
          5
          5
          5
          5
          5
          5
          5
          5
          5
          5
          5
          5
          5
          5
          5
          5
          5
          5
          5
          5
          5
          5
          5
          5
          5
          5
          5
          5
          5
          5
          5
          5
          5
          5
          5
          5
          5
          5
          5
          5
          5
          5
          5
          5
          5
          5
          5
          5
          5
          5
          5
          5
          5
          5
          5
          5
          5
          5
          5
          5
          5
          5
          5
          5
          5
          5
          5
          5
          5
          5
          5
          5
          5
          5
          5
          5
          5
          5
          5
          5
          5
          5
          5
          5
          5
          5
          5
          5
          5
          5
          5
          5
          5
          5
          5
          5
          5
          5
          5
          5
          5
          5
          5
          5
          5
          5
          5
          5
          5
          5
          5
          5
          5
          5
          5
          5
          5
          5
          5
          5
          5
          5
          5
          5
          5
          5
          5
          5
          5
          5
          5
          5
          5
          5
          5
          5
          5
          5
          5
          5
          5
          5
          5
          5
          5
          5
          5
          5
          5
          5
          5
          5
          5
          5
          5
          5
          5
          5
          5
          5
          5
          5
          5
          5
          5
        </DataArray>
      </Cells>
      <PointData Scalars="numerical_solution">
        <DataArray type="Float64" Name="numerical_solution" format="ascii">
          300.000000
          300.000000
          300.000000
          300.000000
          302.103808
          300.000000
          300.000000
          301.936002
          301.815389
          300.000000
          300.000000
          302.315905
          300.000000
          302.598984
          304.163525
          303.811650
          301.722260
          301.662660
          303.563503
          303.373107
          300.000000
          300.000000
          301.631285
          301.625577
          300.000000
          300.000000
          300.000000
          304.519872
          303.014811
          305.079501
          303.648832
          305.765701
          305.774019
          305.012902
          303.246608
          303.166353
          305.116085
          304.547561
          301.641596
          301.668818
          303.141610
          303.154423
          300.000000
          300.000000
          301.708971
          301.771982
          300.000000
          306.703049
          305.843353
          307.042490
          304.653175
          306.976722
          307.313323
          307.405234
          300.000000
          300.000000
          306.600740
          306.686824
          304.773306
          304.352217
          306.108278
          306.333583
          303.218582
          303.261119
          304.725642
          304.390903
          301.854641
          302.007071
          303.366637
          303.486105
          300.000000
          308.326310
          308.693873
          308.400399
          306.394912
          308.493615
          309.255250
          307.906457
          308.572793
          308.840163
          302.116388
          300.000000
          302.341311
          307.873827
          307.405399
          305.889969
          306.191000
          307.456664
          307.069144
          304.832212
          304.569893
          305.890764
          306.323750
          303.668848
          303.916151
          305.130205
          304.936448
          300.000000
          300.000000
          309.643431
          310.147912
          309.872013
          310.628401
          309.768994
          310.605164
          311.104543
          309.270446
          309.989183
          304.189310
          302.669580
          304.691225
          303.200213
          308.761851
          307.265597
          307.050248
          308.534124
          306.125164
          306.665626
          307.329460
          307.246223
          305.649724
          305.570350
          306.591791
          307.293504
          300.000000
          315.056256
          300.000000
          311.079185
          311.104821
          311.776080
          311.907116
          313.236121
          312.539034
          313.936116
          312.785436
          310.259506
          310.808032
          311.434329
          306.567629
          305.388177
          306.639203
          303.801409
          306.259403
          310.053700
          308.486026
          309.837165
          307.645119
          307.715035
          308.601861
          307.377691
          308.389762
          308.221393
          308.468974
          304.864526
          300.000000
          310.232519
          300.000000
          311.513839
          312.152354
          312.237432
          312.573442
          313.545161
          313.226443
          313.321543
          313.091363
          310.989297
          311.478674
          311.714801
          312.259035
          308.587730
          308.161083
          309.804085
          307.489571
          308.693208
          309.200374
          311.036278
          310.029842
          310.873476
          309.090237
          310.188267
          309.116572
          309.501382
          309.805510
          306.840825
          300.000000
          306.567563
          300.000000
          309.097069
          312.055526
          312.654810
          312.810402
          313.060457
          313.270078
          313.260671
          311.933512
          312.308415
          312.788397
          310.340003
          310.439062
          310.959166
          310.617812
          311.733524
          311.816487
          311.698372
          311.826773
          311.169926
          310.834606
          311.378830
          310.699707
          311.371586
          314.019279
          310.625735
          300.000000
          304.702354
          300.000000
          312.511610
          307.251399
          309.894508
          311.263283
          312.997801
          312.987663
          313.017576
          313.114366
          313.158486
          312.982660
          312.581142
          312.535589
          312.496699
          312.863516
          311.770662
          311.884722
          312.612379
          312.556660
          313.451183
          313.327648
          313.697892
          312.131871
          311.913123
          312.104062
          312.251339
          312.745890
          313.385689
          315.426384
          300.000000
          305.975675
          303.650385
          300.000000
          312.298658
          308.972147
          310.425065
          311.415791
          307.352439
          313.073230
          313.017113
          313.053517
          313.030110
          312.997459
          312.762264
          312.782690
          312.932310
          312.878309
          313.018300
          313.017397
          312.825508
          313.139467
          313.467844
          313.338927
          312.588274
          312.805114
          312.672946
          312.759205
          313.043052
          312.989045
          313.147004
          310.874150
          310.847235
          310.005102
          300.000000
          305.069339
          302.982090
          300.000000
          311.952189
          309.215373
          310.849049
          307.084250
          308.776643
          312.866513
          313.006035
          312.909988
          312.931301
          312.473763
          313.025782
          313.034365
          312.980606
          312.961861
          313.275814
          313.116023
          311.731797
          312.509522
          313.074210
          313.087906
          313.025874
          313.045797
          312.821283
          310.813122
          309.715706
          308.667443
          306.523662
          300.000000
          306.049720
          304.584047
          302.566022
          300.000000
          311.320447
          310.162952
          307.864349
          309.236655
          312.317014
          312.556935
          312.851512
          312.711693
          311.554415
          312.951782
          312.850163
          312.774853
          312.740050
          311.814173
          310.847178
          312.919570
          312.795116
          312.445704
          312.381491
          309.462372
          308.043518
          307.062804
          304.733139
          300.000000
          306.640142
          305.246493
          304.021660
          302.264275
          300.000000
          310.242620
          307.785468
          308.909140
          311.851931
          312.293814
          312.417008
          310.776710
          311.079803
          312.459696
          312.307715
          311.653870
          310.186520
          312.278982
          311.671551
          311.736638
          308.903491
          309.276622
          307.465143
          306.035634
          303.725924
          300.000000
          307.501627
          306.249638
          304.696143
          303.565237
          302.005264
          300.000000
          309.098008
          311.662363
          311.782748
          310.124737
          310.748288
          311.599698
          311.624631
          311.382407
          310.379146
          311.312954
          310.868946
          308.850374
          307.770856
          306.220162
          305.100157
          303.079037
          300.000000
          307.755594
          306.565022
          305.011743
          303.393462
          301.818335
          300.000000
          310.755358
          308.845268
          310.844210
          309.808968
          310.384261
          310.665173
          310.543461
          309.377428
          310.205863
          308.117554
          307.536946
          305.996582
          304.463280
          302.594035
          300.000000
          307.452098
          306.068246
          304.475021
          303.320394
          301.745865
          300.000000
          309.765910
          308.265467
          309.538821
          309.342885
          309.430055
          307.902298
          308.692738
          306.690914
          305.170680
          304.017282
          302.293116
          300.000000
          306.176295
          306.914692
          304.705983
          303.162906
          301.662084
          300.000000
          306.947647
          308.209475
          307.791584
          307.941706
          306.645323
          307.337414
          307.268697
          305.163833
          303.743421
          302.064073
          300.000000
          305.602364
          304.117631
          303.033767
          301.608526
          300.000000
          305.756335
          306.445874
          306.409748
          306.857323
          306.893938
          306.788012
          306.598998
          306.013183
          306.135517
          304.562381
          303.459658
          301.910802
          300.000000
          304.345672
          302.934968
          301.537413
          300.000000
          305.340269
          305.678861
          305.627468
          305.824710
          305.432721
          304.697902
          303.313981
          301.786738
          300.000000
          303.997142
          302.923097
          301.504478
          300.000000
          304.234849
          304.331018
          304.467074
          304.041870
          303.135032
          301.680994
          300.000000
          302.905485
          301.507545
          300.000000
          303.066024
          302.893710
          302.957319
          301.622650
          300.000000
          301.516403
          300.000000
          301.573580
          301.517246
          300.000000
          300.000000
          300.000000
        </DataArray>
        <DataArray type="Float64" Name="x_coordinate" format="ascii">
          -0.809017
          -0.866026
          -0.743145
          -0.669130
          -0.710752
          -0.913546
          -0.951057
          -0.766198
          -0.813148
          -0.978150
          -0.994524
          -0.647958
          -0.587785
          -0.578321
          -0.622153
          -0.676062
          -0.851396
          -0.880066
          -0.722178
          -0.760457
          -1.000000
          -0.994524
          -0.898816
          -0.907411
          -0.978150
          -0.951057
          -0.499999
          -0.564269
          -0.502134
          -0.498672
          -0.420407
          -0.551388
          -0.587830
          -0.647261
          -0.789957
          -0.810693
          -0.669941
          -0.716100
          -0.905850
          -0.894721
          -0.821607
          -0.823323
          -0.913546
          -0.866026
          -0.874085
          -0.843933
          -0.406736
          -0.487798
          -0.427638
          -0.431876
          -0.334383
          -0.351554
          -0.525973
          -0.497099
          -0.809017
          -0.743145
          -0.580239
          -0.594280
          -0.720975
          -0.752527
          -0.638772
          -0.637056
          -0.814961
          -0.800678
          -0.736650
          -0.753349
          -0.804828
          -0.755356
          -0.775940
          -0.744924
          -0.309017
          -0.435409
          -0.392238
          -0.361187
          -0.245331
          -0.272416
          -0.294109
          -0.510344
          -0.462120
          -0.429175
          -0.700982
          -0.669130
          -0.636621
          -0.528050
          -0.564466
          -0.669064
          -0.654369
          -0.571552
          -0.599964
          -0.721753
          -0.723014
          -0.670057
          -0.639810
          -0.703912
          -0.656465
          -0.676029
          -0.662342
          -0.587785
          -0.207900
          -0.374808
          -0.330457
          -0.324207
          -0.268529
          -0.151551
          -0.191506
          -0.216858
          -0.442032
          -0.378007
          -0.601594
          -0.565205
          -0.540138
          -0.485970
          -0.489677
          -0.592242
          -0.604795
          -0.514050
          -0.640669
          -0.598795
          -0.585636
          -0.583900
          -0.602752
          -0.573982
          -0.584091
          -0.531451
          -0.499999
          -0.057113
          -0.104513
          -0.292139
          -0.268893
          -0.216568
          -0.196946
          -0.104055
          -0.138378
          -0.020353
          -0.134016
          -0.390589
          -0.342678
          -0.283982
          -0.502280
          -0.468067
          -0.462244
          -0.404203
          -0.395897
          -0.413174
          -0.519511
          -0.430910
          -0.552881
          -0.536242
          -0.505636
          -0.503203
          -0.436323
          -0.496078
          -0.465935
          -0.317959
          -0.406736
          0.037769
          0.000000
          0.067032
          -0.213839
          -0.194298
          -0.154174
          -0.065700
          0.015126
          -0.062462
          -0.094760
          -0.340940
          -0.295723
          -0.267996
          -0.209232
          -0.401380
          -0.375431
          -0.330088
          -0.318654
          -0.323059
          -0.240697
          -0.340101
          -0.415438
          -0.352927
          -0.461511
          -0.398292
          -0.418089
          -0.379898
          -0.399361
          -0.228445
          -0.309017
          0.132529
          0.104513
          0.151660
          0.085462
          -0.154399
          -0.132047
          -0.093827
          0.009188
          -0.029323
          -0.255205
          -0.208777
          -0.132064
          -0.323398
          -0.280016
          -0.274298
          -0.240325
          -0.207751
          -0.153237
          -0.178503
          -0.267181
          -0.326741
          -0.342090
          -0.303711
          -0.324937
          -0.291345
          -0.070183
          -0.135276
          -0.207900
          0.226204
          0.207900
          0.077757
          0.238446
          0.173521
          0.150419
          -0.084044
          -0.071438
          -0.061655
          -0.051876
          -0.005506
          0.037958
          -0.169893
          -0.179361
          -0.184011
          -0.113763
          -0.236914
          -0.212877
          -0.148403
          -0.156285
          -0.088044
          -0.074701
          -0.018110
          -0.232067
          -0.250804
          -0.220838
          -0.210112
          -0.144559
          0.015813
          -0.040051
          -0.104513
          0.320023
          0.317640
          0.309017
          0.104989
          0.241619
          0.210602
          0.165704
          0.327156
          -0.007644
          -0.045150
          -0.009436
          -0.011340
          0.032711
          0.070263
          -0.134915
          -0.092466
          -0.110117
          -0.044740
          -0.020934
          -0.136006
          -0.093217
          -0.008619
          -0.035222
          0.066804
          0.061775
          -0.157388
          -0.141357
          -0.076037
          -0.076333
          -0.056202
          0.138897
          0.101516
          0.054904
          0.000000
          0.406787
          0.406901
          0.406736
          0.146291
          0.282970
          0.213807
          0.384386
          0.333633
          0.061072
          0.001772
          0.047532
          0.037535
          0.114992
          -0.049628
          -0.020391
          0.018010
          0.025317
          -0.031142
          0.027155
          0.131131
          0.092403
          -0.056446
          -0.004125
          0.003653
          0.031324
          0.072521
          0.194406
          0.211134
          0.185978
          0.149405
          0.104513
          0.463921
          0.476936
          0.491010
          0.499999
          0.207993
          0.269587
          0.398381
          0.332750
          0.140811
          0.115682
          0.062615
          0.091680
          0.210310
          0.037936
          0.067159
          0.082100
          0.082642
          0.149966
          0.214473
          0.056273
          0.078650
          0.124149
          0.139748
          0.267715
          0.288756
          0.266545
          0.241622
          0.207900
          0.471932
          0.533987
          0.547690
          0.567821
          0.587785
          0.294301
          0.435092
          0.367850
          0.198623
          0.154371
          0.143410
          0.282748
          0.271207
          0.140190
          0.161457
          0.184640
          0.267191
          0.160012
          0.203868
          0.209772
          0.320996
          0.328271
          0.353476
          0.344908
          0.330893
          0.309017
          0.472629
          0.519904
          0.587953
          0.613059
          0.640437
          0.669130
          0.388204
          0.227268
          0.219981
          0.342456
          0.304939
          0.236995
          0.238829
          0.262042
          0.286261
          0.255884
          0.278148
          0.371264
          0.392538
          0.427656
          0.420811
          0.416568
          0.406736
          0.480970
          0.531200
          0.606538
          0.663720
          0.704566
          0.743145
          0.306612
          0.429589
          0.305727
          0.378048
          0.345514
          0.320790
          0.333873
          0.370414
          0.337776
          0.426253
          0.432663
          0.484799
          0.495033
          0.499212
          0.499999
          0.516375
          0.580625
          0.661113
          0.701684
          0.756626
          0.809017
          0.381189
          0.482873
          0.405508
          0.422653
          0.413409
          0.458781
          0.434416
          0.497579
          0.550471
          0.562089
          0.575631
          0.587785
          0.594301
          0.560515
          0.673880
          0.742998
          0.803998
          0.866026
          0.568722
          0.484135
          0.524312
          0.513699
          0.525791
          0.504652
          0.525693
          0.589948
          0.620379
          0.646234
          0.669130
          0.641340
          0.725039
          0.775258
          0.842059
          0.913546
          0.642318
          0.604520
          0.609601
          0.561617
          0.570504
          0.586919
          0.594838
          0.579517
          0.593209
          0.645332
          0.673915
          0.708482
          0.743145
          0.724605
          0.801186
          0.873700
          0.951057
          0.673082
          0.654389
          0.636421
          0.636650
          0.666943
          0.667142
          0.717357
          0.763357
          0.809017
          0.753091
          0.814103
          0.894412
          0.978150
          0.711283
          0.735398
          0.714543
          0.748295
          0.756441
          0.810761
          0.866026
          0.820582
          0.904151
          0.994524
          0.784042
          0.819402
          0.806263
          0.848063
          0.913546
          0.904654
          1.000000
          0.876457
          0.896575
          0.951057
          0.994524
          0.978150
        </DataArray>
        <DataArray type="Float64" Name="y_coordinate" format="ascii">
          -0.587785
          -0.499999
          -0.669130
          -0.743145
          -0.564890
          -0.406736
          -0.309017
          -0.487982
          -0.405546
          -0.207900
          -0.104513
          -0.635986
          -0.809017
          -0.700403
          -0.537447
          -0.470842
          -0.318879
          -0.228498
          -0.398568
          -0.321689
          0.000000
          0.104513
          -0.135403
          -0.040629
          0.207900
          0.309017
          -0.866026
          -0.600801
          -0.756802
          -0.656467
          -0.804539
          -0.519602
          -0.442682
          -0.393483
          -0.241544
          -0.157748
          -0.311808
          -0.253505
          0.054718
          0.149512
          -0.072468
          0.014477
          0.406736
          0.499999
          0.242708
          0.332764
          -0.913546
          -0.553810
          -0.704214
          -0.622733
          -0.843498
          -0.743107
          -0.390098
          -0.456994
          0.587785
          0.669130
          -0.343107
          -0.272050
          -0.168645
          -0.099631
          -0.216753
          -0.145852
          0.100742
          0.186620
          -0.015533
          0.060209
          0.419347
          0.500489
          0.270465
          0.349642
          -0.951057
          -0.489643
          -0.549304
          -0.641633
          -0.873019
          -0.776560
          -0.695971
          -0.333701
          -0.372986
          -0.430136
          0.578173
          0.743145
          0.648202
          -0.269712
          -0.220679
          -0.078561
          -0.011221
          -0.157384
          -0.098893
          0.139981
          0.216999
          0.061378
          0.127900
          0.427404
          0.498216
          0.286895
          0.363326
          0.809017
          -0.978150
          -0.460433
          -0.508320
          -0.568698
          -0.616674
          -0.895247
          -0.801013
          -0.701882
          -0.282714
          -0.371845
          0.568128
          0.710356
          0.623615
          0.763446
          -0.187495
          -0.035388
          0.028780
          -0.083140
          0.201037
          0.257834
          0.090908
          0.154776
          0.421440
          0.493794
          0.331249
          0.376802
          0.866026
          -0.906269
          -0.994524
          -0.436103
          -0.527062
          -0.565612
          -0.621543
          -0.817585
          -0.747643
          -0.822885
          -0.659343
          -0.187337
          -0.251792
          -0.322581
          0.537400
          0.676908
          0.601896
          0.811917
          0.721012
          -0.092856
          0.024607
          -0.015375
          0.208944
          0.272782
          0.136173
          0.444198
          0.478319
          0.320504
          0.378344
          0.849204
          0.913546
          -0.907307
          -1.000000
          -0.821409
          -0.367859
          -0.491113
          -0.571666
          -0.732136
          -0.755558
          -0.646567
          -0.593880
          -0.108379
          -0.168237
          -0.236752
          -0.271136
          0.539461
          0.632745
          0.561133
          0.758268
          0.682786
          0.785274
          -0.034104
          0.081411
          0.039736
          0.238540
          0.161888
          0.416665
          0.467591
          0.327233
          0.875162
          0.951057
          -0.898691
          -0.994524
          -0.810768
          -0.733242
          -0.316748
          -0.402999
          -0.510314
          -0.668119
          -0.581511
          -0.073494
          -0.171064
          -0.227424
          0.497141
          0.610237
          0.537761
          0.692696
          0.616996
          0.803200
          0.734196
          0.034456
          0.105238
          0.242258
          0.177945
          0.403613
          0.308356
          0.815145
          0.891334
          0.978150
          -0.879899
          -0.978150
          -0.646294
          -0.789637
          -0.737862
          -0.659693
          -0.315499
          -0.187278
          -0.241425
          -0.416458
          -0.506944
          -0.585007
          -0.080001
          -0.003420
          0.069214
          -0.130498
          0.467762
          0.553390
          0.655190
          0.581521
          0.725831
          0.648790
          0.751442
          0.137253
          0.228577
          0.362542
          0.285914
          0.402760
          0.819121
          0.903360
          0.994524
          -0.762249
          -0.851071
          -0.951057
          -0.590788
          -0.695969
          -0.620475
          -0.588609
          -0.679883
          -0.350045
          -0.146193
          -0.278787
          -0.198323
          -0.421058
          -0.513336
          0.126683
          -0.033586
          0.048894
          -0.091600
          -0.044346
          0.507835
          0.586302
          0.671877
          0.604751
          0.728580
          0.650354
          0.218422
          0.311567
          0.345465
          0.176944
          0.421386
          0.739014
          0.812733
          0.903466
          1.000000
          -0.718104
          -0.812474
          -0.913546
          -0.523436
          -0.604845
          -0.553708
          -0.618249
          -0.549937
          -0.329366
          -0.135434
          -0.238098
          -0.174577
          -0.424988
          0.109244
          0.025265
          -0.082271
          -0.026292
          0.525467
          0.593399
          0.658774
          0.599140
          0.262090
          0.343107
          0.179085
          0.426067
          0.348716
          0.621898
          0.699755
          0.794957
          0.892626
          0.994524
          -0.578549
          -0.667102
          -0.763427
          -0.866026
          -0.469188
          -0.515698
          -0.521552
          -0.493735
          -0.333337
          -0.260779
          -0.125143
          -0.186757
          -0.375114
          0.099307
          0.023635
          -0.053844
          0.514798
          0.573569
          0.563890
          0.260151
          0.166077
          0.402978
          0.309031
          0.616952
          0.693632
          0.773116
          0.871924
          0.978150
          -0.508552
          -0.535859
          -0.616523
          -0.707758
          -0.809017
          -0.427405
          -0.450170
          -0.454084
          -0.273740
          -0.203375
          -0.119567
          -0.322988
          -0.245163
          0.099210
          -0.014348
          0.482965
          0.528579
          0.213589
          0.374399
          0.288579
          0.567968
          0.506380
          0.640681
          0.737655
          0.841637
          0.951057
          -0.395397
          -0.455648
          -0.494691
          -0.560207
          -0.644881
          -0.743145
          -0.361214
          -0.176185
          -0.089359
          -0.259261
          -0.193639
          0.149967
          0.057202
          -0.023830
          0.434641
          0.231232
          0.320961
          0.461462
          0.547546
          0.622641
          0.703406
          0.802523
          0.913546
          -0.323529
          -0.384524
          -0.420345
          -0.493205
          -0.576083
          -0.669130
          0.187387
          -0.256885
          -0.112866
          -0.175679
          -0.038433
          0.114982
          0.035228
          0.366713
          0.262587
          0.427876
          0.491049
          0.553060
          0.655513
          0.755939
          0.866026
          -0.259188
          -0.326290
          -0.361759
          -0.426489
          -0.501429
          -0.587785
          0.183901
          -0.168218
          -0.094066
          0.003725
          0.097725
          0.372686
          0.286773
          0.453767
          0.516681
          0.598912
          0.699121
          0.809017
          -0.252755
          -0.202794
          -0.281932
          -0.349635
          -0.419840
          -0.499999
          -0.138288
          0.188631
          -0.051928
          0.073280
          0.389775
          0.332306
          0.270828
          0.440544
          0.534560
          0.634543
          0.743145
          -0.193941
          -0.215335
          -0.273359
          -0.334432
          -0.406736
          -0.124470
          -0.085578
          -0.033628
          0.218855
          0.153425
          0.027349
          0.093339
          0.342705
          0.269903
          0.391335
          0.468064
          0.563046
          0.669130
          -0.142014
          -0.188777
          -0.244218
          -0.309017
          -0.062795
          0.002786
          0.214434
          0.139939
          0.075111
          0.308788
          0.393550
          0.485812
          0.587785
          -0.064708
          -0.105837
          -0.151896
          -0.207900
          0.246743
          0.007892
          0.163387
          0.093885
          0.316778
          0.402943
          0.499999
          -0.020127
          -0.057924
          -0.104513
          0.233610
          0.065806
          0.152031
          0.315033
          0.406736
          0.036375
          0.000000
          0.224160
          0.131797
          0.309017
          0.104513
          0.207900
        </DataArray>
      </PointData>
      <CellData>
        <DataArray type="Int32" Name="element_id" format="ascii">
          0
          1
          2
          3
          4
          5
          6
          7
          8
          9
          10
          11
          12
          13
          14
          15
          16
          17
          18
          19
          20
          21
          22
          23
          24
          25
          26
          27
          28
          29
          30
          31
          32
          33
          34
          35
          36
          37
          38
          39
          40
          41
          42
          43
          44
          45
          46
          47
          48
          49
          50
          51
          52
          53
          54
          55
          56
          57
          58
          59
          60
          61
          62
          63
          64
          65
          66
          67
          68
          69
          70
          71
          72
          73
          74
          75
          76
          77
          78
          79
          80
          81
          82
          83
          84
          85
          86
          87
          88
          89
          90
          91
          92
          93
          94
          95
          96
          97
          98
          99
          100
          101
          102
          103
          104
          105
          106
          107
          108
          109
          110
          111
          112
          113
          114
          115
          116
          117
          118
          119
          120
          121
          122
          123
          124
          125
          126
          127
          128
          129
          130
          131
          132
          133
          134
          135
          136
          137
          138
          139
          140
          141
          142
          143
          144
          145
          146
          147
          148
          149
          150
          151
          152
          153
          154
          155
          156
          157
          158
          159
          160
          161
          162
          163
          164
          165
          166
          167
          168
          169
          170
          171
          172
          173
          174
          175
          176
          177
          178
          179
          180
          181
          182
          183
          184
          185
          186
          187
          188
          189
          190
          191
          192
          193
          194
          195
          196
          197
          198
          199
          200
          201
          202
          203
          204
          205
          206
          207
          208
          209
          210
          211
          212
          213
          214
          215
          216
          217
          218
          219
          220
          221
          222
          223
          224
          225
          226
          227
          228
          229
          230
          231
          232
          233
          234
          235
          236
          237
          238
          239
          240
          241
          242
          243
          244
          245
          246
          247
          248
          249
          250
          251
          252
          253
          254
          255
          256
          257
          258
          259
          260
          261
          262
          263
          264
          265
          266
          267
          268
          269
          270
          271
          272
          273
          274
          275
          276
          277
          278
          279
          280
          281
          282
          283
          284
          285
          286
          287
          288
          289
          290
          291
          292
          293
          294
          295
          296
          297
          298
          299
          300
          301
          302
          303
          304
          305
          306
          307
          308
          309
          310
          311
          312
          313
          314
          315
          316
          317
          318
          319
          320
          321
          322
          323
          324
          325
          326
          327
          328
          329
          330
          331
          332
          333
          334
          335
          336
          337
          338
          339
          340
          341
          342
          343
          344
          345
          346
          347
          348
          349
          350
          351
          352
          353
          354
          355
          356
          357
          358
          359
          360
          361
          362
          363
          364
          365
          366
          367
          368
          369
          370
          371
          372
          373
          374
          375
          376
          377
          378
          379
          380
          381
          382
          383
          384
          385
          386
          387
          388
          389
          390
          391
          392
          393
          394
          395
          396
          397
          398
          399
          400
          401
          402
          403
          404
          405
          406
          407
          408
          409
          410
          411
          412
          413
          414
          415
          416
          417
          418
          419
          420
          421
          422
          423
          424
          425
          426
          427
          428
          429
          430
          431
          432
          433
          434
          435
          436
          437
          438
          439
          440
          441
          442
          443
          444
          445
          446
          447
          448
          449
          450
          451
          452
          453
          454
          455
          456
          457
          458
          459
          460
          461
          462
          463
          464
          465
          466
          467
          468
          469
          470
          471
          472
          473
          474
          475
          476
          477
          478
          479
          480
          481
          482
          483
          484
          485
          486
          487
          488
          489
          490
          491
          492
          493
          494
          495
          496
          497
          498
          499
          500
          501
          502
          503
          504
          505
          506
          507
          508
          509
          510
          511
          512
          513
          514
          515
          516
          517
          518
          519
          520
          521
          522
          523
          524
          525
          526
          527
          528
          529
          530
          531
          532
          533
          534
          535
          536
          537
          538
          539
          540
          541
          542
          543
          544
          545
          546
          547
          548
          549
          550
          551
          552
          553
          554
          555
          556
          557
          558
          559
          560
          561
          562
          563
          564
          565
          566
          567
          568
          569
          570
          571
          572
          573
          574
          575
          576
          577
          578
          579
          580
          581
          582
          583
          584
          585
          586
          587
          588
          589
          590
          591
          592
          593
          594
          595
          596
          597
          598
          599
          600
          601
          602
          603
          604
          605
          606
          607
          608
          609
          610
          611
          612
          613
          614
          615
          616
          617
          618
          619
          620
          621
          622
          623
          624
          625
          626
          627
          628
          629
          630
          631
          632
          633
          634
          635
          636
          637
          638
          639
          640
          641
          642
          643
          644
          645
          646
          647
          648
          649
          650
          651
          652
          653
          654
          655
          656
          657
          658
          659
          660
          661
          662
          663
          664
          665
          666
          667
          668
          669
          670
          671
          672
          673
          674
          675
          676
          677
          678
          679
          680
          681
          682
          683
          684
          685
          686
          687
          688
          689
          690
          691
          692
          693
          694
          695
          696
          697
          698
          699
          700
          701
          702
          703
          704
          705
          706
          707
          708
          709
          710
          711
          712
          713
          714
          715
          716
          717
          718
          719
          720
          721
          722
          723
          724
          725
          726
          727
          728
          729
          730
          731
          732
          733
          734
          735
          736
          737
          738
          739
          740
          741
          742
          743
          744
          745
          746
          747
          748
          749
          750
          751
          752
          753
          754
          755
          756
          757
          758
          759
          760
          761
          762
          763
          764
          765
          766
          767
          768
          769
          770
          771
          772
          773
          774
          775
          776
          777
          778
          779
          780
          781
          782
          783
          784
          785
          786
          787
          788
          789
          790
          791
          792
          793
          794
          795
          796
          797
          798
          799
          800
          801
          802
          803
          804
          805
          806
          807
          808
          809
          810
          811
          812
          813
          814
          815
          816
          817
          818
          819
          820
          821
          822
          823
          824
          825
          826
          827
          828
          829
          830
          831
          832
          833
          834
          835
          836
          837
          838
          839
          840
          841
          842
          843
          844
          845
          846
          847
          848
          849
          850
          851
          852
          853
          854
          855
          856
          857
          858
          859
          860
          861
          862
          863
          864
          865
          866
          867
          868
          869
          870
          871
          872
          873
          874
          875
          876
          877
          878
          879
          880
          881
          882
          883
          884
          885
          886
          887
          888
          889
          890
          891
          892
          893
          894
          895
          896
          897
          898
          899
          900
          901
          902
          903
          904
          905
          906
          907
          908
          909
          910
          911
          912
          913
          914
          915
          916
          917
          918
          919
          920
          921
          922
          923
          924
          925
          926
          927
          928
          929
          930
          931
          932
          933
          934
          935
        </DataArray>
      </CellData>
    </Piece>
  </UnstructuredGrid>
</VTKFile>
