<?xml version="1.0"?>
<VTKFile type="UnstructuredGrid" version="0.1" byte_order="LittleEndian">
  <UnstructuredGrid>
    <Piece NumberOfPoints="1000" NumberOfCells="1910">
      <Points>
        <DataArray type="Float64" NumberOfComponents="3" format="ascii">
          -0.959493 -0.281732 0.0
          -0.977149 -0.212554 0.0
          -0.989824 -0.142297 0.0
          -0.936950 -0.349463 0.0
          -0.909632 -0.415415 0.0
          -0.841254 -0.540640 0.0
          -0.877679 -0.479249 0.0
          -0.888784 -0.295839 0.0
          -0.907561 -0.231672 0.0
          -0.997453 -0.071329 0.0
          -1.000000 0.000000 0.0
          -0.921727 -0.166321 0.0
          -0.931196 -0.100126 0.0
          -0.997453 0.071329 0.0
          -0.989824 0.142297 0.0
          -0.800541 -0.599278 0.0
          -0.755750 -0.654861 0.0
          -0.865495 -0.358476 0.0
          -0.837811 -0.419263 0.0
          -0.769817 -0.534172 0.0
          -0.805863 -0.477921 0.0
          -0.707107 -0.707107 0.0
          -0.654861 -0.755750 0.0
          -0.821380 -0.305891 0.0
          -0.841001 -0.246518 0.0
          -0.856360 -0.185866 0.0
          -0.935906 -0.033418 0.0
          -0.935837 0.033462 0.0
          -0.867363 -0.124270 0.0
          -0.873943 -0.062056 0.0
          -0.977149 0.212554 0.0
          -0.959493 0.281732 0.0
          -0.931007 0.100172 0.0
          -0.921451 0.166355 0.0
          -0.729854 -0.587705 0.0
          -0.686160 -0.638229 0.0
          -0.797596 -0.363659 0.0
          -0.769737 -0.419588 0.0
          -0.702515 -0.524881 0.0
          -0.737972 -0.473450 0.0
          -0.599278 -0.800541 0.0
          -0.540640 -0.841254 0.0
          -0.638946 -0.685498 0.0
          -0.588445 -0.729282 0.0
          -0.777502 -0.257289 0.0
          -0.757298 -0.312078 0.0
          -0.936950 0.349463 0.0
          -0.909632 0.415415 0.0
          -0.793771 -0.201138 0.0
          -0.806013 -0.143933 0.0
          -0.876052 0.000467 0.0
          -0.873681 0.062988 0.0
          -0.814141 -0.085984 0.0
          -0.818135 -0.027699 0.0
          -0.907219 0.231660 0.0
          -0.888376 0.295757 0.0
          -0.866872 0.125171 0.0
          -0.855690 0.186677 0.0
          -0.479249 -0.877679 0.0
          -0.415415 -0.909632 0.0
          -0.663493 -0.573570 0.0
          -0.621038 -0.619333 0.0
          -0.733198 -0.365249 0.0
          -0.705432 -0.416639 0.0
          -0.639449 -0.512670 0.0
          -0.674174 -0.465863 0.0
          -0.534912 -0.769355 0.0
          -0.478622 -0.805511 0.0
          -0.575359 -0.661968 0.0
          -0.526692 -0.701254 0.0
          -0.734079 -0.212469 0.0
          -0.696587 -0.314811 0.0
          -0.717210 -0.264554 0.0
          -0.865008 0.358340 0.0
          -0.877679 0.479249 0.0
          -0.837225 0.419116 0.0
          -0.841254 0.540640 0.0
          -0.747342 -0.159721 0.0
          -0.756711 -0.105650 0.0
          -0.817954 0.030694 0.0
          -0.813555 0.088995 0.0
          -0.762282 -0.051508 0.0
          -0.763977 0.003000 0.0
          -0.840188 0.247164 0.0
          -0.820417 0.306341 0.0
          -0.805037 0.146796 0.0
          -0.792475 0.203788 0.0
          -0.419881 -0.837555 0.0
          -0.349463 -0.936950 0.0
          -0.359025 -0.865311 0.0
          -0.281732 -0.959493 0.0
          -0.601419 -0.556928 0.0
          -0.560283 -0.598354 0.0
          -0.672476 -0.363792 0.0
          -0.645194 -0.410566 0.0
          -0.580439 -0.498162 0.0
          -0.614437 -0.455798 0.0
          -0.421397 -0.768920 0.0
          -0.475274 -0.736970 0.0
          -0.516246 -0.636740 0.0
          -0.469514 -0.671873 0.0
          -0.691164 -0.172617 0.0
          -0.677447 -0.219169 0.0
          -0.639356 -0.313701 0.0
          -0.660040 -0.269315 0.0
          -0.796456 0.363980 0.0
          -0.805172 0.477789 0.0
          -0.768393 0.419830 0.0
          -0.800541 0.599278 0.0
          -0.769026 0.534074 0.0
          -0.755750 0.654861 0.0
          -0.708665 -0.072006 0.0
          -0.701742 -0.120446 0.0
          -0.761804 0.057335 0.0
          -0.755495 0.111787 0.0
          -0.711563 -0.019755 0.0
          -0.712056 0.029052 0.0
          -0.775904 0.259712 0.0
          -0.755458 0.314163 0.0
          -0.745545 0.165317 0.0
          -0.731870 0.217974 0.0
          -0.365414 -0.796933 0.0
          -0.296374 -0.888640 0.0
          -0.307628 -0.820853 0.0
          -0.212554 -0.977149 0.0
          -0.232224 -0.907434 0.0
          -0.543529 -0.538474 0.0
          -0.503836 -0.575741 0.0
          -0.615469 -0.360269 0.0
          -0.589175 -0.400986 0.0
          -0.525625 -0.480543 0.0
          -0.558108 -0.444268 0.0
          -0.368987 -0.731658 0.0
          -0.420306 -0.703573 0.0
          -0.416910 -0.641519 0.0
          -0.461593 -0.610340 0.0
          -0.142297 -0.989824 0.0
          -0.655939 -0.137458 0.0
          -0.629867 -0.228516 0.0
          -0.631153 -0.178640 0.0
          -0.591464 -0.315982 0.0
          -0.599947 -0.266677 0.0
          -0.731227 0.366881 0.0
          -0.736385 0.473668 0.0
          -0.703001 0.417800 0.0
          -0.728980 0.587659 0.0
          -0.700682 0.525228 0.0
          -0.707107 0.707107 0.0
          -0.685227 0.638207 0.0
          -0.654861 0.755750 0.0
          -0.668347 -0.041739 0.0
          -0.649990 -0.086903 0.0
          -0.706928 0.082267 0.0
          -0.699979 0.130268 0.0
          -0.667748 0.053809 0.0
          -0.656094 0.006367 0.0
          -0.714577 0.269330 0.0
          -0.693551 0.319535 0.0
          -0.674198 0.228635 0.0
          -0.688289 0.181486 0.0
          -0.315845 -0.755987 0.0
          -0.248290 -0.840572 0.0
          -0.261106 -0.776460 0.0
          -0.166882 -0.921604 0.0
          -0.187676 -0.856001 0.0
          -0.100673 -0.931081 0.0
          -0.452227 -0.551174 0.0
          -0.489106 -0.519117 0.0
          -0.540941 -0.397224 0.0
          -0.556885 -0.349689 0.0
          -0.478260 -0.469834 0.0
          -0.501136 -0.425207 0.0
          -0.321308 -0.694037 0.0
          -0.369959 -0.669668 0.0
          -0.369613 -0.610097 0.0
          -0.410600 -0.583334 0.0
          -0.071329 -0.997453 0.0
          -0.606345 -0.124156 0.0
          -0.580888 -0.208069 0.0
          -0.576407 -0.160524 0.0
          -0.549765 -0.290895 0.0
          -0.548638 -0.241225 0.0
          -0.669756 0.366927 0.0
          -0.671169 0.467221 0.0
          -0.640639 0.412627 0.0
          -0.661472 0.574076 0.0
          -0.636111 0.514530 0.0
          -0.637991 0.685439 0.0
          -0.618903 0.619849 0.0
          -0.599278 0.800541 0.0
          -0.587508 0.729145 0.0
          -0.615832 -0.035623 0.0
          -0.593051 -0.076952 0.0
          -0.653157 0.148009 0.0
          -0.648445 0.099975 0.0
          -0.615074 0.051932 0.0
          -0.597676 0.008318 0.0
          -0.635223 0.322013 0.0
          -0.655066 0.277897 0.0
          -0.624959 0.239717 0.0
          -0.627769 0.191128 0.0
          -0.540640 0.841254 0.0
          -0.270889 -0.715214 0.0
          -0.205035 -0.792947 0.0
          -0.219263 -0.732438 0.0
          -0.126076 -0.867049 0.0
          -0.147899 -0.805354 0.0
          -0.033937 -0.935827 0.0
          -0.063760 -0.873661 0.0
          -0.406793 -0.533145 0.0
          -0.435657 -0.492423 0.0
          -0.501586 -0.365199 0.0
          -0.509691 -0.317416 0.0
          -0.444283 -0.432874 0.0
          -0.459113 -0.386550 0.0
          -0.278831 -0.655888 0.0
          -0.323438 -0.635581 0.0
          -0.327126 -0.585449 0.0
          -0.361647 -0.549465 0.0
          0.000000 -1.000000 0.0
          -0.541850 -0.108208 0.0
          -0.521144 -0.184404 0.0
          -0.490658 -0.257200 0.0
          -0.608311 0.368183 0.0
          -0.609638 0.459458 0.0
          -0.582325 0.408894 0.0
          -0.597813 0.558832 0.0
          -0.575174 0.502293 0.0
          -0.573193 0.662342 0.0
          -0.556471 0.600074 0.0
          -0.534013 0.769143 0.0
          -0.524560 0.701395 0.0
          -0.477786 0.805240 0.0
          -0.551222 -0.029949 0.0
          -0.604847 0.139796 0.0
          -0.591396 0.093510 0.0
          -0.550148 0.048767 0.0
          -0.585201 0.326029 0.0
          -0.594270 0.278621 0.0
          -0.576447 0.223562 0.0
          -0.572484 0.176689 0.0
          -0.479249 0.877679 0.0
          0.032958 -0.935838 0.0
          -0.229685 -0.674934 0.0
          -0.166329 -0.746156 0.0
          -0.182670 -0.688727 0.0
          -0.089902 -0.813591 0.0
          -0.112699 -0.755723 0.0
          -0.001120 -0.875870 0.0
          -0.031135 -0.817743 0.0
          -0.379264 -0.492967 0.0
          -0.399668 -0.447850 0.0
          -0.449312 -0.324496 0.0
          -0.399137 -0.385089 0.0
          -0.240334 -0.625421 0.0
          -0.279683 -0.594497 0.0
          -0.305716 -0.541711 0.0
          -0.332417 -0.499553 0.0
          0.071329 -0.997453 0.0
          -0.478363 -0.056718 0.0
          -0.465665 -0.125729 0.0
          -0.443649 -0.190302 0.0
          -0.412212 -0.251859 0.0
          -0.548257 0.360088 0.0
          -0.550552 0.451031 0.0
          -0.532395 0.405747 0.0
          -0.538022 0.542127 0.0
          -0.518598 0.487755 0.0
          -0.512242 0.638146 0.0
          -0.497774 0.579144 0.0
          -0.473188 0.736919 0.0
          -0.465467 0.672907 0.0
          -0.419139 0.837225 0.0
          -0.419367 0.768767 0.0
          -0.481624 0.010733 0.0
          -0.417133 -0.018745 0.0
          -0.538465 0.127038 0.0
          -0.475566 0.079715 0.0
          -0.541160 0.304636 0.0
          -0.541531 0.256379 0.0
          -0.514890 0.201920 0.0
          -0.358360 0.864905 0.0
          -0.415415 0.909632 0.0
          0.099657 -0.931110 0.0
          0.061407 -0.873728 0.0
          -0.192147 -0.628022 0.0
          -0.131314 -0.700431 0.0
          -0.149006 -0.653217 0.0
          -0.058048 -0.761578 0.0
          -0.082775 -0.707086 0.0
          0.027408 -0.817728 0.0
          -0.001995 -0.762946 0.0
          -0.340796 -0.438019 0.0
          -0.372699 -0.308242 0.0
          -0.325785 -0.358693 0.0
          -0.224524 -0.576816 0.0
          -0.257810 -0.540614 0.0
          -0.275437 -0.481397 0.0
          0.165839 -0.921637 0.0
          0.142297 -0.989824 0.0
          -0.413747 -0.078845 0.0
          -0.395238 -0.135899 0.0
          -0.373997 -0.190795 0.0
          -0.342955 -0.240121 0.0
          -0.499207 0.330513 0.0
          -0.489268 0.376518 0.0
          -0.491237 0.434249 0.0
          -0.480591 0.524716 0.0
          -0.469820 0.477231 0.0
          -0.455268 0.613034 0.0
          -0.443790 0.556779 0.0
          -0.416334 0.704266 0.0
          -0.410058 0.643909 0.0
          -0.363480 0.796657 0.0
          -0.364976 0.732134 0.0
          -0.305799 0.820370 0.0
          -0.362354 -0.038363 0.0
          -0.417313 0.041326 0.0
          -0.364714 0.009499 0.0
          -0.459525 0.145987 0.0
          -0.405926 0.100860 0.0
          -0.480891 0.273159 0.0
          -0.433809 0.209431 0.0
          -0.295740 0.888151 0.0
          -0.349463 0.936950 0.0
          0.123567 -0.867174 0.0
          0.085437 -0.813872 0.0
          -0.178156 -0.571902 0.0
          -0.140655 -0.605164 0.0
          -0.100829 -0.649288 0.0
          -0.030323 -0.711573 0.0
          -0.054546 -0.667821 0.0
          0.051557 -0.762025 0.0
          0.018545 -0.710580 0.0
          0.185116 -0.856153 0.0
          -0.272814 -0.400868 0.0
          -0.306266 -0.289400 0.0
          -0.262947 -0.330535 0.0
          -0.204428 -0.514831 0.0
          -0.214079 -0.434190 0.0
          0.231170 -0.907453 0.0
          0.212554 -0.977149 0.0
          -0.352690 -0.094001 0.0
          -0.336854 -0.139338 0.0
          -0.311173 -0.189976 0.0
          -0.284292 -0.229456 0.0
          -0.316278 -0.058921 0.0
          -0.436460 0.338163 0.0
          -0.446463 0.397803 0.0
          -0.431694 0.443143 0.0
          -0.424831 0.500104 0.0
          -0.400126 0.587776 0.0
          -0.396695 0.539747 0.0
          -0.363457 0.671374 0.0
          -0.359653 0.614105 0.0
          -0.311781 0.756231 0.0
          -0.314409 0.695631 0.0
          -0.246527 0.839871 0.0
          -0.257182 0.776312 0.0
          -0.310426 -0.012975 0.0
          -0.357943 0.065622 0.0
          -0.320428 0.032828 0.0
          -0.388493 0.156958 0.0
          -0.346064 0.114246 0.0
          -0.399352 0.268914 0.0
          -0.359704 0.209649 0.0
          -0.356467 0.323013 0.0
          -0.185977 0.855147 0.0
          -0.231614 0.906878 0.0
          -0.281732 0.959493 0.0
          0.143196 -0.805746 0.0
          0.105088 -0.756499 0.0
          -0.129434 -0.539040 0.0
          -0.094483 -0.592376 0.0
          -0.053024 -0.618922 0.0
          -0.007654 -0.656671 0.0
          0.071024 -0.708503 0.0
          0.040358 -0.668175 0.0
          0.245723 -0.840728 0.0
          0.200322 -0.793360 0.0
          -0.214767 -0.364317 0.0
          -0.248881 -0.269346 0.0
          -0.209125 -0.300566 0.0
          -0.151556 -0.459856 0.0
          -0.160630 -0.387890 0.0
          0.305098 -0.821031 0.0
          0.295311 -0.888642 0.0
          0.281732 -0.959493 0.0
          -0.293908 -0.099188 0.0
          -0.286132 -0.145309 0.0
          -0.255103 -0.178286 0.0
          -0.235633 -0.221836 0.0
          -0.258459 -0.048025 0.0
          -0.198598 -0.010695 0.0
          -0.383655 0.396944 0.0
          -0.385487 0.457701 0.0
          -0.364269 0.500667 0.0
          -0.348642 0.555338 0.0
          -0.312914 0.638703 0.0
          -0.315614 0.590452 0.0
          -0.264200 0.716151 0.0
          -0.268804 0.659256 0.0
          -0.201437 0.792377 0.0
          -0.212275 0.732870 0.0
          -0.144623 0.804389 0.0
          -0.263852 0.027258 0.0
          -0.301770 0.076056 0.0
          -0.324532 0.164189 0.0
          -0.297859 0.121926 0.0
          -0.328781 0.260058 0.0
          -0.301194 0.204585 0.0
          -0.284803 0.301835 0.0
          -0.306496 0.370352 0.0
          -0.124474 0.866145 0.0
          -0.166323 0.921018 0.0
          -0.212554 0.977149 0.0
          -0.085429 -0.477156 0.0
          0.158989 -0.746962 0.0
          0.120095 -0.701778 0.0
          -0.051391 -0.552436 0.0
          -0.009532 -0.599787 0.0
          0.034947 -0.619840 0.0
          0.085488 -0.651023 0.0
          0.256474 -0.776895 0.0
          0.211767 -0.733177 0.0
          0.311464 -0.756580 0.0
          -0.162581 -0.328811 0.0
          -0.195024 -0.244284 0.0
          -0.163924 -0.279623 0.0
          -0.105546 -0.411548 0.0
          -0.117457 -0.347544 0.0
          -0.050340 -0.424564 0.0
          0.362964 -0.797190 0.0
          0.357942 -0.865316 0.0
          0.349463 -0.936950 0.0
          -0.193770 0.048218 0.0
          -0.233621 -0.119757 0.0
          -0.189812 -0.181466 0.0
          -0.186493 -0.066495 0.0
          -0.155897 0.018936 0.0
          -0.143833 -0.021939 0.0
          -0.322988 0.447649 0.0
          -0.316105 0.507737 0.0
          -0.288808 0.546316 0.0
          -0.266440 0.599081 0.0
          -0.218393 0.676648 0.0
          -0.228205 0.629287 0.0
          -0.160630 0.745777 0.0
          -0.171810 0.689952 0.0
          -0.086728 0.812602 0.0
          -0.107637 0.754419 0.0
          -0.244853 0.099522 0.0
          -0.268225 0.155933 0.0
          -0.265207 0.247673 0.0
          -0.252525 0.199788 0.0
          -0.241344 0.341976 0.0
          -0.230845 0.280324 0.0
          -0.174603 0.100983 0.0
          -0.249721 0.410696 0.0
          -0.190395 0.372374 0.0
          -0.028201 0.816825 0.0
          -0.062301 0.872817 0.0
          -0.100202 0.930510 0.0
          -0.142297 0.989824 0.0
          0.364932 -0.732520 0.0
          -0.014956 -0.487018 0.0
          0.171931 -0.690429 0.0
          0.135369 -0.655582 0.0
          0.027482 -0.554173 0.0
          0.074924 -0.594839 0.0
          0.121699 -0.608444 0.0
          0.263701 -0.715769 0.0
          0.218805 -0.675316 0.0
          0.314855 -0.695223 0.0
          -0.119627 -0.292109 0.0
          -0.133262 -0.232346 0.0
          -0.065638 -0.365868 0.0
          -0.080846 -0.316734 0.0
          -0.017939 -0.379788 0.0
          0.014303 -0.427697 0.0
          0.416404 -0.704644 0.0
          0.418995 -0.769281 0.0
          0.418764 -0.837583 0.0
          0.415415 -0.909632 0.0
          -0.141345 0.056981 0.0
          -0.126238 0.096552 0.0
          -0.155270 -0.118642 0.0
          -0.116063 -0.165618 0.0
          -0.118319 -0.067590 0.0
          -0.107409 0.017703 0.0
          -0.096137 -0.022706 0.0
          -0.255825 0.488710 0.0
          -0.240550 0.547016 0.0
          -0.207915 0.581223 0.0
          -0.178145 0.630276 0.0
          -0.120292 0.700109 0.0
          -0.136330 0.654617 0.0
          -0.052611 0.760955 0.0
          -0.072634 0.707271 0.0
          0.002470 0.762642 0.0
          -0.206159 0.162762 0.0
          -0.213872 0.224344 0.0
          -0.185759 0.312948 0.0
          -0.186303 0.263705 0.0
          -0.141272 0.335584 0.0
          -0.137520 0.143689 0.0
          -0.188814 0.441821 0.0
          -0.135886 0.394937 0.0
          0.030290 0.816623 0.0
          0.000158 0.875039 0.0
          -0.033569 0.935296 0.0
          -0.071329 0.997453 0.0
          0.364549 -0.671741 0.0
          0.055641 -0.486082 0.0
          0.176949 -0.629624 0.0
          0.104108 -0.545789 0.0
          0.156940 -0.576761 0.0
          0.268594 -0.657133 0.0
          0.227776 -0.625665 0.0
          0.315843 -0.637548 0.0
          0.411200 -0.643473 0.0
          -0.066756 -0.263470 0.0
          -0.076638 -0.205411 0.0
          -0.019010 -0.265618 0.0
          -0.021194 -0.315198 0.0
          0.035318 -0.367260 0.0
          0.078770 -0.422497 0.0
          0.465685 -0.673284 0.0
          0.472880 -0.737445 0.0
          0.477475 -0.805573 0.0
          0.479249 -0.877679 0.0
          -0.088125 0.116514 0.0
          -0.089598 0.064594 0.0
          -0.087310 -0.110923 0.0
          -0.051013 -0.159360 0.0
          -0.059424 -0.053377 0.0
          -0.051701 0.011675 0.0
          -0.183790 0.519736 0.0
          -0.160203 0.575056 0.0
          -0.122995 0.603655 0.0
          -0.087123 0.649338 0.0
          -0.020178 0.710912 0.0
          -0.042399 0.668000 0.0
          0.056829 0.760052 0.0
          0.028833 0.710417 0.0
          -0.151515 0.215076 0.0
          -0.142449 0.276831 0.0
          -0.089791 0.350856 0.0
          -0.103354 0.305557 0.0
          -0.091722 0.177223 0.0
          -0.051170 0.143701 0.0
          -0.125022 0.463946 0.0
          -0.078060 0.409072 0.0
          -0.040773 0.360816 0.0
          0.110929 0.753575 0.0
          0.088424 0.812160 0.0
          0.062550 0.872733 0.0
          0.033212 0.935304 0.0
          0.000000 1.000000 0.0
          0.362650 -0.614230 0.0
          0.124137 -0.479321 0.0
          0.205948 -0.574934 0.0
          0.167322 -0.528306 0.0
          0.268575 -0.591310 0.0
          0.322178 -0.586198 0.0
          0.456339 -0.613560 0.0
          0.402615 -0.588739 0.0
          -0.016718 -0.216874 0.0
          0.028138 -0.267812 0.0
          0.146727 -0.419538 0.0
          0.057367 -0.315478 0.0
          0.102962 -0.366181 0.0
          0.497946 -0.579729 0.0
          0.512438 -0.638647 0.0
          0.524334 -0.701905 0.0
          0.533769 -0.769461 0.0
          0.540640 -0.841254 0.0
          -0.033137 0.086775 0.0
          -0.024301 -0.100618 0.0
          0.014152 -0.152634 0.0
          -0.002672 -0.037341 0.0
          0.011128 0.030831 0.0
          -0.108209 0.540376 0.0
          -0.076988 0.592455 0.0
          -0.036317 0.618106 0.0
          0.006241 0.655249 0.0
          0.081200 0.704226 0.0
          0.053351 0.666261 0.0
          0.129091 0.697985 0.0
          -0.084700 0.249935 0.0
          -0.056120 0.305921 0.0
          -0.013459 0.322058 0.0
          -0.037299 0.194423 0.0
          -0.005568 0.143568 0.0
          -0.058169 0.476978 0.0
          -0.018982 0.417046 0.0
          0.011637 0.360158 0.0
          0.164048 0.743396 0.0
          0.146036 0.803599 0.0
          0.124628 0.865960 0.0
          0.099857 0.930532 0.0
          0.071329 0.997453 0.0
          0.359514 -0.557683 0.0
          0.191436 -0.474196 0.0
          0.236271 -0.528784 0.0
          0.303415 -0.528910 0.0
          0.444188 -0.558160 0.0
          0.399161 -0.542712 0.0
          0.480040 -0.524855 0.0
          0.209842 -0.413227 0.0
          0.055236 -0.204890 0.0
          0.094112 -0.256801 0.0
          0.170459 -0.362777 0.0
          0.131263 -0.310063 0.0
          0.224660 -0.361459 0.0
          0.537974 -0.542577 0.0
          0.556482 -0.600580 0.0
          0.573067 -0.662809 0.0
          0.587338 -0.729446 0.0
          0.599278 -0.800541 0.0
          0.022333 0.098410 0.0
          0.040425 -0.090360 0.0
          0.081558 -0.143983 0.0
          0.067843 -0.022200 0.0
          0.076488 0.053914 0.0
          0.118000 0.012743 0.0
          -0.030315 0.550794 0.0
          0.007970 0.597753 0.0
          0.051877 0.615327 0.0
          0.099021 0.647256 0.0
          0.178889 0.684108 0.0
          0.146979 0.651463 0.0
          -0.011444 0.261519 0.0
          0.031080 0.309082 0.0
          0.018413 0.195606 0.0
          0.036361 0.147169 0.0
          0.010965 0.480568 0.0
          0.040509 0.414683 0.0
          0.062230 0.357225 0.0
          0.078225 0.311869 0.0
          0.226267 0.673112 0.0
          0.216614 0.729883 0.0
          0.202978 0.791071 0.0
          0.186135 0.854821 0.0
          0.166033 0.921030 0.0
          0.142297 0.989824 0.0
          0.365082 -0.508052 0.0
          0.265236 -0.464834 0.0
          0.326965 -0.475974 0.0
          0.424407 -0.500926 0.0
          0.518526 -0.488405 0.0
          0.469139 -0.477862 0.0
          0.268552 -0.392518 0.0
          0.129856 -0.191459 0.0
          0.162800 -0.251121 0.0
          0.207162 -0.306068 0.0
          0.266315 -0.332059 0.0
          0.552151 -0.449850 0.0
          0.575454 -0.502618 0.0
          0.597856 -0.559336 0.0
          0.618832 -0.620316 0.0
          0.637885 -0.685729 0.0
          0.654861 -0.755750 0.0
          0.072586 0.120010 0.0
          0.105608 -0.087108 0.0
          0.132569 -0.133637 0.0
          0.137153 -0.038379 0.0
          0.118203 0.100545 0.0
          0.140682 0.058187 0.0
          0.167832 0.012192 0.0
          0.048335 0.549286 0.0
          0.092936 0.589990 0.0
          0.138962 0.601552 0.0
          0.189886 0.625911 0.0
          0.238817 0.623772 0.0
          0.063104 0.254050 0.0
          0.074043 0.178251 0.0
          0.078446 0.474041 0.0
          0.099220 0.405286 0.0
          0.112708 0.342274 0.0
          0.118107 0.286648 0.0
          0.276727 0.652785 0.0
          0.268640 0.712790 0.0
          0.259083 0.774644 0.0
          0.246755 0.839392 0.0
          0.231380 0.906853 0.0
          0.212554 0.977149 0.0
          0.375482 -0.457125 0.0
          0.320725 -0.424014 0.0
          0.429619 -0.441691 0.0
          0.492378 -0.433717 0.0
          0.533896 -0.404689 0.0
          0.172387 -0.150595 0.0
          0.320556 -0.361513 0.0
          0.195828 -0.196784 0.0
          0.218563 -0.245572 0.0
          0.263730 -0.271423 0.0
          0.313210 -0.299387 0.0
          0.582890 -0.409389 0.0
          0.609750 -0.460324 0.0
          0.636152 -0.515281 0.0
          0.661410 -0.574658 0.0
          0.685138 -0.638537 0.0
          0.707107 -0.707107 0.0
          0.125791 0.152289 0.0
          0.173437 -0.095039 0.0
          0.199489 -0.036035 0.0
          0.215134 0.012942 0.0
          0.167360 0.109983 0.0
          0.197884 0.061983 0.0
          0.126457 0.536527 0.0
          0.176205 0.570176 0.0
          0.223398 0.574142 0.0
          0.278054 0.592333 0.0
          0.131855 0.225399 0.0
          0.163340 0.277576 0.0
          0.145192 0.457897 0.0
          0.155596 0.386438 0.0
          0.159843 0.325152 0.0
          0.325960 0.583381 0.0
          0.321835 0.634045 0.0
          0.319363 0.691870 0.0
          0.313969 0.754240 0.0
          0.306136 0.819672 0.0
          0.295535 0.888046 0.0
          0.281732 0.959493 0.0
          0.386095 -0.392095 0.0
          0.447851 -0.396617 0.0
          0.490785 -0.377173 0.0
          0.548849 -0.360113 0.0
          0.225285 -0.139280 0.0
          0.368914 -0.323052 0.0
          0.261089 -0.205546 0.0
          0.315130 -0.240449 0.0
          0.354541 -0.271490 0.0
          0.584846 -0.326777 0.0
          0.608378 -0.368769 0.0
          0.640536 -0.416112 0.0
          0.671078 -0.468741 0.0
          0.700565 -0.526098 0.0
          0.728850 -0.588115 0.0
          0.755750 -0.654861 0.0
          0.190699 0.179547 0.0
          0.240640 -0.084062 0.0
          0.262740 -0.023866 0.0
          0.262360 0.048686 0.0
          0.236467 0.117920 0.0
          0.202073 0.512755 0.0
          0.256088 0.539014 0.0
          0.303329 0.537131 0.0
          0.193822 0.241953 0.0
          0.207227 0.297507 0.0
          0.209352 0.432332 0.0
          0.210235 0.360582 0.0
          0.359686 0.546878 0.0
          0.366895 0.606518 0.0
          0.367974 0.667280 0.0
          0.367170 0.729837 0.0
          0.363938 0.795684 0.0
          0.358169 0.864674 0.0
          0.349463 0.936950 0.0
          0.440386 -0.338399 0.0
          0.500485 -0.331021 0.0
          0.539773 -0.304273 0.0
          0.285474 -0.134544 0.0
          0.405897 -0.273756 0.0
          0.327882 -0.182590 0.0
          0.371954 -0.224766 0.0
          0.593929 -0.279252 0.0
          0.634719 -0.323113 0.0
          0.668559 -0.369556 0.0
          0.702561 -0.419894 0.0
          0.736137 -0.474895 0.0
          0.768824 -0.534704 0.0
          0.800541 -0.599278 0.0
          0.233248 0.219537 0.0
          0.254041 0.178586 0.0
          0.298061 -0.077058 0.0
          0.318315 -0.033054 0.0
          0.311251 0.013014 0.0
          0.317571 0.058694 0.0
          0.295473 0.100113 0.0
          0.288240 0.145900 0.0
          0.273585 0.478710 0.0
          0.330501 0.497100 0.0
          0.245048 0.267144 0.0
          0.259978 0.324449 0.0
          0.269416 0.397610 0.0
          0.376434 0.488128 0.0
          0.405260 0.532185 0.0
          0.408652 0.580806 0.0
          0.414719 0.638949 0.0
          0.418381 0.701606 0.0
          0.419849 0.767568 0.0
          0.418978 0.836848 0.0
          0.415415 0.909632 0.0
          0.482675 -0.275080 0.0
          0.541657 -0.257493 0.0
          0.344389 -0.122595 0.0
          0.437906 -0.216272 0.0
          0.391542 -0.167500 0.0
          0.576604 -0.224299 0.0
          0.624917 -0.240116 0.0
          0.654992 -0.278690 0.0
          0.692999 -0.321140 0.0
          0.730550 -0.368878 0.0
          0.767986 -0.421297 0.0
          0.804895 -0.478566 0.0
          0.841254 -0.540640 0.0
          0.281383 0.228137 0.0
          0.310493 0.186688 0.0
          0.356597 -0.067144 0.0
          0.363010 -0.010994 0.0
          0.361307 0.038606 0.0
          0.351418 0.091779 0.0
          0.334682 0.139030 0.0
          0.339470 0.434651 0.0
          0.304465 0.285471 0.0
          0.323853 0.354934 0.0
          0.398496 0.445351 0.0
          0.433852 0.490082 0.0
          0.448621 0.547836 0.0
          0.459094 0.607586 0.0
          0.467382 0.669798 0.0
          0.473591 0.735512 0.0
          0.477656 0.804731 0.0
          0.479249 0.877679 0.0
          0.515344 -0.204566 0.0
          0.407098 -0.106811 0.0
          0.460025 -0.151964 0.0
          0.572328 -0.177716 0.0
          0.627536 -0.191894 0.0
          0.673845 -0.229584 0.0
          0.714123 -0.270834 0.0
          0.754868 -0.315894 0.0
          0.795939 -0.365550 0.0
          0.836891 -0.419991 0.0
          0.877679 -0.479249 0.0
          0.341800 0.238979 0.0
          0.373655 0.190190 0.0
          0.415714 -0.047232 0.0
          0.416427 0.015851 0.0
          0.411946 0.075665 0.0
          0.395102 0.133232 0.0
          0.398447 0.381988 0.0
          0.371323 0.305431 0.0
          0.444275 0.431906 0.0
          0.477105 0.468102 0.0
          0.486772 0.517080 0.0
          0.501298 0.573291 0.0
          0.514011 0.634634 0.0
          0.524917 0.699723 0.0
          0.533894 0.768517 0.0
          0.540640 0.841254 0.0
          0.538304 -0.129314 0.0
          0.474324 -0.084430 0.0
          0.604415 -0.140391 0.0
          0.652547 -0.148766 0.0
          0.688113 -0.182440 0.0
          0.731426 -0.219210 0.0
          0.775411 -0.261248 0.0
          0.819864 -0.307897 0.0
          0.864645 -0.359262 0.0
          0.909632 -0.415415 0.0
          0.411041 0.249865 0.0
          0.442369 0.188631 0.0
          0.483188 -0.014885 0.0
          0.478644 0.051611 0.0
          0.464947 0.122497 0.0
          0.457914 0.384045 0.0
          0.448316 0.321340 0.0
          0.499660 0.423032 0.0
          0.523781 0.478727 0.0
          0.541265 0.536143 0.0
          0.558116 0.596267 0.0
          0.573582 0.660398 0.0
          0.587407 0.728404 0.0
          0.599278 0.800541 0.0
          0.591205 -0.094796 0.0
          0.550490 -0.051333 0.0
          0.648397 -0.100808 0.0
          0.699294 -0.131326 0.0
          0.745115 -0.166063 0.0
          0.791851 -0.205150 0.0
          0.839604 -0.248608 0.0
          0.888005 -0.296668 0.0
          0.936950 -0.349463 0.0
          0.488772 0.254612 0.0
          0.519961 0.182141 0.0
          0.551305 0.027323 0.0
          0.541060 0.105775 0.0
          0.498873 0.361959 0.0
          0.507073 0.314628 0.0
          0.538966 0.394768 0.0
          0.556483 0.441950 0.0
          0.578412 0.495884 0.0
          0.599397 0.554806 0.0
          0.619332 0.617687 0.0
          0.637922 0.684581 0.0
          0.654861 0.755750 0.0
          0.618126 -0.053187 0.0
          0.596988 -0.010052 0.0
          0.666992 -0.054504 0.0
          0.706203 -0.082690 0.0
          0.754099 -0.111455 0.0
          0.804182 -0.147797 0.0
          0.855008 -0.187967 0.0
          0.906831 -0.232530 0.0
          0.959493 -0.281732 0.0
          0.545116 0.287209 0.0
          0.546359 0.239151 0.0
          0.579996 0.206611 0.0
          0.575297 0.158916 0.0
          0.617024 0.035260 0.0
          0.591863 0.075147 0.0
          0.605400 0.122792 0.0
          0.554286 0.348022 0.0
          0.585690 0.398820 0.0
          0.612080 0.453165 0.0
          0.637488 0.510409 0.0
          0.661901 0.571755 0.0
          0.685183 0.637241 0.0
          0.707107 0.707107 0.0
          0.655482 -0.007575 0.0
          0.710929 -0.030271 0.0
          0.761054 -0.057383 0.0
          0.812590 -0.089744 0.0
          0.866181 -0.126388 0.0
          0.921045 -0.167207 0.0
          0.977149 -0.212554 0.0
          0.589419 0.314581 0.0
          0.597951 0.265180 0.0
          0.667316 0.040985 0.0
          0.629313 0.228274 0.0
          0.630070 0.177262 0.0
          0.649181 0.085713 0.0
          0.654452 0.135730 0.0
          0.612263 0.358348 0.0
          0.642276 0.407828 0.0
          0.672169 0.463347 0.0
          0.701045 0.522864 0.0
          0.728951 0.586621 0.0
          0.755750 0.654861 0.0
          0.710996 0.018742 0.0
          0.762607 -0.002548 0.0
          0.816926 -0.031363 0.0
          0.872897 -0.064132 0.0
          0.930573 -0.101032 0.0
          0.989824 -0.142297 0.0
          0.637445 0.312043 0.0
          0.657898 0.268617 0.0
          0.707570 0.070739 0.0
          0.676521 0.217573 0.0
          0.689502 0.170967 0.0
          0.700644 0.119336 0.0
          0.670200 0.361702 0.0
          0.703502 0.414141 0.0
          0.736598 0.471351 0.0
          0.769002 0.533008 0.0
          0.800541 0.599278 0.0
          0.761515 0.051180 0.0
          0.817135 0.026871 0.0
          0.875247 -0.001683 0.0
          0.935353 -0.034346 0.0
          0.997453 -0.071329 0.0
          0.693484 0.312947 0.0
          0.715586 0.262186 0.0
          0.755740 0.104713 0.0
          0.732236 0.209020 0.0
          0.747764 0.157998 0.0
          0.731277 0.362936 0.0
          0.768415 0.417513 0.0
          0.805124 0.476708 0.0
          0.841254 0.540640 0.0
          0.813337 0.084672 0.0
          0.873208 0.060619 0.0
          0.935485 0.032408 0.0
          1.000000 0.000000 0.0
          0.755568 0.309659 0.0
          0.776186 0.254591 0.0
          0.805434 0.142082 0.0
          0.792969 0.198649 0.0
          0.796370 0.361541 0.0
          0.837140 0.417998 0.0
          0.877679 0.479249 0.0
          0.866757 0.122552 0.0
          0.930796 0.099016 0.0
          0.997453 0.071329 0.0
          0.820361 0.303662 0.0
          0.840245 0.244298 0.0
          0.855783 0.183857 0.0
          0.864914 0.357150 0.0
          0.909632 0.415415 0.0
          0.921367 0.165095 0.0
          0.989824 0.142297 0.0
          0.888312 0.294480 0.0
          0.907180 0.230350 0.0
          0.936950 0.349463 0.0
          0.977149 0.212554 0.0
          0.959493 0.281732 0.0
        </DataArray>
      </Points>
      <Cells>
        <DataArray type="Int32" Name="connectivity" format="ascii">
          3 7 0
          0 8 1
          7 8 0
          1 11 2
          8 11 1
          2 12 9
          11 12 2
          3 4 17
          17 7 3
          4 6 18
          18 17 4
          5 15 19
          6 5 20
          20 18 6
          19 20 5
          7 17 23
          8 7 24
          23 24 7
          11 8 25
          24 25 8
          10 9 26
          12 26 9
          13 10 27
          26 27 10
          12 11 28
          25 28 11
          26 12 29
          28 29 12
          14 13 32
          27 32 13
          30 14 33
          32 33 14
          15 16 34
          34 19 15
          16 21 35
          35 34 16
          17 18 36
          36 23 17
          18 20 37
          37 36 18
          19 34 38
          20 19 39
          39 37 20
          38 39 19
          21 22 42
          42 35 21
          22 40 43
          43 42 22
          24 23 44
          23 36 45
          45 44 23
          25 24 48
          44 48 24
          28 25 49
          48 49 25
          27 26 50
          29 50 26
          32 27 51
          50 51 27
          29 28 52
          49 52 28
          50 29 53
          52 53 29
          31 30 54
          33 54 30
          46 31 55
          54 55 31
          33 32 56
          51 56 32
          54 33 57
          56 57 33
          34 35 60
          60 38 34
          35 42 61
          61 60 35
          36 37 62
          62 45 36
          37 39 63
          63 62 37
          38 60 64
          39 38 65
          65 63 39
          64 65 38
          40 41 66
          66 43 40
          41 58 67
          67 66 41
          42 43 68
          68 61 42
          43 66 69
          69 68 43
          48 44 70
          45 62 71
          44 45 72
          72 70 44
          71 72 45
          47 46 73
          55 73 46
          74 47 75
          73 75 47
          49 48 77
          70 77 48
          52 49 78
          77 78 49
          51 50 79
          53 79 50
          56 51 80
          79 80 51
          53 52 81
          78 81 52
          79 53 82
          81 82 53
          55 54 83
          57 83 54
          73 55 84
          83 84 55
          57 56 85
          80 85 56
          83 57 86
          85 86 57
          58 59 87
          87 67 58
          59 88 89
          89 87 59
          60 61 91
          91 64 60
          61 68 92
          92 91 61
          62 63 93
          93 71 62
          63 65 94
          94 93 63
          64 91 95
          65 64 96
          96 94 65
          95 96 64
          67 87 97
          66 67 98
          98 69 66
          97 98 67
          68 69 99
          99 92 68
          69 98 100
          100 99 69
          77 70 101
          70 72 102
          102 101 70
          71 93 103
          72 71 104
          104 102 72
          103 104 71
          75 73 105
          84 105 73
          76 74 106
          75 106 74
          106 75 107
          105 107 75
          108 76 109
          106 109 76
          81 78 111
          78 77 112
          112 111 78
          101 112 77
          80 79 113
          82 113 79
          85 80 114
          113 114 80
          82 81 115
          111 115 81
          113 82 116
          115 116 82
          84 83 117
          86 117 83
          105 84 118
          117 118 84
          86 85 119
          114 119 85
          117 86 120
          119 120 86
          87 89 121
          121 97 87
          88 90 122
          122 89 88
          89 122 123
          123 121 89
          90 124 125
          125 122 90
          91 92 126
          126 95 91
          92 99 127
          127 126 92
          93 94 128
          128 103 93
          94 96 129
          129 128 94
          95 126 130
          96 95 131
          131 129 96
          130 131 95
          97 121 132
          98 97 133
          133 100 98
          132 133 97
          100 133 134
          99 100 135
          135 127 99
          134 135 100
          137 112 101
          138 102 104
          101 102 139
          137 101 139
          138 139 102
          140 103 128
          104 103 141
          138 104 141
          140 141 103
          107 105 142
          118 142 105
          109 106 143
          107 143 106
          143 107 144
          142 144 107
          110 108 145
          109 145 108
          145 109 146
          143 146 109
          147 110 148
          145 148 110
          150 115 111
          111 112 151
          150 111 151
          137 151 112
          114 113 152
          116 152 113
          119 114 153
          152 153 114
          154 152 116
          116 115 155
          154 116 155
          150 155 115
          118 117 156
          120 156 117
          142 118 157
          156 157 118
          156 120 158
          120 119 159
          159 158 120
          153 159 119
          121 123 160
          160 132 121
          122 125 161
          161 123 122
          123 161 162
          162 160 123
          124 136 163
          163 125 124
          125 163 164
          164 161 125
          165 163 136
          127 135 166
          126 127 167
          167 130 126
          166 167 127
          168 129 131
          128 129 169
          140 128 169
          168 169 129
          170 130 167
          131 130 171
          168 131 171
          170 171 130
          132 160 172
          133 132 173
          173 134 133
          172 173 132
          134 173 174
          135 134 175
          175 166 135
          174 175 134
          136 176 165
          137 177 151
          137 139 177
          138 178 139
          138 141 178
          179 139 178
          179 177 139
          140 180 141
          140 169 180
          180 181 141
          181 178 141
          144 142 182
          157 182 142
          146 143 183
          144 183 143
          183 144 184
          182 184 144
          148 145 185
          146 185 145
          185 146 186
          183 186 146
          149 147 187
          148 187 147
          187 148 188
          185 188 148
          189 149 190
          187 190 149
          150 191 155
          150 151 191
          177 192 151
          192 191 151
          193 159 153
          153 152 194
          193 153 194
          154 194 152
          154 195 194
          154 155 195
          191 196 155
          196 195 155
          182 157 197
          157 156 198
          198 197 157
          158 198 156
          199 198 158
          158 159 200
          199 158 200
          193 200 159
          160 162 202
          202 172 160
          161 164 203
          203 162 161
          162 203 204
          204 202 162
          163 165 205
          205 164 163
          164 205 206
          206 203 164
          207 165 176
          165 207 208
          208 205 165
          209 166 175
          167 166 210
          170 167 210
          209 210 166
          168 211 169
          168 171 211
          212 169 211
          212 180 169
          170 213 171
          170 210 213
          214 171 213
          214 211 171
          172 202 215
          173 172 216
          216 174 173
          215 216 172
          217 174 216
          175 174 218
          209 175 218
          217 218 174
          176 219 207
          192 177 220
          179 220 177
          179 178 221
          179 221 220
          181 221 178
          181 180 222
          181 222 221
          212 222 180
          184 182 223
          197 223 182
          186 183 224
          224 183 184
          224 184 225
          223 225 184
          188 185 226
          186 226 185
          226 186 227
          224 227 186
          190 187 228
          188 228 187
          228 188 229
          226 229 188
          201 189 230
          190 230 189
          230 190 231
          228 231 190
          230 232 201
          196 191 233
          192 233 191
          192 220 233
          193 234 200
          193 194 234
          235 194 195
          235 234 194
          235 195 236
          196 236 195
          196 233 236
          237 223 197
          197 198 238
          237 197 238
          199 238 198
          199 239 238
          199 200 239
          234 240 200
          240 239 200
          201 232 241
          242 207 219
          202 204 243
          243 215 202
          203 206 244
          244 204 203
          204 244 245
          245 243 204
          205 208 246
          246 206 205
          206 246 247
          247 244 206
          207 242 248
          248 208 207
          208 248 249
          249 246 208
          209 250 210
          209 218 250
          250 251 210
          251 213 210
          212 211 252
          212 252 222
          214 252 211
          214 213 253
          214 253 252
          251 253 213
          254 215 243
          216 215 255
          217 216 255
          254 255 215
          217 256 218
          217 255 256
          256 257 218
          257 250 218
          219 258 242
          233 220 259
          220 221 260
          260 259 220
          221 222 261
          261 260 221
          222 252 262
          262 261 222
          225 223 263
          237 263 223
          227 224 264
          225 264 224
          265 264 225
          265 225 263
          229 226 266
          227 266 226
          266 227 267
          264 267 227
          231 228 268
          229 268 228
          268 229 269
          266 269 229
          232 230 270
          231 270 230
          270 231 271
          268 271 231
          232 272 241
          272 232 273
          270 273 232
          236 233 274
          259 274 233
          274 259 275
          240 234 276
          235 276 234
          235 236 276
          276 236 277
          274 277 236
          237 278 263
          237 238 278
          279 238 239
          279 278 238
          279 239 280
          240 280 239
          240 276 280
          241 272 282
          281 282 272
          283 242 258
          242 283 284
          284 248 242
          243 245 285
          254 243 285
          244 247 286
          286 245 244
          287 245 286
          287 285 245
          246 249 288
          288 247 246
          247 288 289
          289 286 247
          248 284 290
          290 249 248
          249 290 291
          291 288 249
          251 250 292
          251 292 253
          257 292 250
          252 253 293
          293 262 252
          253 292 294
          294 293 253
          254 295 255
          254 285 295
          295 296 255
          296 256 255
          257 256 297
          257 297 292
          296 297 256
          258 299 283
          298 283 299
          300 259 260
          300 275 259
          260 261 301
          300 260 301
          261 262 302
          302 301 261
          262 293 303
          303 302 262
          278 304 263
          265 263 305
          304 305 263
          267 264 306
          265 306 264
          265 305 306
          269 266 307
          267 307 266
          308 307 267
          308 267 306
          271 268 309
          269 309 268
          309 269 310
          307 310 269
          273 270 311
          271 311 270
          311 271 312
          309 312 271
          281 272 313
          273 313 272
          313 273 314
          311 314 273
          313 315 281
          275 300 316
          277 274 317
          275 317 274
          275 318 317
          316 318 275
          280 276 319
          277 319 276
          319 277 320
          317 320 277
          304 278 321
          279 321 278
          279 280 321
          321 280 322
          319 322 280
          323 281 315
          282 281 324
          323 324 281
          283 298 325
          325 284 283
          284 325 326
          326 290 284
          327 295 285
          287 328 285
          328 327 285
          286 289 329
          287 286 329
          287 329 328
          288 291 330
          330 289 288
          331 289 330
          331 329 289
          290 326 332
          332 291 290
          291 332 333
          333 330 291
          334 325 298
          292 297 335
          335 294 292
          293 294 336
          336 303 293
          294 335 337
          337 336 294
          296 295 338
          296 338 297
          327 338 295
          297 338 339
          339 335 297
          298 340 334
          299 341 298
          340 298 341
          301 342 300
          342 316 300
          301 302 343
          343 342 301
          303 344 302
          344 343 302
          303 336 345
          344 303 345
          346 316 342
          304 347 305
          304 321 347
          348 306 305
          348 305 347
          308 306 349
          348 349 306
          310 307 350
          308 350 307
          308 349 350
          312 309 351
          310 351 309
          352 351 310
          352 310 350
          314 311 353
          312 353 311
          353 312 354
          351 354 312
          315 313 355
          314 355 313
          355 314 356
          353 356 314
          315 357 323
          357 315 358
          355 358 315
          316 359 318
          346 359 316
          320 317 360
          318 360 317
          361 360 318
          361 318 359
          322 319 362
          320 362 319
          362 320 363
          360 363 320
          347 321 364
          322 364 321
          364 322 365
          362 365 322
          364 366 347
          368 323 357
          357 367 368
          324 323 369
          368 369 323
          325 334 370
          370 326 325
          326 370 371
          371 332 326
          327 328 372
          327 372 338
          373 328 329
          373 372 328
          331 374 329
          374 373 329
          330 333 375
          331 330 375
          331 375 374
          332 371 376
          376 333 332
          377 333 376
          377 375 333
          378 334 340
          334 378 379
          379 370 334
          335 339 380
          380 337 335
          336 337 381
          381 345 336
          337 380 382
          382 381 337
          338 372 383
          383 339 338
          339 383 384
          380 339 384
          340 386 378
          385 378 386
          341 387 340
          386 340 387
          343 388 342
          346 342 388
          389 343 344
          389 388 343
          344 345 390
          389 344 390
          391 345 381
          391 390 345
          346 392 359
          346 388 392
          348 394 349
          348 347 394
          394 347 366
          349 395 350
          395 349 394
          352 350 396
          395 396 350
          354 351 397
          352 397 351
          352 396 397
          356 353 398
          354 398 353
          399 398 354
          399 354 397
          358 355 400
          356 400 355
          400 356 401
          398 401 356
          367 357 402
          358 402 357
          402 358 403
          400 403 358
          402 404 367
          361 359 405
          359 392 405
          392 393 405
          360 406 363
          361 406 360
          361 405 406
          365 362 407
          363 407 362
          408 407 363
          408 363 406
          366 364 409
          409 364 365
          365 410 409
          407 410 365
          409 411 366
          366 412 394
          412 366 411
          413 367 404
          414 368 367
          367 413 414
          369 368 415
          414 415 368
          416 383 372
          370 379 417
          417 371 370
          371 417 418
          418 376 371
          373 374 419
          373 419 372
          372 419 416
          420 374 375
          420 419 374
          377 421 375
          421 420 375
          376 418 422
          377 376 422
          377 422 421
          378 385 423
          423 379 378
          379 423 424
          424 417 379
          425 423 385
          384 426 380
          426 382 380
          382 427 381
          391 381 427
          428 382 426
          428 427 382
          383 416 429
          429 384 383
          384 429 430
          430 426 384
          431 429 416
          385 432 425
          386 433 385
          432 385 433
          387 434 386
          433 386 434
          435 405 393
          389 436 388
          389 390 436
          388 436 392
          391 437 390
          391 427 437
          390 437 436
          438 392 436
          393 392 438
          439 435 393
          393 438 440
          439 393 440
          395 441 396
          395 394 441
          441 394 412
          396 442 397
          442 396 441
          399 397 443
          442 443 397
          401 398 444
          399 444 398
          399 443 444
          403 400 445
          401 445 400
          446 445 401
          446 401 444
          404 402 447
          403 447 402
          447 403 448
          445 448 403
          404 449 413
          449 404 450
          447 450 404
          408 406 451
          406 405 451
          435 451 405
          407 452 410
          408 452 407
          408 451 452
          411 409 453
          410 453 409
          454 453 410
          454 410 452
          455 412 411
          411 456 455
          453 456 411
          457 451 435
          412 458 441
          458 412 455
          455 459 458
          461 413 449
          449 460 461
          462 414 413
          413 461 462
          415 414 463
          462 463 414
          464 425 432
          465 416 419
          416 465 431
          417 424 466
          466 418 417
          467 418 466
          467 422 418
          420 421 468
          420 468 419
          419 468 465
          469 421 422
          469 468 421
          467 470 422
          470 469 422
          423 425 471
          471 424 423
          424 471 472
          472 466 424
          425 464 473
          473 471 425
          430 474 426
          428 426 474
          428 475 427
          428 474 475
          427 475 437
          431 476 429
          476 430 429
          477 430 476
          477 474 430
          478 476 431
          479 431 465
          478 431 479
          432 481 464
          480 464 481
          433 482 432
          481 432 482
          434 483 433
          482 433 483
          484 457 435
          439 484 435
          485 457 484
          437 486 436
          438 436 486
          487 437 475
          486 437 487
          486 488 438
          440 438 488
          439 489 484
          439 440 489
          490 440 488
          490 489 440
          442 491 443
          442 441 491
          491 441 458
          443 492 444
          492 443 491
          446 444 493
          492 493 444
          448 445 494
          446 494 445
          446 493 494
          450 447 495
          448 495 447
          496 495 448
          496 448 494
          460 449 497
          450 497 449
          497 450 498
          495 498 450
          497 499 460
          454 452 500
          452 451 500
          457 500 451
          453 501 456
          454 501 453
          454 500 501
          459 455 502
          456 502 455
          503 502 456
          503 456 501
          502 504 459
          457 505 500
          485 505 457
          458 506 491
          506 458 459
          459 507 506
          507 459 504
          508 460 499
          509 461 460
          460 508 509
          510 462 461
          461 509 510
          463 462 511
          510 511 462
          464 480 512
          512 473 464
          513 465 468
          465 513 479
          466 472 514
          467 466 514
          467 514 470
          469 470 515
          469 515 468
          513 468 515
          516 470 514
          516 515 470
          471 473 517
          517 472 471
          518 472 517
          518 514 472
          473 512 519
          519 517 473
          520 512 480
          477 521 474
          474 521 475
          522 475 521
          522 487 475
          478 524 476
          477 476 524
          477 524 521
          523 521 524
          478 479 525
          478 525 524
          526 479 513
          479 526 525
          480 527 520
          481 528 480
          527 480 528
          482 529 481
          528 481 529
          483 530 482
          529 482 530
          485 531 505
          485 532 531
          485 484 532
          489 532 484
          487 533 486
          488 486 533
          522 534 487
          533 487 534
          488 533 535
          490 488 535
          490 535 536
          489 536 532
          489 490 536
          492 537 493
          492 491 537
          537 491 506
          493 538 494
          538 493 537
          496 494 539
          538 539 494
          498 495 540
          496 540 495
          496 539 540
          499 497 541
          498 541 497
          542 541 498
          542 498 540
          499 543 508
          543 499 544
          541 544 499
          503 501 545
          501 500 545
          505 545 500
          502 546 504
          503 546 502
          503 545 546
          504 547 507
          548 547 504
          548 504 546
          549 545 505
          505 531 549
          550 549 531
          506 551 537
          551 506 507
          507 552 551
          552 507 547
          547 553 552
          555 508 543
          543 554 555
          556 509 508
          508 555 556
          557 510 509
          509 556 557
          511 510 558
          557 558 510
          520 559 512
          559 519 512
          560 513 515
          513 560 526
          518 561 514
          516 514 561
          516 561 562
          516 562 515
          562 560 515
          517 519 563
          518 517 563
          518 563 561
          564 519 559
          564 563 519
          565 520 527
          520 565 566
          566 559 520
          523 567 521
          522 567 534
          522 521 567
          523 568 567
          523 524 568
          569 526 560
          568 524 570
          525 570 524
          526 569 571
          571 525 526
          525 571 570
          527 573 565
          572 565 573
          528 574 527
          573 527 574
          529 575 528
          574 528 575
          530 576 529
          575 529 576
          550 531 577
          532 577 531
          532 536 577
          533 534 578
          578 535 533
          534 567 579
          578 534 579
          535 578 580
          535 580 536
          536 580 581
          581 577 536
          538 582 539
          538 537 582
          582 537 551
          583 540 539
          583 539 582
          542 540 584
          583 584 540
          544 541 585
          542 585 541
          542 584 585
          554 543 586
          544 586 543
          587 586 544
          587 544 585
          586 588 554
          548 546 589
          546 545 589
          549 589 545
          547 590 553
          548 590 547
          548 589 590
          591 553 590
          592 589 549
          550 592 549
          550 593 592
          550 577 593
          551 594 582
          594 551 552
          552 595 594
          595 552 553
          553 596 595
          591 596 553
          597 554 588
          598 555 554
          554 597 598
          599 556 555
          555 598 599
          600 557 556
          556 599 600
          558 557 601
          600 601 557
          566 602 559
          564 559 602
          560 603 569
          562 603 560
          561 563 604
          561 604 562
          562 604 603
          564 602 605
          564 605 563
          604 563 605
          565 572 606
          606 566 565
          607 566 606
          607 602 566
          608 606 572
          609 569 603
          568 610 567
          579 567 610
          568 570 611
          611 610 568
          569 609 612
          612 571 569
          613 571 612
          571 613 570
          611 570 613
          614 612 609
          572 615 608
          573 616 572
          615 572 616
          574 617 573
          616 573 617
          575 618 574
          617 574 618
          576 619 575
          618 575 619
          620 593 577
          620 577 581
          578 579 621
          578 621 580
          610 622 579
          621 579 622
          580 621 623
          580 623 581
          624 581 623
          581 624 620
          625 624 623
          583 626 584
          583 582 626
          626 582 594
          584 627 585
          627 584 626
          587 585 628
          627 628 585
          588 586 629
          587 629 586
          587 628 629
          588 630 597
          631 630 588
          631 588 629
          591 590 632
          590 589 632
          592 632 589
          591 633 596
          591 632 633
          592 634 632
          634 592 593
          635 634 593
          635 593 620
          594 636 626
          636 594 595
          595 637 636
          637 595 596
          638 637 596
          596 633 638
          639 638 633
          641 597 630
          640 641 630
          642 598 597
          597 641 642
          643 599 598
          598 642 643
          644 600 599
          599 643 644
          601 600 645
          644 645 600
          607 646 602
          602 646 605
          604 605 647
          604 647 603
          603 647 609
          648 605 646
          648 647 605
          606 608 649
          607 606 649
          607 649 646
          650 608 615
          651 608 650
          651 649 608
          652 609 647
          614 609 652
          611 653 610
          622 610 653
          613 654 611
          654 653 611
          614 655 612
          612 655 613
          654 613 655
          614 652 656
          614 656 655
          615 658 650
          657 650 658
          616 659 615
          658 615 659
          617 660 616
          659 616 660
          618 661 617
          660 617 661
          619 662 618
          661 618 662
          635 620 663
          663 620 624
          664 621 622
          621 664 623
          665 622 653
          665 664 622
          666 623 664
          625 623 666
          667 663 624
          667 624 668
          625 668 624
          625 666 669
          625 669 668
          627 670 628
          627 626 670
          670 626 636
          628 671 629
          671 628 670
          631 629 672
          671 672 629
          630 673 640
          631 673 630
          631 672 673
          674 640 673
          639 633 675
          633 632 675
          634 675 632
          634 676 675
          635 676 634
          635 663 676
          636 677 670
          677 636 637
          637 678 677
          678 637 638
          638 679 678
          639 679 638
          639 680 679
          639 675 680
          674 681 640
          641 640 682
          640 681 682
          683 642 641
          641 682 683
          684 643 642
          642 683 684
          685 644 643
          643 684 685
          645 644 686
          685 686 644
          646 649 687
          646 687 648
          648 688 647
          648 687 688
          688 652 647
          651 689 649
          689 687 649
          650 657 690
          651 650 690
          651 690 689
          691 690 657
          665 653 692
          652 688 693
          652 693 656
          694 653 654
          692 653 694
          695 654 655
          695 694 654
          656 696 655
          695 655 696
          656 693 697
          697 696 656
          691 657 698
          658 699 657
          698 657 699
          659 700 658
          699 658 700
          660 701 659
          700 659 701
          661 702 660
          701 660 702
          662 703 661
          702 661 703
          676 663 704
          667 704 663
          665 705 664
          692 705 665
          666 664 705
          706 666 705
          669 666 706
          707 669 706
          667 708 704
          667 668 708
          709 708 668
          707 709 669
          668 669 709
          671 710 672
          671 670 710
          710 670 677
          672 711 673
          711 672 710
          674 673 712
          711 712 673
          674 713 681
          674 712 713
          680 675 714
          714 675 676
          704 714 676
          715 680 714
          677 716 710
          716 677 678
          678 717 716
          717 678 679
          718 717 679
          679 680 718
          715 718 680
          681 713 720
          719 720 713
          721 682 681
          681 720 721
          722 683 682
          682 721 722
          723 684 683
          683 722 723
          724 685 684
          684 723 724
          686 685 725
          724 725 685
          687 689 726
          687 726 688
          693 688 726
          727 689 690
          727 726 689
          691 728 690
          728 727 690
          691 698 729
          691 729 728
          692 694 730
          692 730 705
          731 693 726
          731 697 693
          695 696 732
          695 732 694
          694 732 730
          697 733 696
          733 732 696
          734 697 731
          734 733 697
          698 736 729
          735 729 736
          699 737 698
          736 698 737
          700 738 699
          737 699 738
          701 739 700
          738 700 739
          702 740 701
          739 701 740
          703 741 702
          740 702 741
          704 742 714
          704 708 742
          743 705 730
          706 705 743
          743 744 706
          707 706 744
          707 744 745
          707 745 709
          709 745 746
          708 746 742
          709 746 708
          711 747 712
          711 710 747
          747 710 716
          712 748 713
          748 712 747
          719 713 749
          748 749 713
          715 714 750
          750 714 742
          715 751 718
          715 750 751
          716 752 747
          752 716 717
          717 753 752
          717 718 753
          718 751 753
          719 749 754
          719 755 720
          719 754 755
          756 721 720
          720 755 756
          757 722 721
          721 756 757
          758 723 722
          722 757 758
          759 724 723
          723 758 759
          725 724 760
          759 760 724
          727 728 761
          727 761 726
          731 726 761
          762 728 729
          762 761 728
          735 763 729
          762 729 763
          764 730 732
          730 764 743
          731 761 765
          734 731 765
          733 766 732
          766 764 732
          734 765 767
          734 767 733
          733 767 766
          735 768 763
          735 736 769
          735 769 768
          737 770 736
          769 736 770
          738 771 737
          770 737 771
          739 772 738
          771 738 772
          740 773 739
          772 739 773
          741 774 740
          773 740 774
          775 750 742
          775 742 776
          776 742 746
          777 743 764
          777 744 743
          778 744 777
          778 779 744
          779 745 744
          780 745 779
          780 781 745
          781 746 745
          782 746 781
          782 776 746
          748 783 749
          748 747 783
          783 747 752
          749 784 754
          784 749 783
          785 751 750
          775 785 750
          786 753 751
          785 786 751
          752 787 783
          787 752 753
          753 786 787
          784 788 754
          789 754 788
          790 755 754
          789 790 754
          791 756 755
          755 790 791
          792 757 756
          756 791 792
          793 758 757
          757 792 793
          794 759 758
          758 793 794
          795 760 759
          759 794 795
          762 763 796
          762 796 761
          761 796 765
          797 763 768
          797 796 763
          798 764 766
          764 798 777
          799 765 796
          765 799 767
          767 799 800
          767 800 766
          798 766 800
          797 768 801
          802 801 768
          769 803 768
          802 768 803
          770 804 769
          803 769 804
          771 805 770
          804 770 805
          772 806 771
          805 771 806
          773 807 772
          806 772 807
          774 808 773
          807 773 808
          775 809 785
          775 776 809
          809 776 810
          782 810 776
          811 777 798
          778 777 811
          778 811 812
          778 812 779
          813 779 812
          780 779 813
          780 813 814
          780 814 781
          815 781 814
          782 815 810
          782 781 815
          784 816 788
          784 783 816
          816 783 787
          786 785 817
          809 817 785
          787 818 816
          818 787 786
          786 817 818
          819 788 816
          789 788 820
          819 820 788
          789 821 790
          789 820 821
          822 791 790
          790 821 822
          823 792 791
          791 822 823
          824 793 792
          792 823 824
          825 794 793
          793 824 825
          826 795 794
          794 825 826
          797 801 827
          797 827 796
          796 827 799
          828 798 800
          811 798 828
          829 799 827
          799 829 800
          828 800 829
          830 827 801
          802 831 801
          830 801 831
          802 803 832
          802 832 831
          804 833 803
          832 803 833
          805 834 804
          833 804 834
          806 835 805
          834 805 835
          807 836 806
          835 806 836
          808 837 807
          836 807 837
          838 817 809
          810 838 809
          838 810 839
          810 815 839
          840 811 828
          811 840 812
          841 812 840
          813 812 841
          841 842 813
          814 813 842
          843 814 842
          843 839 815
          814 843 815
          819 816 844
          844 816 818
          818 845 844
          845 818 817
          817 838 845
          819 846 820
          819 844 846
          847 820 846
          848 821 820
          847 848 820
          849 822 821
          848 849 821
          850 823 822
          822 849 850
          851 824 823
          823 850 851
          852 825 824
          824 851 852
          853 826 825
          825 852 853
          830 854 827
          827 854 829
          855 829 854
          829 855 828
          840 828 855
          856 830 831
          830 856 854
          857 856 831
          832 858 831
          857 831 858
          833 859 832
          858 832 859
          834 860 833
          859 833 860
          835 861 834
          860 834 861
          836 862 835
          861 835 862
          837 863 836
          862 836 863
          864 845 838
          838 839 864
          865 864 839
          839 843 865
          855 866 840
          841 840 866
          867 841 866
          842 841 867
          842 867 868
          868 865 843
          843 842 868
          869 846 844
          869 844 870
          870 844 845
          845 864 870
          847 846 871
          846 869 871
          847 872 848
          847 871 872
          873 849 848
          848 872 873
          874 850 849
          849 873 874
          875 851 850
          850 874 875
          876 852 851
          851 875 876
          877 853 852
          852 876 877
          878 854 856
          878 879 854
          854 879 855
          866 855 879
          857 880 856
          878 856 880
          857 858 881
          857 881 880
          859 882 858
          881 858 882
          860 883 859
          882 859 883
          861 884 860
          883 860 884
          862 885 861
          884 861 885
          863 886 862
          885 862 886
          887 870 864
          864 865 887
          888 887 865
          865 868 888
          879 889 866
          867 866 889
          889 890 867
          890 888 868
          868 867 890
          869 891 871
          869 870 891
          892 891 870
          892 870 887
          893 871 891
          894 872 871
          893 894 871
          895 873 872
          872 894 895
          896 874 873
          873 895 896
          897 875 874
          874 896 897
          898 876 875
          875 897 898
          899 877 876
          876 898 899
          900 878 880
          878 900 879
          901 879 900
          901 889 879
          902 900 880
          881 903 880
          902 880 903
          882 904 881
          903 881 904
          883 905 882
          882 905 904
          884 906 883
          905 883 906
          885 907 884
          906 884 907
          886 908 885
          907 885 908
          892 887 909
          910 909 887
          910 887 888
          910 888 911
          912 911 888
          912 888 890
          901 913 889
          914 889 913
          914 890 889
          914 915 890
          912 890 915
          893 891 916
          891 892 916
          892 909 916
          893 917 894
          893 916 917
          918 895 894
          894 917 918
          919 896 895
          895 918 919
          920 897 896
          896 919 920
          921 898 897
          897 920 921
          922 899 898
          898 921 922
          902 923 900
          913 901 923
          901 900 923
          902 903 924
          902 924 923
          904 925 903
          924 903 925
          905 926 904
          925 904 926
          906 927 905
          926 905 927
          907 928 906
          927 906 928
          908 929 907
          928 907 929
          930 916 909
          930 909 931
          909 910 931
          910 911 931
          932 913 923
          933 931 911
          933 911 934
          912 934 911
          912 915 934
          932 935 913
          915 914 935
          914 913 935
          936 915 935
          936 934 915
          937 917 916
          930 937 916
          938 918 917
          917 937 938
          939 919 918
          918 938 939
          940 920 919
          919 939 940
          941 921 920
          920 940 941
          942 922 921
          921 941 942
          924 943 923
          932 923 943
          925 944 924
          943 924 944
          926 945 925
          944 925 945
          927 946 926
          945 926 946
          928 947 927
          946 927 947
          929 948 928
          947 928 948
          930 949 937
          930 931 949
          950 949 931
          933 950 931
          932 943 951
          932 951 935
          933 952 950
          933 934 952
          953 952 934
          936 953 934
          951 954 935
          936 954 953
          936 935 954
          938 937 955
          937 949 955
          956 939 938
          938 955 956
          957 940 939
          939 956 957
          958 941 940
          940 957 958
          959 942 941
          941 958 959
          944 960 943
          951 943 960
          945 961 944
          960 944 961
          946 962 945
          961 945 962
          947 963 946
          962 946 963
          948 964 947
          963 947 964
          965 955 949
          949 950 965
          965 950 966
          950 952 966
          960 967 951
          954 951 967
          968 966 952
          952 953 968
          967 969 954
          968 953 969
          953 954 969
          970 956 955
          955 965 970
          971 957 956
          956 970 971
          972 958 957
          957 971 972
          973 959 958
          958 972 973
          961 974 960
          967 960 974
          962 975 961
          974 961 975
          963 976 962
          975 962 976
          964 977 963
          976 963 977
          978 970 965
          966 978 965
          979 978 966
          966 968 979
          974 980 967
          969 967 980
          980 981 969
          981 979 968
          969 981 968
          982 971 970
          970 978 982
          983 972 971
          971 982 983
          984 973 972
          972 983 984
          975 985 974
          980 974 985
          976 986 975
          985 975 986
          977 987 976
          986 976 987
          988 982 978
          978 979 988
          989 988 979
          979 981 989
          985 990 980
          990 989 981
          981 980 990
          991 983 982
          982 988 991
          992 984 983
          983 991 992
          986 993 985
          990 985 993
          987 994 986
          993 986 994
          995 991 988
          988 989 995
          993 996 990
          996 995 989
          989 990 996
          997 992 991
          991 995 997
          994 998 993
          996 993 998
          998 999 996
          999 997 995
          995 996 999
        </DataArray>
        <DataArray type="Int32" Name="offsets" format="ascii">
          3
          6
          9
          12
          15
          18
          21
          24
          27
          30
          33
          36
          39
          42
          45
          48
          51
          54
          57
          60
          63
          66
          69
          72
          75
          78
          81
          84
          87
          90
          93
          96
          99
          102
          105
          108
          111
          114
          117
          120
          123
          126
          129
          132
          135
          138
          141
          144
          147
          150
          153
          156
          159
          162
          165
          168
          171
          174
          177
          180
          183
          186
          189
          192
          195
          198
          201
          204
          207
          210
          213
          216
          219
          222
          225
          228
          231
          234
          237
          240
          243
          246
          249
          252
          255
          258
          261
          264
          267
          270
          273
          276
          279
          282
          285
          288
          291
          294
          297
          300
          303
          306
          309
          312
          315
          318
          321
          324
          327
          330
          333
          336
          339
          342
          345
          348
          351
          354
          357
          360
          363
          366
          369
          372
          375
          378
          381
          384
          387
          390
          393
          396
          399
          402
          405
          408
          411
          414
          417
          420
          423
          426
          429
          432
          435
          438
          441
          444
          447
          450
          453
          456
          459
          462
          465
          468
          471
          474
          477
          480
          483
          486
          489
          492
          495
          498
          501
          504
          507
          510
          513
          516
          519
          522
          525
          528
          531
          534
          537
          540
          543
          546
          549
          552
          555
          558
          561
          564
          567
          570
          573
          576
          579
          582
          585
          588
          591
          594
          597
          600
          603
          606
          609
          612
          615
          618
          621
          624
          627
          630
          633
          636
          639
          642
          645
          648
          651
          654
          657
          660
          663
          666
          669
          672
          675
          678
          681
          684
          687
          690
          693
          696
          699
          702
          705
          708
          711
          714
          717
          720
          723
          726
          729
          732
          735
          738
          741
          744
          747
          750
          753
          756
          759
          762
          765
          768
          771
          774
          777
          780
          783
          786
          789
          792
          795
          798
          801
          804
          807
          810
          813
          816
          819
          822
          825
          828
          831
          834
          837
          840
          843
          846
          849
          852
          855
          858
          861
          864
          867
          870
          873
          876
          879
          882
          885
          888
          891
          894
          897
          900
          903
          906
          909
          912
          915
          918
          921
          924
          927
          930
          933
          936
          939
          942
          945
          948
          951
          954
          957
          960
          963
          966
          969
          972
          975
          978
          981
          984
          987
          990
          993
          996
          999
          1002
          1005
          1008
          1011
          1014
          1017
          1020
          1023
          1026
          1029
          1032
          1035
          1038
          1041
          1044
          1047
          1050
          1053
          1056
          1059
          1062
          1065
          1068
          1071
          1074
          1077
          1080
          1083
          1086
          1089
          1092
          1095
          1098
          1101
          1104
          1107
          1110
          1113
          1116
          1119
          1122
          1125
          1128
          1131
          1134
          1137
          1140
          1143
          1146
          1149
          1152
          1155
          1158
          1161
          1164
          1167
          1170
          1173
          1176
          1179
          1182
          1185
          1188
          1191
          1194
          1197
          1200
          1203
          1206
          1209
          1212
          1215
          1218
          1221
          1224
          1227
          1230
          1233
          1236
          1239
          1242
          1245
          1248
          1251
          1254
          1257
          1260
          1263
          1266
          1269
          1272
          1275
          1278
          1281
          1284
          1287
          1290
          1293
          1296
          1299
          1302
          1305
          1308
          1311
          1314
          1317
          1320
          1323
          1326
          1329
          1332
          1335
          1338
          1341
          1344
          1347
          1350
          1353
          1356
          1359
          1362
          1365
          1368
          1371
          1374
          1377
          1380
          1383
          1386
          1389
          1392
          1395
          1398
          1401
          1404
          1407
          1410
          1413
          1416
          1419
          1422
          1425
          1428
          1431
          1434
          1437
          1440
          1443
          1446
          1449
          1452
          1455
          1458
          1461
          1464
          1467
          1470
          1473
          1476
          1479
          1482
          1485
          1488
          1491
          1494
          1497
          1500
          1503
          1506
          1509
          1512
          1515
          1518
          1521
          1524
          1527
          1530
          1533
          1536
          1539
          1542
          1545
          1548
          1551
          1554
          1557
          1560
          1563
          1566
          1569
          1572
          1575
          1578
          1581
          1584
          1587
          1590
          1593
          1596
          1599
          1602
          1605
          1608
          1611
          1614
          1617
          1620
          1623
          1626
          1629
          1632
          1635
          1638
          1641
          1644
          1647
          1650
          1653
          1656
          1659
          1662
          1665
          1668
          1671
          1674
          1677
          1680
          1683
          1686
          1689
          1692
          1695
          1698
          1701
          1704
          1707
          1710
          1713
          1716
          1719
          1722
          1725
          1728
          1731
          1734
          1737
          1740
          1743
          1746
          1749
          1752
          1755
          1758
          1761
          1764
          1767
          1770
          1773
          1776
          1779
          1782
          1785
          1788
          1791
          1794
          1797
          1800
          1803
          1806
          1809
          1812
          1815
          1818
          1821
          1824
          1827
          1830
          1833
          1836
          1839
          1842
          1845
          1848
          1851
          1854
          1857
          1860
          1863
          1866
          1869
          1872
          1875
          1878
          1881
          1884
          1887
          1890
          1893
          1896
          1899
          1902
          1905
          1908
          1911
          1914
          1917
          1920
          1923
          1926
          1929
          1932
          1935
          1938
          1941
          1944
          1947
          1950
          1953
          1956
          1959
          1962
          1965
          1968
          1971
          1974
          1977
          1980
          1983
          1986
          1989
          1992
          1995
          1998
          2001
          2004
          2007
          2010
          2013
          2016
          2019
          2022
          2025
          2028
          2031
          2034
          2037
          2040
          2043
          2046
          2049
          2052
          2055
          2058
          2061
          2064
          2067
          2070
          2073
          2076
          2079
          2082
          2085
          2088
          2091
          2094
          2097
          2100
          2103
          2106
          2109
          2112
          2115
          2118
          2121
          2124
          2127
          2130
          2133
          2136
          2139
          2142
          2145
          2148
          2151
          2154
          2157
          2160
          2163
          2166
          2169
          2172
          2175
          2178
          2181
          2184
          2187
          2190
          2193
          2196
          2199
          2202
          2205
          2208
          2211
          2214
          2217
          2220
          2223
          2226
          2229
          2232
          2235
          2238
          2241
          2244
          2247
          2250
          2253
          2256
          2259
          2262
          2265
          2268
          2271
          2274
          2277
          2280
          2283
          2286
          2289
          2292
          2295
          2298
          2301
          2304
          2307
          2310
          2313
          2316
          2319
          2322
          2325
          2328
          2331
          2334
          2337
          2340
          2343
          2346
          2349
          2352
          2355
          2358
          2361
          2364
          2367
          2370
          2373
          2376
          2379
          2382
          2385
          2388
          2391
          2394
          2397
          2400
          2403
          2406
          2409
          2412
          2415
          2418
          2421
          2424
          2427
          2430
          2433
          2436
          2439
          2442
          2445
          2448
          2451
          2454
          2457
          2460
          2463
          2466
          2469
          2472
          2475
          2478
          2481
          2484
          2487
          2490
          2493
          2496
          2499
          2502
          2505
          2508
          2511
          2514
          2517
          2520
          2523
          2526
          2529
          2532
          2535
          2538
          2541
          2544
          2547
          2550
          2553
          2556
          2559
          2562
          2565
          2568
          2571
          2574
          2577
          2580
          2583
          2586
          2589
          2592
          2595
          2598
          2601
          2604
          2607
          2610
          2613
          2616
          2619
          2622
          2625
          2628
          2631
          2634
          2637
          2640
          2643
          2646
          2649
          2652
          2655
          2658
          2661
          2664
          2667
          2670
          2673
          2676
          2679
          2682
          2685
          2688
          2691
          2694
          2697
          2700
          2703
          2706
          2709
          2712
          2715
          2718
          2721
          2724
          2727
          2730
          2733
          2736
          2739
          2742
          2745
          2748
          2751
          2754
          2757
          2760
          2763
          2766
          2769
          2772
          2775
          2778
          2781
          2784
          2787
          2790
          2793
          2796
          2799
          2802
          2805
          2808
          2811
          2814
          2817
          2820
          2823
          2826
          2829
          2832
          2835
          2838
          2841
          2844
          2847
          2850
          2853
          2856
          2859
          2862
          2865
          2868
          2871
          2874
          2877
          2880
          2883
          2886
          2889
          2892
          2895
          2898
          2901
          2904
          2907
          2910
          2913
          2916
          2919
          2922
          2925
          2928
          2931
          2934
          2937
          2940
          2943
          2946
          2949
          2952
          2955
          2958
          2961
          2964
          2967
          2970
          2973
          2976
          2979
          2982
          2985
          2988
          2991
          2994
          2997
          3000
          3003
          3006
          3009
          3012
          3015
          3018
          3021
          3024
          3027
          3030
          3033
          3036
          3039
          3042
          3045
          3048
          3051
          3054
          3057
          3060
          3063
          3066
          3069
          3072
          3075
          3078
          3081
          3084
          3087
          3090
          3093
          3096
          3099
          3102
          3105
          3108
          3111
          3114
          3117
          3120
          3123
          3126
          3129
          3132
          3135
          3138
          3141
          3144
          3147
          3150
          3153
          3156
          3159
          3162
          3165
          3168
          3171
          3174
          3177
          3180
          3183
          3186
          3189
          3192
          3195
          3198
          3201
          3204
          3207
          3210
          3213
          3216
          3219
          3222
          3225
          3228
          3231
          3234
          3237
          3240
          3243
          3246
          3249
          3252
          3255
          3258
          3261
          3264
          3267
          3270
          3273
          3276
          3279
          3282
          3285
          3288
          3291
          3294
          3297
          3300
          3303
          3306
          3309
          3312
          3315
          3318
          3321
          3324
          3327
          3330
          3333
          3336
          3339
          3342
          3345
          3348
          3351
          3354
          3357
          3360
          3363
          3366
          3369
          3372
          3375
          3378
          3381
          3384
          3387
          3390
          3393
          3396
          3399
          3402
          3405
          3408
          3411
          3414
          3417
          3420
          3423
          3426
          3429
          3432
          3435
          3438
          3441
          3444
          3447
          3450
          3453
          3456
          3459
          3462
          3465
          3468
          3471
          3474
          3477
          3480
          3483
          3486
          3489
          3492
          3495
          3498
          3501
          3504
          3507
          3510
          3513
          3516
          3519
          3522
          3525
          3528
          3531
          3534
          3537
          3540
          3543
          3546
          3549
          3552
          3555
          3558
          3561
          3564
          3567
          3570
          3573
          3576
          3579
          3582
          3585
          3588
          3591
          3594
          3597
          3600
          3603
          3606
          3609
          3612
          3615
          3618
          3621
          3624
          3627
          3630
          3633
          3636
          3639
          3642
          3645
          3648
          3651
          3654
          3657
          3660
          3663
          3666
          3669
          3672
          3675
          3678
          3681
          3684
          3687
          3690
          3693
          3696
          3699
          3702
          3705
          3708
          3711
          3714
          3717
          3720
          3723
          3726
          3729
          3732
          3735
          3738
          3741
          3744
          3747
          3750
          3753
          3756
          3759
          3762
          3765
          3768
          3771
          3774
          3777
          3780
          3783
          3786
          3789
          3792
          3795
          3798
          3801
          3804
          3807
          3810
          3813
          3816
          3819
          3822
          3825
          3828
          3831
          3834
          3837
          3840
          3843
          3846
          3849
          3852
          3855
          3858
          3861
          3864
          3867
          3870
          3873
          3876
          3879
          3882
          3885
          3888
          3891
          3894
          3897
          3900
          3903
          3906
          3909
          3912
          3915
          3918
          3921
          3924
          3927
          3930
          3933
          3936
          3939
          3942
          3945
          3948
          3951
          3954
          3957
          3960
          3963
          3966
          3969
          3972
          3975
          3978
          3981
          3984
          3987
          3990
          3993
          3996
          3999
          4002
          4005
          4008
          4011
          4014
          4017
          4020
          4023
          4026
          4029
          4032
          4035
          4038
          4041
          4044
          4047
          4050
          4053
          4056
          4059
          4062
          4065
          4068
          4071
          4074
          4077
          4080
          4083
          4086
          4089
          4092
          4095
          4098
          4101
          4104
          4107
          4110
          4113
          4116
          4119
          4122
          4125
          4128
          4131
          4134
          4137
          4140
          4143
          4146
          4149
          4152
          4155
          4158
          4161
          4164
          4167
          4170
          4173
          4176
          4179
          4182
          4185
          4188
          4191
          4194
          4197
          4200
          4203
          4206
          4209
          4212
          4215
          4218
          4221
          4224
          4227
          4230
          4233
          4236
          4239
          4242
          4245
          4248
          4251
          4254
          4257
          4260
          4263
          4266
          4269
          4272
          4275
          4278
          4281
          4284
          4287
          4290
          4293
          4296
          4299
          4302
          4305
          4308
          4311
          4314
          4317
          4320
          4323
          4326
          4329
          4332
          4335
          4338
          4341
          4344
          4347
          4350
          4353
          4356
          4359
          4362
          4365
          4368
          4371
          4374
          4377
          4380
          4383
          4386
          4389
          4392
          4395
          4398
          4401
          4404
          4407
          4410
          4413
          4416
          4419
          4422
          4425
          4428
          4431
          4434
          4437
          4440
          4443
          4446
          4449
          4452
          4455
          4458
          4461
          4464
          4467
          4470
          4473
          4476
          4479
          4482
          4485
          4488
          4491
          4494
          4497
          4500
          4503
          4506
          4509
          4512
          4515
          4518
          4521
          4524
          4527
          4530
          4533
          4536
          4539
          4542
          4545
          4548
          4551
          4554
          4557
          4560
          4563
          4566
          4569
          4572
          4575
          4578
          4581
          4584
          4587
          4590
          4593
          4596
          4599
          4602
          4605
          4608
          4611
          4614
          4617
          4620
          4623
          4626
          4629
          4632
          4635
          4638
          4641
          4644
          4647
          4650
          4653
          4656
          4659
          4662
          4665
          4668
          4671
          4674
          4677
          4680
          4683
          4686
          4689
          4692
          4695
          4698
          4701
          4704
          4707
          4710
          4713
          4716
          4719
          4722
          4725
          4728
          4731
          4734
          4737
          4740
          4743
          4746
          4749
          4752
          4755
          4758
          4761
          4764
          4767
          4770
          4773
          4776
          4779
          4782
          4785
          4788
          4791
          4794
          4797
          4800
          4803
          4806
          4809
          4812
          4815
          4818
          4821
          4824
          4827
          4830
          4833
          4836
          4839
          4842
          4845
          4848
          4851
          4854
          4857
          4860
          4863
          4866
          4869
          4872
          4875
          4878
          4881
          4884
          4887
          4890
          4893
          4896
          4899
          4902
          4905
          4908
          4911
          4914
          4917
          4920
          4923
          4926
          4929
          4932
          4935
          4938
          4941
          4944
          4947
          4950
          4953
          4956
          4959
          4962
          4965
          4968
          4971
          4974
          4977
          4980
          4983
          4986
          4989
          4992
          4995
          4998
          5001
          5004
          5007
          5010
          5013
          5016
          5019
          5022
          5025
          5028
          5031
          5034
          5037
          5040
          5043
          5046
          5049
          5052
          5055
          5058
          5061
          5064
          5067
          5070
          5073
          5076
          5079
          5082
          5085
          5088
          5091
          5094
          5097
          5100
          5103
          5106
          5109
          5112
          5115
          5118
          5121
          5124
          5127
          5130
          5133
          5136
          5139
          5142
          5145
          5148
          5151
          5154
          5157
          5160
          5163
          5166
          5169
          5172
          5175
          5178
          5181
          5184
          5187
          5190
          5193
          5196
          5199
          5202
          5205
          5208
          5211
          5214
          5217
          5220
          5223
          5226
          5229
          5232
          5235
          5238
          5241
          5244
          5247
          5250
          5253
          5256
          5259
          5262
          5265
          5268
          5271
          5274
          5277
          5280
          5283
          5286
          5289
          5292
          5295
          5298
          5301
          5304
          5307
          5310
          5313
          5316
          5319
          5322
          5325
          5328
          5331
          5334
          5337
          5340
          5343
          5346
          5349
          5352
          5355
          5358
          5361
          5364
          5367
          5370
          5373
          5376
          5379
          5382
          5385
          5388
          5391
          5394
          5397
          5400
          5403
          5406
          5409
          5412
          5415
          5418
          5421
          5424
          5427
          5430
          5433
          5436
          5439
          5442
          5445
          5448
          5451
          5454
          5457
          5460
          5463
          5466
          5469
          5472
          5475
          5478
          5481
          5484
          5487
          5490
          5493
          5496
          5499
          5502
          5505
          5508
          5511
          5514
          5517
          5520
          5523
          5526
          5529
          5532
          5535
          5538
          5541
          5544
          5547
          5550
          5553
          5556
          5559
          5562
          5565
          5568
          5571
          5574
          5577
          5580
          5583
          5586
          5589
          5592
          5595
          5598
          5601
          5604
          5607
          5610
          5613
          5616
          5619
          5622
          5625
          5628
          5631
          5634
          5637
          5640
          5643
          5646
          5649
          5652
          5655
          5658
          5661
          5664
          5667
          5670
          5673
          5676
          5679
          5682
          5685
          5688
          5691
          5694
          5697
          5700
          5703
          5706
          5709
          5712
          5715
          5718
          5721
          5724
          5727
          5730
        </DataArray>
        <DataArray type="UInt8" Name="types" format="ascii">
          5
          5
          5
          5
          5
          5
          5
          5
          5
          5
          5
          5
          5
          5
          5
          5
          5
          5
          5
          5
          5
          5
          5
          5
          5
          5
          5
          5
          5
          5
          5
          5
          5
          5
          5
          5
          5
          5
          5
          5
          5
          5
          5
          5
          5
          5
          5
          5
          5
          5
          5
          5
          5
          5
          5
          5
          5
          5
          5
          5
          5
          5
          5
          5
          5
          5
          5
          5
          5
          5
          5
          5
          5
          5
          5
          5
          5
          5
          5
          5
          5
          5
          5
          5
          5
          5
          5
          5
          5
          5
          5
          5
          5
          5
          5
          5
          5
          5
          5
          5
          5
          5
          5
          5
          5
          5
          5
          5
          5
          5
          5
          5
          5
          5
          5
          5
          5
          5
          5
          5
          5
          5
          5
          5
          5
          5
          5
          5
          5
          5
          5
          5
          5
          5
          5
          5
          5
          5
          5
          5
          5
          5
          5
          5
          5
          5
          5
          5
          5
          5
          5
          5
          5
          5
          5
          5
          5
          5
          5
          5
          5
          5
          5
          5
          5
          5
          5
          5
          5
          5
          5
          5
          5
          5
          5
          5
          5
          5
          5
          5
          5
          5
          5
          5
          5
          5
          5
          5
          5
          5
          5
          5
          5
          5
          5
          5
          5
          5
          5
          5
          5
          5
          5
          5
          5
          5
          5
          5
          5
          5
          5
          5
          5
          5
          5
          5
          5
          5
          5
          5
          5
          5
          5
          5
          5
          5
          5
          5
          5
          5
          5
          5
          5
          5
          5
          5
          5
          5
          5
          5
          5
          5
          5
          5
          5
          5
          5
          5
          5
          5
          5
          5
          5
          5
          5
          5
          5
          5
          5
          5
          5
          5
          5
          5
          5
          5
          5
          5
          5
          5
          5
          5
          5
          5
          5
          5
          5
          5
          5
          5
          5
          5
          5
          5
          5
          5
          5
          5
          5
          5
          5
          5
          5
          5
          5
          5
          5
          5
          5
          5
          5
          5
          5
          5
          5
          5
          5
          5
          5
          5
          5
          5
          5
          5
          5
          5
          5
          5
          5
          5
          5
          5
          5
          5
          5
          5
          5
          5
          5
          5
          5
          5
          5
          5
          5
          5
          5
          5
          5
          5
          5
          5
          5
          5
          5
          5
          5
          5
          5
          5
          5
          5
          5
          5
          5
          5
          5
          5
          5
          5
          5
          5
          5
          5
          5
          5
          5
          5
          5
          5
          5
          5
          5
          5
          5
          5
          5
          5
          5
          5
          5
          5
          5
          5
          5
          5
          5
          5
          5
          5
          5
          5
          5
          5
          5
          5
          5
          5
          5
          5
          5
          5
          5
          5
          5
          5
          5
          5
          5
          5
          5
          5
          5
          5
          5
          5
          5
          5
          5
          5
          5
          5
          5
          5
          5
          5
          5
          5
          5
          5
          5
          5
          5
          5
          5
          5
          5
          5
          5
          5
          5
          5
          5
          5
          5
          5
          5
          5
          5
          5
          5
          5
          5
          5
          5
          5
          5
          5
          5
          5
          5
          5
          5
          5
          5
          5
          5
          5
          5
          5
          5
          5
          5
          5
          5
          5
          5
          5
          5
          5
          5
          5
          5
          5
          5
          5
          5
          5
          5
          5
          5
          5
          5
          5
          5
          5
          5
          5
          5
          5
          5
          5
          5
          5
          5
          5
          5
          5
          5
          5
          5
          5
          5
          5
          5
          5
          5
          5
          5
          5
          5
          5
          5
          5
          5
          5
          5
          5
          5
          5
          5
          5
          5
          5
          5
          5
          5
          5
          5
          5
          5
          5
          5
          5
          5
          5
          5
          5
          5
          5
          5
          5
          5
          5
          5
          5
          5
          5
          5
          5
          5
          5
          5
          5
          5
          5
          5
          5
          5
          5
          5
          5
          5
          5
          5
          5
          5
          5
          5
          5
          5
          5
          5
          5
          5
          5
          5
          5
          5
          5
          5
          5
          5
          5
          5
          5
          5
          5
          5
          5
          5
          5
          5
          5
          5
          5
          5
          5
          5
          5
          5
          5
          5
          5
          5
          5
          5
          5
          5
          5
          5
          5
          5
          5
          5
          5
          5
          5
          5
          5
          5
          5
          5
          5
          5
          5
          5
          5
          5
          5
          5
          5
          5
          5
          5
          5
          5
          5
          5
          5
          5
          5
          5
          5
          5
          5
          5
          5
          5
          5
          5
          5
          5
          5
          5
          5
          5
          5
          5
          5
          5
          5
          5
          5
          5
          5
          5
          5
          5
          5
          5
          5
          5
          5
          5
          5
          5
          5
          5
          5
          5
          5
          5
          5
          5
          5
          5
          5
          5
          5
          5
          5
          5
          5
          5
          5
          5
          5
          5
          5
          5
          5
          5
          5
          5
          5
          5
          5
          5
          5
          5
          5
          5
          5
          5
          5
          5
          5
          5
          5
          5
          5
          5
          5
          5
          5
          5
          5
          5
          5
          5
          5
          5
          5
          5
          5
          5
          5
          5
          5
          5
          5
          5
          5
          5
          5
          5
          5
          5
          5
          5
          5
          5
          5
          5
          5
          5
          5
          5
          5
          5
          5
          5
          5
          5
          5
          5
          5
          5
          5
          5
          5
          5
          5
          5
          5
          5
          5
          5
          5
          5
          5
          5
          5
          5
          5
          5
          5
          5
          5
          5
          5
          5
          5
          5
          5
          5
          5
          5
          5
          5
          5
          5
          5
          5
          5
          5
          5
          5
          5
          5
          5
          5
          5
          5
          5
          5
          5
          5
          5
          5
          5
          5
          5
          5
          5
          5
          5
          5
          5
          5
          5
          5
          5
          5
          5
          5
          5
          5
          5
          5
          5
          5
          5
          5
          5
          5
          5
          5
          5
          5
          5
          5
          5
          5
          5
          5
          5
          5
          5
          5
          5
          5
          5
          5
          5
          5
          5
          5
          5
          5
          5
          5
          5
          5
          5
          5
          5
          5
          5
          5
          5
          5
          5
          5
          5
          5
          5
          5
          5
          5
          5
          5
          5
          5
          5
          5
          5
          5
          5
          5
          5
          5
          5
          5
          5
          5
          5
          5
          5
          5
          5
          5
          5
          5
          5
          5
          5
          5
          5
          5
          5
          5
          5
          5
          5
          5
          5
          5
          5
          5
          5
          5
          5
          5
          5
          5
          5
          5
          5
          5
          5
          5
          5
          5
          5
          5
          5
          5
          5
          5
          5
          5
          5
          5
          5
          5
          5
          5
          5
          5
          5
          5
          5
          5
          5
          5
          5
          5
          5
          5
          5
          5
          5
          5
          5
          5
          5
          5
          5
          5
          5
          5
          5
          5
          5
          5
          5
          5
          5
          5
          5
          5
          5
          5
          5
          5
          5
          5
          5
          5
          5
          5
          5
          5
          5
          5
          5
          5
          5
          5
          5
          5
          5
          5
          5
          5
          5
          5
          5
          5
          5
          5
          5
          5
          5
          5
          5
          5
          5
          5
          5
          5
          5
          5
          5
          5
          5
          5
          5
          5
          5
          5
          5
          5
          5
          5
          5
          5
          5
          5
          5
          5
          5
          5
          5
          5
          5
          5
          5
          5
          5
          5
          5
          5
          5
          5
          5
          5
          5
          5
          5
          5
          5
          5
          5
          5
          5
          5
          5
          5
          5
          5
          5
          5
          5
          5
          5
          5
          5
          5
          5
          5
          5
          5
          5
          5
          5
          5
          5
          5
          5
          5
          5
          5
          5
          5
          5
          5
          5
          5
          5
          5
          5
          5
          5
          5
          5
          5
          5
          5
          5
          5
          5
          5
          5
          5
          5
          5
          5
          5
          5
          5
          5
          5
          5
          5
          5
          5
          5
          5
          5
          5
          5
          5
          5
          5
          5
          5
          5
          5
          5
          5
          5
          5
          5
          5
          5
          5
          5
          5
          5
          5
          5
          5
          5
          5
          5
          5
          5
          5
          5
          5
          5
          5
          5
          5
          5
          5
          5
          5
          5
          5
          5
          5
          5
          5
          5
          5
          5
          5
          5
          5
          5
          5
          5
          5
          5
          5
          5
          5
          5
          5
          5
          5
          5
          5
          5
          5
          5
          5
          5
          5
          5
          5
          5
          5
          5
          5
          5
          5
          5
          5
          5
          5
          5
          5
          5
          5
          5
          5
          5
          5
          5
          5
          5
          5
          5
          5
          5
          5
          5
          5
          5
          5
          5
          5
          5
          5
          5
          5
          5
          5
          5
          5
          5
          5
          5
          5
          5
          5
          5
          5
          5
          5
          5
          5
          5
          5
          5
          5
          5
          5
          5
          5
          5
          5
          5
          5
          5
          5
          5
          5
          5
          5
          5
          5
          5
          5
          5
          5
          5
          5
          5
          5
          5
          5
          5
          5
          5
          5
          5
          5
          5
          5
          5
          5
          5
          5
          5
          5
          5
          5
          5
          5
          5
          5
          5
          5
          5
          5
          5
          5
          5
          5
          5
          5
          5
          5
          5
          5
          5
          5
          5
          5
          5
          5
          5
          5
          5
          5
          5
          5
          5
          5
          5
          5
          5
          5
          5
          5
          5
          5
          5
          5
          5
          5
          5
          5
          5
          5
          5
          5
          5
          5
          5
          5
          5
          5
          5
          5
          5
          5
          5
          5
          5
          5
          5
          5
          5
          5
          5
          5
          5
          5
          5
          5
          5
          5
          5
          5
          5
          5
          5
          5
          5
          5
          5
          5
          5
          5
          5
          5
          5
          5
          5
          5
          5
          5
          5
          5
          5
          5
          5
          5
          5
          5
          5
          5
          5
          5
          5
          5
          5
          5
          5
          5
          5
          5
          5
          5
          5
          5
          5
          5
          5
          5
          5
          5
          5
          5
          5
          5
          5
          5
          5
          5
          5
          5
          5
          5
          5
          5
          5
          5
          5
          5
          5
          5
          5
          5
          5
          5
          5
          5
          5
          5
          5
          5
          5
          5
          5
          5
          5
          5
          5
          5
          5
          5
          5
          5
          5
          5
          5
          5
          5
          5
          5
          5
          5
          5
          5
          5
          5
          5
          5
          5
          5
          5
          5
          5
          5
          5
          5
          5
          5
          5
          5
          5
          5
          5
          5
          5
          5
          5
          5
          5
          5
          5
          5
          5
          5
          5
          5
          5
          5
          5
          5
          5
          5
          5
          5
          5
          5
          5
          5
          5
          5
          5
          5
          5
          5
          5
          5
          5
          5
          5
          5
          5
          5
          5
          5
          5
          5
          5
          5
          5
          5
          5
          5
          5
          5
          5
          5
          5
          5
          5
          5
          5
          5
          5
          5
          5
          5
          5
          5
          5
          5
          5
          5
          5
          5
          5
          5
          5
          5
          5
          5
          5
          5
          5
          5
          5
          5
          5
          5
          5
          5
          5
          5
          5
          5
          5
          5
          5
          5
          5
          5
          5
          5
          5
          5
          5
          5
          5
          5
          5
          5
          5
          5
          5
          5
          5
          5
          5
          5
          5
          5
          5
          5
          5
          5
          5
          5
          5
          5
          5
          5
          5
          5
          5
          5
          5
          5
          5
          5
          5
          5
          5
          5
          5
          5
          5
          5
          5
          5
          5
          5
          5
          5
          5
          5
          5
          5
          5
          5
          5
          5
          5
          5
          5
          5
          5
          5
          5
          5
          5
          5
          5
          5
          5
          5
          5
          5
          5
          5
          5
          5
          5
          5
          5
          5
          5
          5
          5
          5
          5
          5
          5
          5
          5
          5
          5
          5
          5
          5
          5
          5
          5
          5
          5
          5
          5
          5
          5
          5
          5
          5
          5
          5
          5
          5
          5
          5
          5
          5
          5
          5
          5
          5
          5
          5
          5
          5
          5
          5
          5
          5
          5
          5
          5
          5
          5
          5
          5
          5
          5
          5
          5
          5
          5
          5
          5
          5
          5
          5
          5
          5
          5
          5
          5
          5
          5
          5
          5
          5
          5
          5
          5
          5
          5
          5
          5
          5
          5
          5
          5
          5
          5
          5
          5
          5
          5
          5
          5
          5
          5
          5
          5
          5
          5
          5
          5
          5
          5
          5
          5
          5
          5
          5
          5
          5
          5
          5
          5
          5
          5
          5
          5
          5
          5
          5
          5
          5
          5
          5
          5
          5
          5
          5
          5
          5
          5
          5
          5
          5
          5
          5
          5
          5
          5
          5
          5
          5
          5
          5
          5
          5
          5
          5
          5
          5
          5
          5
          5
          5
          5
          5
          5
          5
          5
          5
          5
          5
          5
          5
          5
          5
          5
          5
          5
          5
          5
          5
          5
          5
          5
          5
          5
          5
          5
          5
          5
          5
          5
          5
          5
          5
          5
          5
          5
          5
          5
          5
          5
          5
          5
          5
          5
          5
          5
          5
          5
          5
          5
          5
          5
          5
          5
          5
        </DataArray>
      </Cells>
      <PointData Scalars="exact_solution">
        <DataArray type="Float64" Name="exact_solution" format="ascii">
          -0.000000
          0.000000
          -0.000000
          0.000000
          -0.000000
          0.000000
          -0.000000
          0.306356
          0.306651
          -0.000000
          0.000000
          0.306891
          0.307123
          0.000000
          0.000000
          -0.000000
          0.000000
          0.306034
          0.305730
          0.305105
          0.305439
          0.000000
          -0.000000
          0.579413
          0.579865
          0.580254
          0.307406
          0.307721
          0.580598
          0.580931
          0.000000
          0.000000
          0.307979
          0.308136
          0.304791
          0.304621
          0.578982
          0.578628
          0.577433
          0.578107
          0.000000
          0.000000
          0.304601
          0.304702
          0.823231
          0.822769
          0.000000
          -0.000000
          0.823677
          0.824066
          0.581333
          0.581786
          0.824454
          0.824719
          0.308220
          0.308289
          0.582161
          0.582368
          0.000000
          -0.000000
          0.576987
          0.576848
          0.822536
          0.821943
          0.820687
          0.821154
          0.304906
          0.305182
          0.576900
          0.577096
          1.039962
          1.039151
          1.039052
          0.308382
          0.000000
          0.308489
          0.000000
          1.039921
          1.040565
          0.825021
          0.825521
          1.040681
          1.040826
          0.582486
          0.582677
          0.825915
          0.826136
          0.305505
          0.000000
          0.305844
          0.000000
          0.820317
          0.820137
          1.038580
          1.037902
          1.037312
          1.036789
          0.577967
          0.577474
          0.820130
          0.820358
          1.231237
          1.232576
          1.232037
          1.229541
          0.582938
          0.308541
          0.583289
          0.000000
          0.308409
          -0.000000
          1.231524
          1.232627
          1.040918
          1.041828
          1.233221
          1.230330
          0.826306
          0.826461
          1.042081
          1.042135
          0.578426
          0.306202
          0.578914
          0.000000
          0.306591
          1.036556
          1.036679
          1.228511
          1.230206
          1.231991
          1.227853
          0.821313
          0.820820
          1.036600
          1.036043
          0.000000
          1.377122
          1.377619
          1.424336
          1.375815
          1.422369
          0.826764
          0.583441
          0.828082
          0.308115
          0.582950
          0.000000
          0.307890
          0.000000
          1.378927
          1.424902
          1.233714
          1.232649
          1.378044
          1.423749
          1.042104
          1.042211
          1.232956
          1.233302
          0.821815
          0.579479
          0.822332
          0.306989
          0.580099
          0.307383
          1.229244
          1.228231
          1.373991
          1.418992
          1.376309
          1.420155
          1.037686
          1.036687
          1.227921
          1.227821
          0.000000
          1.542327
          1.548191
          1.604969
          1.532846
          1.602017
          1.041978
          0.828091
          1.048301
          0.582230
          0.826552
          0.307853
          0.581866
          0.000000
          0.307956
          1.548706
          1.605922
          1.378697
          1.423811
          1.547468
          1.606784
          1.231999
          1.234155
          1.379905
          1.423441
          0.000000
          1.037720
          0.822990
          1.038645
          0.580828
          0.823827
          0.307691
          0.581629
          1.375692
          1.419306
          1.537604
          1.598655
          1.538082
          1.599487
          1.230162
          1.228562
          1.375596
          1.418249
          0.000000
          1.736723
          1.736011
          1.732757
          1.235998
          1.043098
          1.234259
          0.825814
          1.042191
          0.581884
          0.825629
          0.308123
          0.582204
          0.308272
          1.738144
          1.536542
          1.603766
          1.737397
          1.378111
          1.423035
          1.544321
          1.602609
          -0.000000
          0.307801
          1.229272
          1.038964
          1.230718
          0.824969
          1.040455
          0.582126
          0.825816
          1.532856
          1.599240
          1.732054
          1.730990
          1.377718
          1.420877
          1.532719
          1.599863
          -0.000000
          1.919881
          1.918371
          1.917401
          1.916621
          1.424377
          1.233661
          1.379814
          1.041576
          1.232878
          0.825946
          1.042033
          0.582609
          0.826342
          0.308441
          0.582822
          1.919807
          2.064122
          1.734792
          1.918705
          1.535857
          1.602533
          1.735292
          0.308792
          -0.000000
          0.307759
          0.582073
          1.421670
          1.230384
          1.377763
          1.041573
          1.232943
          0.826424
          1.044773
          1.729994
          1.915207
          1.913009
          1.542180
          1.603176
          1.730978
          0.307709
          -0.000000
          2.056493
          2.063296
          2.059308
          2.061809
          1.603884
          1.547127
          1.425284
          1.234263
          1.378799
          1.042300
          1.232617
          0.826688
          1.043084
          0.583051
          0.826929
          0.583698
          2.168069
          2.060354
          2.167233
          1.918812
          2.062628
          1.735322
          1.919871
          0.309313
          0.000000
          0.581851
          0.825780
          1.602971
          1.534983
          1.420647
          1.231861
          1.377601
          1.041649
          1.236831
          0.581835
          1.912194
          2.056122
          2.054015
          1.732896
          1.914122
          0.307725
          0.000000
          2.166935
          2.167785
          2.167702
          2.166320
          2.241242
          1.737870
          1.606058
          1.543162
          1.423537
          1.236047
          1.378265
          1.042890
          1.233812
          0.827267
          1.043111
          0.584601
          0.827991
          2.258668
          2.168926
          2.240620
          2.061094
          2.167969
          1.920508
          2.066651
          1.921486
          0.585339
          0.309818
          -0.000000
          0.825672
          1.041663
          1.731707
          1.600410
          1.535310
          1.421811
          1.232447
          1.379784
          0.581992
          0.826129
          2.052870
          2.163777
          2.164817
          1.913908
          2.059347
          0.582058
          0.307766
          -0.000000
          2.259449
          2.242535
          2.257841
          2.238165
          2.327232
          2.401111
          1.738112
          1.604773
          1.541602
          1.425121
          1.235359
          1.379384
          1.043314
          1.232814
          0.828906
          1.044603
          0.830104
          2.324098
          2.257876
          2.169302
          2.241036
          2.060682
          2.168568
          2.069457
          1.922249
          0.585746
          0.310155
          0.000000
          1.912560
          1.041925
          1.232712
          1.730433
          1.600411
          1.536443
          1.422152
          0.826640
          1.044014
          0.826443
          2.163627
          2.255728
          2.237350
          2.048721
          2.163543
          2.043028
          0.581863
          0.307765
          0.000000
          2.400321
          2.327699
          2.327604
          2.401997
          2.438344
          2.447077
          1.738223
          1.605702
          1.545322
          1.425278
          1.236128
          1.379803
          1.045035
          1.236118
          0.830391
          1.048165
          2.325356
          2.259350
          2.170808
          2.240790
          2.062014
          2.170323
          2.398291
          1.922421
          2.062719
          0.830004
          0.585773
          0.310279
          -0.000000
          0.825598
          1.906474
          1.234369
          1.379718
          1.730343
          1.601382
          1.537463
          1.045342
          1.240180
          1.043829
          2.250904
          2.320642
          2.154581
          2.232858
          2.138597
          2.042176
          0.825211
          0.581623
          0.307728
          -0.000000
          2.441937
          2.436854
          2.404539
          2.397750
          2.453581
          2.470375
          2.475605
          1.739290
          1.607272
          1.547378
          1.427541
          1.238442
          1.382226
          1.045450
          1.236232
          1.045930
          2.327517
          2.259821
          2.168894
          2.239377
          2.168564
          2.401104
          1.922859
          2.063899
          0.830522
          0.585767
          0.310235
          -0.000000
          1.039670
          1.901570
          1.430655
          1.728189
          1.606790
          1.240084
          1.391652
          1.234440
          1.042142
          2.315318
          2.379832
          2.322714
          2.250502
          2.159681
          2.038229
          0.824564
          0.581399
          0.307674
          -0.000000
          2.446646
          2.469499
          2.450182
          2.430005
          2.484049
          2.492977
          1.740239
          1.609113
          1.551183
          1.426923
          1.235491
          1.379947
          1.047729
          1.236192
          2.326964
          2.257682
          2.172094
          2.239882
          2.400448
          2.441829
          1.922810
          2.066417
          2.170374
          1.049549
          0.831441
          0.586062
          0.310256
          0.000000
          1.228016
          1.887104
          1.567592
          1.732239
          1.445549
          1.381433
          1.038247
          1.228218
          2.381715
          2.318713
          2.006147
          2.242956
          2.138276
          1.039910
          0.823842
          0.581008
          0.307552
          0.000000
          2.478430
          2.473214
          2.441256
          2.496496
          2.497314
          1.740712
          1.607675
          1.541566
          1.426524
          1.243681
          1.383126
          1.240381
          2.325896
          2.258156
          2.240244
          2.402021
          2.448393
          1.922771
          2.064281
          2.175377
          1.051127
          0.832257
          0.586453
          0.310345
          0.000000
          1.399349
          1.846226
          1.661408
          1.570484
          1.227886
          1.365334
          1.235223
          1.963023
          2.387422
          2.312990
          2.098341
          2.216578
          2.047188
          1.040487
          0.824081
          0.580696
          0.307358
          0.000000
          2.474542
          2.475502
          2.431542
          2.487261
          2.478107
          2.464784
          1.739266
          1.606569
          1.546703
          1.428135
          1.249988
          1.384984
          2.328692
          2.258756
          2.403498
          2.442548
          1.922336
          2.065993
          2.171294
          2.241546
          1.239308
          1.050871
          0.832518
          0.586586
          0.310343
          0.000000
          1.521494
          1.783948
          1.666356
          1.422379
          1.231480
          1.378890
          1.934523
          2.366203
          2.276086
          2.158516
          2.047032
          1.231910
          1.040568
          0.824279
          0.580639
          0.307197
          0.000000
          2.450822
          2.453148
          2.411416
          2.449290
          2.439797
          2.442057
          2.429209
          1.739872
          1.608185
          1.547061
          1.430448
          1.384686
          2.328691
          2.406860
          1.922828
          2.064746
          2.175364
          2.259709
          1.243234
          1.049406
          0.832005
          0.586333
          0.310204
          0.000000
          1.625124
          1.793369
          1.550842
          1.423633
          1.377956
          2.369010
          1.916380
          2.307319
          2.229811
          2.141941
          2.030667
          1.231600
          1.040766
          0.824488
          0.580764
          0.307144
          0.000000
          2.402462
          2.402218
          2.397264
          2.383875
          2.399736
          2.392500
          1.740368
          1.609627
          1.551136
          1.429571
          2.329523
          2.240679
          1.923125
          2.066138
          2.171816
          1.383542
          1.236021
          1.048307
          0.831366
          0.586049
          0.310082
          0.000000
          1.742982
          1.605310
          1.542177
          1.422709
          2.324619
          1.898849
          2.223958
          2.107194
          2.001485
          1.377930
          1.234715
          1.041411
          0.824842
          0.581073
          0.307247
          -0.000000
          2.328492
          2.337566
          2.325996
          2.321992
          2.325445
          1.740622
          1.609707
          1.548703
          2.259730
          2.171366
          1.923152
          2.064455
          1.428876
          1.243810
          1.048332
          0.831309
          0.586088
          0.310136
          0.000000
          1.728865
          1.599849
          1.540157
          2.251006
          1.900763
          2.147886
          2.027827
          1.423166
          1.231825
          1.041143
          0.825243
          0.581442
          0.307504
          0.000000
          2.243496
          2.258926
          2.263054
          2.243958
          2.257384
          2.239259
          2.256683
          2.239077
          1.739970
          1.609153
          2.171464
          2.067861
          1.923303
          1.550070
          1.381360
          1.239170
          1.049379
          0.831768
          0.586416
          0.310356
          -0.000000
          1.728389
          1.600763
          2.165916
          1.903662
          2.046596
          1.543045
          1.379557
          1.233295
          1.041554
          0.825563
          0.581764
          0.307798
          0.000000
          2.171942
          2.171855
          2.170825
          2.170257
          2.169916
          2.170205
          2.171647
          1.739597
          2.064518
          1.922852
          1.607159
          1.428980
          1.246539
          1.050179
          0.832312
          0.586834
          0.310632
          0.000000
          1.731432
          2.057156
          1.913211
          1.602145
          1.423437
          1.233060
          1.041693
          0.825962
          0.582136
          0.308055
          0.000000
          2.065154
          2.060523
          2.062378
          2.065843
          2.061439
          2.065358
          1.738312
          1.922079
          1.540192
          1.383129
          1.239203
          1.050096
          0.832580
          0.587126
          0.310847
          0.000000
          1.733766
          1.919721
          1.537432
          1.380127
          1.233040
          1.042408
          0.826218
          0.582559
          0.308297
          -0.000000
          1.921531
          1.921820
          1.915769
          1.920591
          1.922048
          1.607060
          1.739384
          1.428458
          1.241186
          1.048958
          0.832431
          0.587198
          0.310952
          0.000000
          1.603726
          1.735815
          1.423546
          1.234355
          1.043069
          0.827212
          0.583148
          0.308588
          0.000000
          1.740685
          1.741163
          1.738291
          1.740165
          1.550279
          1.609716
          1.384185
          1.237516
          1.048846
          0.832283
          0.587227
          0.311013
          -0.000000
          1.537727
          1.608761
          1.380378
          1.236098
          1.047283
          0.828617
          0.584074
          0.308969
          0.000000
          1.550899
          1.610746
          1.552291
          1.609447
          1.545095
          1.610127
          1.546032
          1.429118
          1.244774
          1.050000
          0.832728
          0.587458
          0.311121
          0.000000
          1.425716
          1.234160
          1.043760
          0.829107
          0.584393
          0.309293
          0.000000
          1.384061
          1.430334
          1.382524
          1.379639
          1.428975
          1.428042
          1.383173
          1.241801
          1.052894
          0.833747
          0.587873
          0.311265
          0.000000
          1.235333
          1.046061
          0.829119
          0.584846
          0.309564
          0.000000
          1.240732
          1.237537
          1.235851
          1.237455
          1.238394
          1.237142
          1.050011
          0.833933
          0.588129
          0.311346
          -0.000000
          1.043688
          0.828919
          0.584850
          0.309839
          0.000000
          1.052859
          1.047987
          1.044730
          1.050354
          1.039714
          0.833778
          0.588052
          0.311312
          0.000000
          0.828284
          0.584582
          0.309543
          0.000000
          0.833069
          0.831797
          0.827722
          0.829347
          0.587708
          0.311183
          -0.000000
          0.584282
          0.309535
          -0.000000
          0.586994
          0.585768
          0.584581
          0.310919
          -0.000000
          0.309568
          -0.000000
          0.310456
          0.309908
          0.000000
          0.000000
          -0.000000
        </DataArray>
      </PointData>
      <CellData>
        <DataArray type="Int32" Name="element_id" format="ascii">
          0
          1
          2
          3
          4
          5
          6
          7
          8
          9
          10
          11
          12
          13
          14
          15
          16
          17
          18
          19
          20
          21
          22
          23
          24
          25
          26
          27
          28
          29
          30
          31
          32
          33
          34
          35
          36
          37
          38
          39
          40
          41
          42
          43
          44
          45
          46
          47
          48
          49
          50
          51
          52
          53
          54
          55
          56
          57
          58
          59
          60
          61
          62
          63
          64
          65
          66
          67
          68
          69
          70
          71
          72
          73
          74
          75
          76
          77
          78
          79
          80
          81
          82
          83
          84
          85
          86
          87
          88
          89
          90
          91
          92
          93
          94
          95
          96
          97
          98
          99
          100
          101
          102
          103
          104
          105
          106
          107
          108
          109
          110
          111
          112
          113
          114
          115
          116
          117
          118
          119
          120
          121
          122
          123
          124
          125
          126
          127
          128
          129
          130
          131
          132
          133
          134
          135
          136
          137
          138
          139
          140
          141
          142
          143
          144
          145
          146
          147
          148
          149
          150
          151
          152
          153
          154
          155
          156
          157
          158
          159
          160
          161
          162
          163
          164
          165
          166
          167
          168
          169
          170
          171
          172
          173
          174
          175
          176
          177
          178
          179
          180
          181
          182
          183
          184
          185
          186
          187
          188
          189
          190
          191
          192
          193
          194
          195
          196
          197
          198
          199
          200
          201
          202
          203
          204
          205
          206
          207
          208
          209
          210
          211
          212
          213
          214
          215
          216
          217
          218
          219
          220
          221
          222
          223
          224
          225
          226
          227
          228
          229
          230
          231
          232
          233
          234
          235
          236
          237
          238
          239
          240
          241
          242
          243
          244
          245
          246
          247
          248
          249
          250
          251
          252
          253
          254
          255
          256
          257
          258
          259
          260
          261
          262
          263
          264
          265
          266
          267
          268
          269
          270
          271
          272
          273
          274
          275
          276
          277
          278
          279
          280
          281
          282
          283
          284
          285
          286
          287
          288
          289
          290
          291
          292
          293
          294
          295
          296
          297
          298
          299
          300
          301
          302
          303
          304
          305
          306
          307
          308
          309
          310
          311
          312
          313
          314
          315
          316
          317
          318
          319
          320
          321
          322
          323
          324
          325
          326
          327
          328
          329
          330
          331
          332
          333
          334
          335
          336
          337
          338
          339
          340
          341
          342
          343
          344
          345
          346
          347
          348
          349
          350
          351
          352
          353
          354
          355
          356
          357
          358
          359
          360
          361
          362
          363
          364
          365
          366
          367
          368
          369
          370
          371
          372
          373
          374
          375
          376
          377
          378
          379
          380
          381
          382
          383
          384
          385
          386
          387
          388
          389
          390
          391
          392
          393
          394
          395
          396
          397
          398
          399
          400
          401
          402
          403
          404
          405
          406
          407
          408
          409
          410
          411
          412
          413
          414
          415
          416
          417
          418
          419
          420
          421
          422
          423
          424
          425
          426
          427
          428
          429
          430
          431
          432
          433
          434
          435
          436
          437
          438
          439
          440
          441
          442
          443
          444
          445
          446
          447
          448
          449
          450
          451
          452
          453
          454
          455
          456
          457
          458
          459
          460
          461
          462
          463
          464
          465
          466
          467
          468
          469
          470
          471
          472
          473
          474
          475
          476
          477
          478
          479
          480
          481
          482
          483
          484
          485
          486
          487
          488
          489
          490
          491
          492
          493
          494
          495
          496
          497
          498
          499
          500
          501
          502
          503
          504
          505
          506
          507
          508
          509
          510
          511
          512
          513
          514
          515
          516
          517
          518
          519
          520
          521
          522
          523
          524
          525
          526
          527
          528
          529
          530
          531
          532
          533
          534
          535
          536
          537
          538
          539
          540
          541
          542
          543
          544
          545
          546
          547
          548
          549
          550
          551
          552
          553
          554
          555
          556
          557
          558
          559
          560
          561
          562
          563
          564
          565
          566
          567
          568
          569
          570
          571
          572
          573
          574
          575
          576
          577
          578
          579
          580
          581
          582
          583
          584
          585
          586
          587
          588
          589
          590
          591
          592
          593
          594
          595
          596
          597
          598
          599
          600
          601
          602
          603
          604
          605
          606
          607
          608
          609
          610
          611
          612
          613
          614
          615
          616
          617
          618
          619
          620
          621
          622
          623
          624
          625
          626
          627
          628
          629
          630
          631
          632
          633
          634
          635
          636
          637
          638
          639
          640
          641
          642
          643
          644
          645
          646
          647
          648
          649
          650
          651
          652
          653
          654
          655
          656
          657
          658
          659
          660
          661
          662
          663
          664
          665
          666
          667
          668
          669
          670
          671
          672
          673
          674
          675
          676
          677
          678
          679
          680
          681
          682
          683
          684
          685
          686
          687
          688
          689
          690
          691
          692
          693
          694
          695
          696
          697
          698
          699
          700
          701
          702
          703
          704
          705
          706
          707
          708
          709
          710
          711
          712
          713
          714
          715
          716
          717
          718
          719
          720
          721
          722
          723
          724
          725
          726
          727
          728
          729
          730
          731
          732
          733
          734
          735
          736
          737
          738
          739
          740
          741
          742
          743
          744
          745
          746
          747
          748
          749
          750
          751
          752
          753
          754
          755
          756
          757
          758
          759
          760
          761
          762
          763
          764
          765
          766
          767
          768
          769
          770
          771
          772
          773
          774
          775
          776
          777
          778
          779
          780
          781
          782
          783
          784
          785
          786
          787
          788
          789
          790
          791
          792
          793
          794
          795
          796
          797
          798
          799
          800
          801
          802
          803
          804
          805
          806
          807
          808
          809
          810
          811
          812
          813
          814
          815
          816
          817
          818
          819
          820
          821
          822
          823
          824
          825
          826
          827
          828
          829
          830
          831
          832
          833
          834
          835
          836
          837
          838
          839
          840
          841
          842
          843
          844
          845
          846
          847
          848
          849
          850
          851
          852
          853
          854
          855
          856
          857
          858
          859
          860
          861
          862
          863
          864
          865
          866
          867
          868
          869
          870
          871
          872
          873
          874
          875
          876
          877
          878
          879
          880
          881
          882
          883
          884
          885
          886
          887
          888
          889
          890
          891
          892
          893
          894
          895
          896
          897
          898
          899
          900
          901
          902
          903
          904
          905
          906
          907
          908
          909
          910
          911
          912
          913
          914
          915
          916
          917
          918
          919
          920
          921
          922
          923
          924
          925
          926
          927
          928
          929
          930
          931
          932
          933
          934
          935
          936
          937
          938
          939
          940
          941
          942
          943
          944
          945
          946
          947
          948
          949
          950
          951
          952
          953
          954
          955
          956
          957
          958
          959
          960
          961
          962
          963
          964
          965
          966
          967
          968
          969
          970
          971
          972
          973
          974
          975
          976
          977
          978
          979
          980
          981
          982
          983
          984
          985
          986
          987
          988
          989
          990
          991
          992
          993
          994
          995
          996
          997
          998
          999
          1000
          1001
          1002
          1003
          1004
          1005
          1006
          1007
          1008
          1009
          1010
          1011
          1012
          1013
          1014
          1015
          1016
          1017
          1018
          1019
          1020
          1021
          1022
          1023
          1024
          1025
          1026
          1027
          1028
          1029
          1030
          1031
          1032
          1033
          1034
          1035
          1036
          1037
          1038
          1039
          1040
          1041
          1042
          1043
          1044
          1045
          1046
          1047
          1048
          1049
          1050
          1051
          1052
          1053
          1054
          1055
          1056
          1057
          1058
          1059
          1060
          1061
          1062
          1063
          1064
          1065
          1066
          1067
          1068
          1069
          1070
          1071
          1072
          1073
          1074
          1075
          1076
          1077
          1078
          1079
          1080
          1081
          1082
          1083
          1084
          1085
          1086
          1087
          1088
          1089
          1090
          1091
          1092
          1093
          1094
          1095
          1096
          1097
          1098
          1099
          1100
          1101
          1102
          1103
          1104
          1105
          1106
          1107
          1108
          1109
          1110
          1111
          1112
          1113
          1114
          1115
          1116
          1117
          1118
          1119
          1120
          1121
          1122
          1123
          1124
          1125
          1126
          1127
          1128
          1129
          1130
          1131
          1132
          1133
          1134
          1135
          1136
          1137
          1138
          1139
          1140
          1141
          1142
          1143
          1144
          1145
          1146
          1147
          1148
          1149
          1150
          1151
          1152
          1153
          1154
          1155
          1156
          1157
          1158
          1159
          1160
          1161
          1162
          1163
          1164
          1165
          1166
          1167
          1168
          1169
          1170
          1171
          1172
          1173
          1174
          1175
          1176
          1177
          1178
          1179
          1180
          1181
          1182
          1183
          1184
          1185
          1186
          1187
          1188
          1189
          1190
          1191
          1192
          1193
          1194
          1195
          1196
          1197
          1198
          1199
          1200
          1201
          1202
          1203
          1204
          1205
          1206
          1207
          1208
          1209
          1210
          1211
          1212
          1213
          1214
          1215
          1216
          1217
          1218
          1219
          1220
          1221
          1222
          1223
          1224
          1225
          1226
          1227
          1228
          1229
          1230
          1231
          1232
          1233
          1234
          1235
          1236
          1237
          1238
          1239
          1240
          1241
          1242
          1243
          1244
          1245
          1246
          1247
          1248
          1249
          1250
          1251
          1252
          1253
          1254
          1255
          1256
          1257
          1258
          1259
          1260
          1261
          1262
          1263
          1264
          1265
          1266
          1267
          1268
          1269
          1270
          1271
          1272
          1273
          1274
          1275
          1276
          1277
          1278
          1279
          1280
          1281
          1282
          1283
          1284
          1285
          1286
          1287
          1288
          1289
          1290
          1291
          1292
          1293
          1294
          1295
          1296
          1297
          1298
          1299
          1300
          1301
          1302
          1303
          1304
          1305
          1306
          1307
          1308
          1309
          1310
          1311
          1312
          1313
          1314
          1315
          1316
          1317
          1318
          1319
          1320
          1321
          1322
          1323
          1324
          1325
          1326
          1327
          1328
          1329
          1330
          1331
          1332
          1333
          1334
          1335
          1336
          1337
          1338
          1339
          1340
          1341
          1342
          1343
          1344
          1345
          1346
          1347
          1348
          1349
          1350
          1351
          1352
          1353
          1354
          1355
          1356
          1357
          1358
          1359
          1360
          1361
          1362
          1363
          1364
          1365
          1366
          1367
          1368
          1369
          1370
          1371
          1372
          1373
          1374
          1375
          1376
          1377
          1378
          1379
          1380
          1381
          1382
          1383
          1384
          1385
          1386
          1387
          1388
          1389
          1390
          1391
          1392
          1393
          1394
          1395
          1396
          1397
          1398
          1399
          1400
          1401
          1402
          1403
          1404
          1405
          1406
          1407
          1408
          1409
          1410
          1411
          1412
          1413
          1414
          1415
          1416
          1417
          1418
          1419
          1420
          1421
          1422
          1423
          1424
          1425
          1426
          1427
          1428
          1429
          1430
          1431
          1432
          1433
          1434
          1435
          1436
          1437
          1438
          1439
          1440
          1441
          1442
          1443
          1444
          1445
          1446
          1447
          1448
          1449
          1450
          1451
          1452
          1453
          1454
          1455
          1456
          1457
          1458
          1459
          1460
          1461
          1462
          1463
          1464
          1465
          1466
          1467
          1468
          1469
          1470
          1471
          1472
          1473
          1474
          1475
          1476
          1477
          1478
          1479
          1480
          1481
          1482
          1483
          1484
          1485
          1486
          1487
          1488
          1489
          1490
          1491
          1492
          1493
          1494
          1495
          1496
          1497
          1498
          1499
          1500
          1501
          1502
          1503
          1504
          1505
          1506
          1507
          1508
          1509
          1510
          1511
          1512
          1513
          1514
          1515
          1516
          1517
          1518
          1519
          1520
          1521
          1522
          1523
          1524
          1525
          1526
          1527
          1528
          1529
          1530
          1531
          1532
          1533
          1534
          1535
          1536
          1537
          1538
          1539
          1540
          1541
          1542
          1543
          1544
          1545
          1546
          1547
          1548
          1549
          1550
          1551
          1552
          1553
          1554
          1555
          1556
          1557
          1558
          1559
          1560
          1561
          1562
          1563
          1564
          1565
          1566
          1567
          1568
          1569
          1570
          1571
          1572
          1573
          1574
          1575
          1576
          1577
          1578
          1579
          1580
          1581
          1582
          1583
          1584
          1585
          1586
          1587
          1588
          1589
          1590
          1591
          1592
          1593
          1594
          1595
          1596
          1597
          1598
          1599
          1600
          1601
          1602
          1603
          1604
          1605
          1606
          1607
          1608
          1609
          1610
          1611
          1612
          1613
          1614
          1615
          1616
          1617
          1618
          1619
          1620
          1621
          1622
          1623
          1624
          1625
          1626
          1627
          1628
          1629
          1630
          1631
          1632
          1633
          1634
          1635
          1636
          1637
          1638
          1639
          1640
          1641
          1642
          1643
          1644
          1645
          1646
          1647
          1648
          1649
          1650
          1651
          1652
          1653
          1654
          1655
          1656
          1657
          1658
          1659
          1660
          1661
          1662
          1663
          1664
          1665
          1666
          1667
          1668
          1669
          1670
          1671
          1672
          1673
          1674
          1675
          1676
          1677
          1678
          1679
          1680
          1681
          1682
          1683
          1684
          1685
          1686
          1687
          1688
          1689
          1690
          1691
          1692
          1693
          1694
          1695
          1696
          1697
          1698
          1699
          1700
          1701
          1702
          1703
          1704
          1705
          1706
          1707
          1708
          1709
          1710
          1711
          1712
          1713
          1714
          1715
          1716
          1717
          1718
          1719
          1720
          1721
          1722
          1723
          1724
          1725
          1726
          1727
          1728
          1729
          1730
          1731
          1732
          1733
          1734
          1735
          1736
          1737
          1738
          1739
          1740
          1741
          1742
          1743
          1744
          1745
          1746
          1747
          1748
          1749
          1750
          1751
          1752
          1753
          1754
          1755
          1756
          1757
          1758
          1759
          1760
          1761
          1762
          1763
          1764
          1765
          1766
          1767
          1768
          1769
          1770
          1771
          1772
          1773
          1774
          1775
          1776
          1777
          1778
          1779
          1780
          1781
          1782
          1783
          1784
          1785
          1786
          1787
          1788
          1789
          1790
          1791
          1792
          1793
          1794
          1795
          1796
          1797
          1798
          1799
          1800
          1801
          1802
          1803
          1804
          1805
          1806
          1807
          1808
          1809
          1810
          1811
          1812
          1813
          1814
          1815
          1816
          1817
          1818
          1819
          1820
          1821
          1822
          1823
          1824
          1825
          1826
          1827
          1828
          1829
          1830
          1831
          1832
          1833
          1834
          1835
          1836
          1837
          1838
          1839
          1840
          1841
          1842
          1843
          1844
          1845
          1846
          1847
          1848
          1849
          1850
          1851
          1852
          1853
          1854
          1855
          1856
          1857
          1858
          1859
          1860
          1861
          1862
          1863
          1864
          1865
          1866
          1867
          1868
          1869
          1870
          1871
          1872
          1873
          1874
          1875
          1876
          1877
          1878
          1879
          1880
          1881
          1882
          1883
          1884
          1885
          1886
          1887
          1888
          1889
          1890
          1891
          1892
          1893
          1894
          1895
          1896
          1897
          1898
          1899
          1900
          1901
          1902
          1903
          1904
          1905
          1906
          1907
          1908
          1909
        </DataArray>
      </CellData>
    </Piece>
  </UnstructuredGrid>
</VTKFile>
